ra;fase;turma;nome_anonimizado;idade_aprox;genero;ano_ingresso;instituicao_de_ensino;pedra;inde;iaa;ieg;ips;ida;mat;por;ing;ipv;ian;fase_ideal;defasagem;ano_coleta;ipp;ativo_inativo
RA-1;7;A;Aluno-1;19;Feminino;2016;Pública;Quartzo;5,78;8,3;4,1;5,6;4;2,7;3,5;6;7,28;5;8;-1;2022;;Ativo
RA-2;7;A;Aluno-2;17;Feminino;2017;Privada;Ametista;7,06;8,8;5,2;6,3;6,8;6,3;4,5;9,7;6,78;10;7;0;2022;;Ativo
RA-3;7;A;Aluno-3;17;Feminino;2016;Privada;Ágata;6,59;0;7,9;5,6;5,6;5,8;4;6,9;7,56;10;7;0;2022;;Ativo
RA-4;7;A;Aluno-4;17;Masculino;2017;Privada;Quartzo;5,95;8,8;4,5;5,6;5;2,8;3,5;8,7;5,28;10;7;0;2022;;Ativo
RA-5;7;A;Aluno-5;17;Feminino;2016;Privada;Ametista;7,43;7,9;8,6;5,6;5,2;7;2,9;5,7;7,39;10;7;0;2022;;Ativo
RA-6;7;A;Aluno-6;18;Feminino;2021;Pública;Quartzo;5,85;7,9;4,5;7,5;3,3;2,3;5,3;2,3;7,22;5;8;-1;2022;;Ativo
RA-7;7;A;Aluno-7;18;Masculino;2017;Privada;Ágata;6,82;0;8,4;7,5;7,6;8,2;5,7;9;7,67;5;8;-1;2022;;Ativo
RA-8;7;A;Aluno-8;20;Feminino;2018;Pública;Quartzo;4,79;7,1;4,6;6,3;1,6;1,2;0,7;2,9;6,28;5;8;-1;2022;;Ativo
RA-9;7;A;Aluno-9;18;Feminino;2019;Pública;Topázio;8,11;8,8;9,5;7,5;6,7;5,5;6;8,7;9,5;5;8;-1;2022;;Ativo
RA-10;7;A;Aluno-10;18;Feminino;2021;Pública;Quartzo;5,78;8,3;5,2;5;4,1;3,3;2,6;6,4;7,06;5;8;-1;2022;;Ativo
RA-11;7;A;Aluno-11;18;Feminino;2016;Pública;Quartzo;5,32;9,2;4,2;5;3;1,8;2,5;4,5;6,39;5;8;-1;2022;;Ativo
RA-12;7;A;Aluno-12;17;Feminino;2020;Pública;Quartzo;4,83;0;4;6,9;1,5;2,7;1,1;0,7;6,39;10;7;0;2022;;Ativo
RA-13;7;A;Aluno-13;18;Masculino;2016;Pública;Ágata;6,9;7,9;7,4;7,5;4,7;3,5;5,5;5,2;8,06;5;8;-1;2022;;Ativo
RA-14;7;D;Aluno-14;21;Masculino;2022;Pública;Ágata;6,79;7,9;8,3;7,5;4;8;0;;7,75;5;8;-1;2022;;Ativo
RA-15;7;D;Aluno-15;18;Masculino;2022;Pública;Ametista;7,78;8,8;10;7,5;7,3;8;6,5;;7,29;5;8;-1;2022;;Ativo
RA-16;7;D;Aluno-16;19;Masculino;2022;Pública;Ágata;6,11;7,9;8,3;5;3,5;7;0;;6,33;5;8;-1;2022;;Ativo
RA-17;7;D;Aluno-17;20;Masculino;2022;Pública;Topázio;8,07;8,8;10;7,5;7,8;9;6,5;;8,29;5;8;-1;2022;;Ativo
RA-18;7;D;Aluno-18;19;Masculino;2022;Pública;Ametista;7,23;6,3;8,7;6,3;9;9;9;;6,88;5;8;-1;2022;;Ativo
RA-19;7;D;Aluno-19;19;Feminino;2022;Pública;Ametista;7,66;7,9;9,5;7,5;8;7;9;;7;5;8;-1;2022;;Ativo
RA-20;7;D;Aluno-20;19;Feminino;2022;Pública;Ametista;7,54;7,1;10;6,3;7,8;9;6,5;;7,17;5;8;-1;2022;;Ativo
RA-21;7;D;Aluno-21;18;Masculino;2022;Pública;Ágata;6,94;9,6;9,2;7,5;3,8;7;0,5;;7,25;5;8;-1;2022;;Ativo
RA-22;6;A;Aluno-22;17;Feminino;2019;Privada;Ametista;7,47;8,3;7,4;8,1;6,7;9;3,1;7,8;8,83;5;7;-1;2022;;Ativo
RA-23;6;A;Aluno-23;17;Masculino;2021;Pública;Ametista;7,68;8,3;8,2;8,1;6,7;7,2;4,7;8,2;8,56;5;7;-1;2022;;Ativo
RA-24;6;A;Aluno-24;17;Feminino;2021;Privada;Topázio;8,09;9,2;7,9;6,9;8,6;10;6,3;9,7;9,11;5;7;-1;2022;;Ativo
RA-25;6;A;Aluno-25;17;Feminino;2021;Pública;Ametista;7,98;8,3;8,3;8,8;6,9;9,2;3,8;7,7;9,67;5;7;-1;2022;;Ativo
RA-26;6;A;Aluno-26;17;Masculino;2022;Pública;Topázio;8,68;9,6;8,8;10;8;9,5;4,4;10;10;5;7;-1;2022;;Ativo
RA-27;6;A;Aluno-27;17;Masculino;2016;Privada;Ametista;7,12;0;7,6;8,1;8;7,7;6,3;10;9,11;5;7;-1;2022;;Ativo
RA-28;6;A;Aluno-28;17;Feminino;2019;Pública;Ágata;6,24;7,9;6,1;7,5;5;8,2;1,5;5,3;6,33;5;7;-1;2022;;Ativo
RA-29;6;A;Aluno-29;17;Masculino;2022;Pública;Quartzo;4,99;0;4;8,8;3,7;6,3;1,1;3,8;7,61;5;7;-1;2022;;Ativo
RA-30;6;A;Aluno-30;16;Feminino;2021;Pública;Ametista;7,6;8,8;6,4;7,5;7,5;8,5;4,4;9,7;7,33;10;6;0;2022;;Ativo
RA-31;6;A;Aluno-31;17;Feminino;2019;Privada;Topázio;8,84;10;9,5;9,4;8;9;5,7;9,3;10;5;7;-1;2022;;Ativo
RA-32;6;A;Aluno-32;16;Feminino;2018;Privada;Ametista;7,37;8,8;5,2;8,8;6,1;5,7;3,6;8,9;7,94;10;6;0;2022;;Ativo
RA-33;6;A;Aluno-33;17;Feminino;2020;Pública;Quartzo;4,95;0;4,6;7,5;4,8;9;1,6;3,7;6;5;7;-1;2022;;Ativo
RA-34;6;A;Aluno-34;17;Masculino;2016;Privada;Ágata;6,26;9,6;4,8;8,1;3,8;4,7;4;2,8;7,28;5;7;-1;2022;;Ativo
RA-35;6;A;Aluno-35;17;Feminino;2019;Privada;Topázio;8,96;10;9,6;9,4;8,5;9;7,1;9,3;10;5;7;-1;2022;;Ativo
RA-36;6;A;Aluno-36;17;Feminino;2019;Privada;Ametista;7,88;9,2;9;6,9;6,8;8,5;4,3;7,8;8,94;5;7;-1;2022;;Ativo
RA-37;6;A;Aluno-37;17;Feminino;2019;Privada;Quartzo;4,95;0;5,4;5;5,9;2,3;5,3;10;5,22;5;7;-1;2022;;Ativo
RA-38;6;A;Aluno-38;17;Feminino;2017;Privada;Topázio;8,52;9,2;8,9;7,5;8,6;9;7;9,7;9,83;5;7;-1;2022;;Ativo
RA-39;6;A;Aluno-39;16;Feminino;2017;Privada;Ágata;6,03;0;4,8;6,9;6,9;7,7;5,1;7,8;6,11;10;6;0;2022;;Ativo
RA-40;5;A;Aluno-40;16;Feminino;2016;Privada;Ametista;7,2;7,9;7,8;7,5;6,8;4,7;7,3;8,4;7,75;5;6;-1;2022;;Ativo
RA-41;5;A;Aluno-41;17;Masculino;2018;Pública;Quartzo;5,58;9,2;6,1;5;5,6;6,3;2,5;8;4,38;5;7;-2;2022;;Ativo
RA-42;5;A;Aluno-42;15;Masculino;2019;Privada;Ágata;6,72;8,3;7,9;5,6;4,8;3,7;4,5;6,2;6,08;10;5;0;2022;;Ativo
RA-43;5;A;Aluno-43;16;Feminino;2019;Pública;Quartzo;5,49;6,3;6,5;5,6;4,3;4;5,8;3,2;5,96;5;6;-1;2022;;Ativo
RA-44;5;A;Aluno-44;17;Feminino;2021;Pública;Quartzo;5,54;5;5,9;7,5;3;2,3;3,5;3,2;7,29;5;7;-2;2022;;Ativo
RA-45;5;A;Aluno-45;15;Feminino;2019;Privada;Ametista;7,59;7,9;8,9;5,6;6,8;6,3;5,2;8,8;7,42;10;5;0;2022;;Ativo
RA-46;5;A;Aluno-46;17;Feminino;2022;Pública;Ágata;6,05;8,8;8,4;6,3;2,1;2,8;2,8;0,7;7,08;5;7;-2;2022;;Ativo
RA-47;5;A;Aluno-47;17;Feminino;2022;Pública;Quartzo;5,68;7,9;6,3;7,5;2,1;2,5;2,2;1,5;7,04;5;7;-2;2022;;Ativo
RA-48;5;A;Aluno-48;15;Feminino;2017;Privada;Ametista;8,01;6,7;8,4;7,5;8,1;6,7;8;9,5;8,5;10;5;0;2022;;Ativo
RA-49;5;A;Aluno-49;17;Feminino;2022;Pública;Ágata;6,3;7,5;7,4;7,5;3,9;1,5;4,2;6,2;7,04;5;7;-2;2022;;Ativo
RA-50;5;A;Aluno-50;18;Feminino;2022;Pública;Ametista;7,14;7,5;8,4;7,5;7,8;6,5;7,3;9,7;7,54;2,5;8;-3;2022;;Ativo
RA-51;5;B;Aluno-51;17;Feminino;2022;Pública;Ágata;6,49;8,8;7,6;7,5;5;4,5;4,5;6;6,5;5;7;-2;2022;;Ativo
RA-52;5;B;Aluno-52;13;Masculino;2018;Privada;Ametista;7,86;9,6;8,9;7,5;6,2;3,3;6,3;8,8;7,5;10;3;2;2022;;Ativo
RA-53;5;B;Aluno-53;17;Masculino;2022;Pública;Ágata;6,72;9,2;7;7,5;7;6;8;;6,46;5;7;-2;2022;;Ativo
RA-54;5;B;Aluno-54;16;Feminino;2022;Pública;Ágata;6,06;7,9;6,9;7,5;4,8;3;6,5;;6,12;5;6;-1;2022;;Ativo
RA-55;5;B;Aluno-55;16;Feminino;2017;Pública;Ágata;6,58;7,1;7,6;5,6;7,5;6,7;7,8;7,9;6,5;5;6;-1;2022;;Ativo
RA-56;5;B;Aluno-56;15;Feminino;2019;Privada;Topázio;8,4;10;10;7,5;7;4,5;6,5;10;8,25;10;5;0;2022;;Ativo
RA-57;5;B;Aluno-57;16;Masculino;2017;Privada;Ametista;7,3;7,1;8,1;5,6;8,4;9;7;9,3;7,88;5;6;-1;2022;;Ativo
RA-58;5;B;Aluno-58;15;Masculino;2017;Privada;Topázio;8,14;9,6;9,2;6,3;7,2;4,5;8;9;8,12;10;5;0;2022;;Ativo
RA-59;5;B;Aluno-59;17;Masculino;2022;Pública;Ametista;7,64;9,2;9,3;7,5;7,2;7;5,7;8,8;7,92;5;7;-2;2022;;Ativo
RA-60;5;B;Aluno-60;18;Feminino;2021;Pública;Quartzo;5,54;6,7;6;7,5;4,9;5;6,2;3,5;6,17;2,5;8;-3;2022;;Ativo
RA-61;5;B;Aluno-61;15;Masculino;2021;Pública;Ametista;7,53;9,2;7,4;7,5;5,8;1,7;6,3;9,3;7,88;10;5;0;2022;;Ativo
RA-62;5;B;Aluno-62;17;Masculino;2022;Pública;Ametista;7,89;8,8;9,4;7,5;9,3;8,5;10;;7,25;5;7;-2;2022;;Ativo
RA-63;5;B;Aluno-63;16;Masculino;2018;Privada;Topázio;8,28;8,3;9,1;8,8;8,7;8,2;8,2;9,7;9,42;5;6;-1;2022;;Ativo
RA-64;5;B;Aluno-64;16;Masculino;2019;Pública;Ametista;7,37;7,1;8,1;8,1;7,5;4,8;8,2;9,4;8,25;5;6;-1;2022;;Ativo
RA-65;5;B;Aluno-65;17;Feminino;2022;Pública;Ametista;7,71;8,3;7,7;7,5;9,3;9;9,5;9,5;7,88;5;7;-2;2022;;Ativo
RA-66;5;B;Aluno-66;17;Feminino;2022;Pública;Quartzo;5,66;7,5;5,6;7,5;4,5;3;6;;5,92;5;7;-2;2022;;Ativo
RA-67;5;C;Aluno-67;16;Feminino;2019;Pública;Quartzo;5,2;5,8;3;7,5;3,6;3;4,2;3,5;6,89;5;6;-1;2022;;Ativo
RA-68;5;C;Aluno-68;16;Masculino;2019;Pública;Ágata;6,44;8,3;6;7,5;4;4,7;4,8;2,7;7,94;5;6;-1;2022;;Ativo
RA-69;5;C;Aluno-69;16;Masculino;2018;Pública;Quartzo;5,72;8,3;6,1;7,5;2,5;4,7;2,6;0,3;6,17;5;6;-1;2022;;Ativo
RA-70;5;C;Aluno-70;16;Feminino;2017;Pública;Quartzo;5,71;8,8;6,6;5;2,9;5,7;2,9;0,2;6,11;5;6;-1;2022;;Ativo
RA-71;5;C;Aluno-71;17;Feminino;2019;Pública;Quartzo;4,33;7,9;2;7,5;1,2;1,3;2,2;;5,83;5;7;-2;2022;;Ativo
RA-72;5;C;Aluno-72;17;Feminino;2022;Pública;Ametista;7,64;8,3;7,5;7,5;7,8;7,5;7,8;8;8,67;5;7;-2;2022;;Ativo
RA-73;5;C;Aluno-73;17;Feminino;2022;Pública;Quartzo;5,27;7,1;3;7,5;3,3;4,5;3;2,3;7,28;5;7;-2;2022;;Ativo
RA-74;5;C;Aluno-74;16;Masculino;2022;Pública;Quartzo;4,99;9,6;3,3;7,5;2;6;0;;5,83;5;6;-1;2022;;Ativo
RA-75;5;F;Aluno-75;16;Feminino;2022;Pública;Quartzo;3,92;5,4;3,8;6,3;0;0;0;;4,62;5;6;-1;2022;;Ativo
RA-76;5;F;Aluno-76;15;Feminino;2017;Privada;Topázio;9,1;10;9,1;8,1;8,7;9,3;8,3;8,4;9,29;10;5;0;2022;;Ativo
RA-77;5;F;Aluno-77;16;Masculino;2019;Pública;Quartzo;3,85;7,1;2,7;5;0,7;0,3;1,8;;4,62;5;6;-1;2022;;Ativo
RA-78;5;F;Aluno-78;17;Masculino;2018;Privada;Ametista;7,04;8,3;6,6;5,6;7,2;8,7;5,7;7,3;8;5;7;-2;2022;;Ativo
RA-79;5;F;Aluno-79;16;Feminino;2018;Privada;Ágata;6,85;5,4;6,3;5,6;8,9;9,5;7,7;9,5;7,29;5;6;-1;2022;;Ativo
RA-80;5;K;Aluno-80;16;Feminino;2017;Privada;Ametista;7,29;9,2;8,3;5;7,1;6,5;7,7;7,3;7,62;5;6;-1;2022;;Ativo
RA-81;5;K;Aluno-81;14;Feminino;2017;Privada;Ametista;7,68;9,2;9,2;5;6;5,5;5,2;7,3;7,46;10;4;1;2022;;Ativo
RA-82;5;K;Aluno-82;17;Feminino;2022;Pública;Ágata;6,6;8,8;6,8;7,5;5,5;6;5;;6,42;5;7;-2;2022;;Ativo
RA-83;5;K;Aluno-83;17;Feminino;2022;Pública;Ágata;6,67;7,9;6,8;7,5;6,8;6;7,5;;5,96;5;7;-2;2022;;Ativo
RA-84;5;K;Aluno-84;17;Feminino;2018;Privada;Ágata;6,68;7,1;8,8;5;5,8;5,7;6,5;5,2;6,75;5;7;-2;2022;;Ativo
RA-85;5;K;Aluno-85;15;Masculino;2022;Pública;Ágata;6,24;6,7;7,3;5;4,3;5;3,5;;5,83;10;5;0;2022;;Ativo
RA-86;5;K;Aluno-86;16;Masculino;2016;Privada;Ametista;7,57;7,5;9,6;5,6;6,7;6,2;7,2;6,9;8,46;5;6;-1;2022;;Ativo
RA-87;5;K;Aluno-87;15;Masculino;2021;Privada;Topázio;8,71;8,3;9,6;7,5;8,8;8,3;8;10;8,5;10;5;0;2022;;Ativo
RA-88;5;K;Aluno-88;17;Masculino;2021;Pública;Ametista;7,5;7,1;9,2;5,6;6,5;6,8;6,2;6,4;9,21;5;7;-2;2022;;Ativo
RA-89;5;K;Aluno-89;16;Masculino;2021;Pública;Ametista;7,32;9,6;7,8;7,5;5,9;7,5;5,7;4,7;8;5;6;-1;2022;;Ativo
RA-90;5;L;Aluno-90;13;Feminino;2019;Privada;Topázio;9,44;10;9,7;9,4;8,5;7,7;8;9,8;9,75;10;3;2;2022;;Ativo
RA-91;5;L;Aluno-91;16;Feminino;2016;Privada;Ágata;6,64;9,2;5,7;5,6;6,6;5,5;5,7;8,5;7,12;5;6;-1;2022;;Ativo
RA-92;5;L;Aluno-92;16;Feminino;2016;Privada;Ágata;6,96;9,2;7,1;5;7,4;7,8;5,5;8,8;6,67;5;6;-1;2022;;Ativo
RA-93;5;L;Aluno-93;15;Feminino;2016;Privada;Topázio;8,94;8,3;9,7;8,1;8,5;8,8;8,3;8,4;9,08;10;5;0;2022;;Ativo
RA-94;5;L;Aluno-94;15;Feminino;2018;Privada;Topázio;8,92;8,3;9,6;8,1;7,7;7;6,7;9,5;9,58;10;5;0;2022;;Ativo
RA-95;5;L;Aluno-95;17;Feminino;2022;Pública;Ágata;6,31;8,3;6,6;7,5;4,8;6;8;0,5;6,29;5;7;-2;2022;;Ativo
RA-96;5;L;Aluno-96;16;Masculino;2021;Pública;Ametista;7,54;9,2;7,8;6,9;6,7;5,7;6,5;8;8,5;5;6;-1;2022;;Ativo
RA-97;5;L;Aluno-97;15;Feminino;2017;Privada;Ametista;7,47;7,5;8,8;5;6,9;5,3;6,7;8,8;6,29;10;5;0;2022;;Ativo
RA-98;5;L;Aluno-98;15;Feminino;2017;Privada;Topázio;9,35;8,8;10;9,4;8,5;8,4;8,2;8,9;9,67;10;5;0;2022;;Ativo
RA-99;5;L;Aluno-99;16;Masculino;2019;Pública;Ágata;6,16;8,8;6,3;7,5;5;5,7;3,4;5,8;5,83;5;6;-1;2022;;Ativo
RA-100;4;A;Aluno-100;13;Feminino;2019;Privada;Ametista;7,62;8,8;7,8;5;7,6;7;7,8;8,1;7,25;10;3;1;2022;;Ativo
RA-101;4;A;Aluno-101;15;Feminino;2021;Pública;Ametista;7,3;7,9;8,3;7,5;7,6;7,2;6,5;9,2;6,83;5;5;-1;2022;;Ativo
RA-102;4;A;Aluno-102;14;Masculino;2019;Pública;Ágata;6,92;6,7;7,7;6,9;5,7;4,7;6,8;5,5;6;10;4;0;2022;;Ativo
RA-103;4;A;Aluno-103;13;Feminino;2020;Privada;Topázio;8,11;7,9;8,7;7,5;7,3;7,3;7,3;7,3;7,71;10;3;1;2022;;Ativo
RA-104;4;A;Aluno-104;18;Masculino;2022;Pública;Ágata;6,32;7,9;8,7;7,5;3,7;4,8;5,8;0,3;6,71;2,5;8;-4;2022;;Ativo
RA-105;4;A;Aluno-105;17;Masculino;2016;Privada;Ágata;6,85;7,9;8,2;5,6;6,7;7,2;6,2;6,8;7,42;2,5;7;-3;2022;;Ativo
RA-106;4;A;Aluno-106;15;Feminino;2016;Privada;Ametista;7,97;9,2;8;9,4;7,4;7,8;7,2;7,2;8,38;5;5;-1;2022;;Ativo
RA-107;4;A;Aluno-107;15;Feminino;2018;Pública;Ágata;6,26;7,5;6,4;7,5;4,6;3,3;4,3;6;6,5;5;5;-1;2022;;Ativo
RA-108;4;A;Aluno-108;17;Feminino;2019;Pública;Quartzo;5,55;4,6;7,7;5;5;3;5,8;6,2;6,12;2,5;7;-3;2022;;Ativo
RA-109;4;A;Aluno-109;16;Masculino;2021;Privada;Topázio;8,51;8,8;10;8,8;8,4;7,8;7,5;9,9;8,67;5;6;-2;2022;;Ativo
RA-110;4;A;Aluno-110;14;Masculino;2017;Privada;Topázio;8,15;9,2;9,7;5,6;6,7;8,3;5,7;6;8;10;4;0;2022;;Ativo
RA-111;4;A;Aluno-111;13;Feminino;2020;Privada;Topázio;8,65;7,5;9,4;8,1;8;6,7;7,5;9,7;8,67;10;3;1;2022;;Ativo
RA-112;4;A;Aluno-112;15;Feminino;2016;Privada;Ametista;7,84;7,9;7,8;6,3;8,5;9;7,5;9,1;8,83;5;5;-1;2022;;Ativo
RA-113;4;A;Aluno-113;15;Feminino;2017;Privada;Quartzo;3,03;0;0;5;3,7;3,3;5,5;2,3;3,79;5;5;-1;2022;;Ativo
RA-114;4;A;Aluno-114;16;Masculino;2022;Pública;Quartzo;5,89;7,9;6,3;7,5;5,3;6;4,5;;5;5;6;-2;2022;;Ativo
RA-115;4;A;Aluno-115;16;Feminino;2019;Pública;Quartzo;5,89;8,3;6,8;6,3;3,8;3;5,7;2,7;5,58;5;6;-2;2022;;Ativo
RA-116;4;B;Aluno-116;16;Feminino;2019;Pública;Ágata;6,85;5,8;8,1;6,3;5,9;5;7,2;5,5;7,79;5;6;-2;2022;;Ativo
RA-117;4;B;Aluno-117;15;Feminino;2022;Pública;Ágata;6,68;7,9;6,3;6,9;6,1;4,7;6,7;7;7,42;5;5;-1;2022;;Ativo
RA-118;4;B;Aluno-118;14;Feminino;2021;Pública;Quartzo;5,6;0;5,3;6,3;3,9;3,7;4,7;3,5;6,96;10;4;0;2022;;Ativo
RA-119;4;B;Aluno-119;14;Feminino;2016;Privada;Ametista;7,5;8,3;8,2;5,6;5,4;5,7;7;3,4;7,88;10;4;0;2022;;Ativo
RA-120;4;B;Aluno-120;15;Masculino;2019;Pública;Ágata;6,82;8,3;5,9;7,5;6,2;3,7;5,2;9,7;7,67;5;5;-1;2022;;Ativo
RA-121;4;B;Aluno-121;16;Feminino;2021;Pública;Ametista;7,24;7,1;8,4;6,3;7,2;5,7;6,8;9;7,62;5;6;-2;2022;;Ativo
RA-122;4;B;Aluno-122;14;Feminino;2019;Pública;Quartzo;5,06;7,9;3,4;7,5;1,8;1,7;3,7;;4,96;10;4;0;2022;;Ativo
RA-123;4;B;Aluno-123;16;Masculino;2017;Privada;Ametista;7,08;7,9;8,6;5,6;6,5;7,3;6,3;5,9;7,29;5;6;-2;2022;;Ativo
RA-124;4;B;Aluno-124;14;Masculino;2016;Privada;Ametista;7,39;7,9;7,8;5;6,7;5,7;7;7,5;7,17;10;4;0;2022;;Ativo
RA-125;4;B;Aluno-125;15;Feminino;2022;Pública;Ametista;7,62;8,8;8,5;7,5;7,1;5;7,2;9,2;7,75;5;5;-1;2022;;Ativo
RA-126;4;B;Aluno-126;15;Masculino;2018;Pública;Ágata;6,29;7,1;5,8;7,5;4,4;4;5;4,2;7,42;5;5;-1;2022;;Ativo
RA-127;4;B;Aluno-127;14;Feminino;2022;Pública;Topázio;8,28;7,5;8,7;7,5;7,9;7,7;7,7;8,3;8,12;10;4;0;2022;;Ativo
RA-128;4;B;Aluno-128;15;Masculino;2019;Pública;Quartzo;5,56;0;6,2;7,5;5,6;6,7;6,8;3,2;6,17;5;5;-1;2022;;Ativo
RA-129;4;B;Aluno-129;15;Masculino;2019;Pública;Ágata;6,93;6,7;6,4;7,5;6,7;6;5,3;8,7;7,79;5;5;-1;2022;;Ativo
RA-130;4;F;Aluno-130;16;Feminino;2018;Pública;Quartzo;5,62;8,3;4,7;5;4,1;3,7;5,2;3,5;6,5;5;6;-2;2022;;Ativo
RA-131;4;F;Aluno-131;15;Feminino;2016;Pública;Ametista;7,17;8,8;9;5,6;5,6;6;6,5;4,2;7,75;5;5;-1;2022;;Ativo
RA-132;4;F;Aluno-132;14;Feminino;2019;Privada;Topázio;8,36;10;8,8;5,6;7,7;6,5;7,5;9,1;8,46;10;4;0;2022;;Ativo
RA-133;4;F;Aluno-133;15;Feminino;2016;Pública;Ágata;6,88;7,9;7,1;7,5;5,6;4,7;7,2;5;7,62;5;5;-1;2022;;Ativo
RA-134;4;F;Aluno-134;15;Feminino;2021;Pública;Ágata;6,61;8,8;6,8;7,5;4,7;4,7;6,8;2,5;7,38;5;5;-1;2022;;Ativo
RA-135;4;F;Aluno-135;15;Feminino;2019;Pública;Ametista;7,69;8,3;7,8;5,6;8,6;8;8,2;9,5;8,58;5;5;-1;2022;;Ativo
RA-136;4;F;Aluno-136;15;Masculino;2019;Pública;Ágata;6,48;10;6,3;7,5;4,6;5,3;5,7;2,8;6,67;5;5;-1;2022;;Ativo
RA-137;4;F;Aluno-137;17;Feminino;2016;Privada;Ametista;7,06;7,5;8,9;5;7,3;6;7,3;8,5;7,79;2,5;7;-3;2022;;Ativo
RA-138;4;F;Aluno-138;15;Masculino;2016;Pública;Ágata;6,74;9,6;8;5,6;5,6;5;6,5;5,2;6,38;5;5;-1;2022;;Ativo
RA-139;4;F;Aluno-139;17;Masculino;2019;Pública;Quartzo;3,74;7,1;3,5;5;1,4;1,7;2,7;;3,92;2,5;7;-3;2022;;Ativo
RA-140;4;F;Aluno-140;14;Feminino;2021;Pública;Ametista;7,41;7,9;7,6;6,9;5,7;5;6,5;5,6;7,67;10;4;0;2022;;Ativo
RA-141;4;F;Aluno-141;14;Masculino;2017;Pública;Ametista;7,12;9,2;8,2;5,6;5,7;5,8;6,2;5;5,92;10;4;0;2022;;Ativo
RA-142;4;F;Aluno-142;14;Feminino;2021;Pública;Ametista;7,46;6,7;8,6;5,6;6,3;6;6,8;6;7,58;10;4;0;2022;;Ativo
RA-143;4;F;Aluno-143;13;Masculino;2019;Privada;Topázio;8,64;8,3;9,9;5,6;7,9;9,7;7,7;6,4;9,5;10;3;1;2022;;Ativo
RA-144;4;F;Aluno-144;14;Feminino;2017;Privada;Topázio;8,18;7,5;9,3;5;7,9;7,5;7,2;9;8,29;10;4;0;2022;;Ativo
RA-145;4;H;Aluno-145;16;Masculino;2017;Pública;Quartzo;5,85;0;6,3;8,1;5,2;3;4,8;7,8;7,25;5;6;-2;2022;;Ativo
RA-146;4;H;Aluno-146;15;Feminino;2022;Pública;Ametista;7,95;8,3;9,2;7,5;7,9;6,3;7,3;10;8,21;5;5;-1;2022;;Ativo
RA-147;4;H;Aluno-147;14;Feminino;2022;Pública;Ametista;7,54;8,3;7,7;7,5;6,1;5,8;4,8;7,7;7,25;10;4;0;2022;;Ativo
RA-148;4;H;Aluno-148;14;Masculino;2022;Pública;Ametista;7,89;9,2;7,9;10;5,3;4,7;6,3;5;7,71;10;4;0;2022;;Ativo
RA-149;4;H;Aluno-149;15;Feminino;2022;Pública;Ágata;6,32;9,2;6,5;7,5;5;4;6;;6,12;5;5;-1;2022;;Ativo
RA-150;4;H;Aluno-150;16;Feminino;2020;Pública;Ágata;6,96;9,6;6,3;6,9;6,9;5,3;6,7;8,6;7,33;5;6;-2;2022;;Ativo
RA-151;4;H;Aluno-151;16;Feminino;2020;Pública;Ametista;7,56;8,8;7,5;6,9;8,3;7,3;8;9,5;7,96;5;6;-2;2022;;Ativo
RA-152;4;L;Aluno-152;16;Feminino;2022;Pública;Ágata;6,71;8,3;7;7,5;6,5;4;7;8,5;6,29;5;6;-2;2022;;Ativo
RA-153;4;L;Aluno-153;14;Feminino;2018;Privada;Ametista;7,54;7,9;8,2;5;6,6;3,3;7,7;8,8;7,71;10;4;0;2022;;Ativo
RA-154;4;L;Aluno-154;15;Masculino;2017;Pública;Ágata;6,07;8,3;6,1;6,3;4;3,7;6,2;2,1;6,83;5;5;-1;2022;;Ativo
RA-155;4;L;Aluno-155;16;Masculino;2022;Pública;Ametista;7,05;10;8,3;7,5;5,2;4,3;6,8;4,3;6,83;5;6;-2;2022;;Ativo
RA-156;4;L;Aluno-156;15;Masculino;2018;Pública;Ametista;7,36;10;8,3;9,4;4,4;4,7;6,5;2,1;7,79;5;5;-1;2022;;Ativo
RA-157;4;L;Aluno-157;12;Feminino;2018;Privada;Topázio;8,32;7,5;10;6,3;7,7;7;7,5;8,7;8,29;10;3;1;2022;;Ativo
RA-158;4;L;Aluno-158;17;Feminino;2017;Privada;Ametista;7,3;7,9;9,8;5,6;6,6;5;6,7;8,1;8,12;2,5;7;-3;2022;;Ativo
RA-159;4;L;Aluno-159;15;Feminino;2021;Pública;Ágata;6,49;8,3;8,1;5,6;4,7;4,3;5,8;3,9;6,46;5;5;-1;2022;;Ativo
RA-160;4;L;Aluno-160;15;Feminino;2021;Pública;Ágata;6,75;7,5;7,2;5,6;5,3;2,7;6;7,1;8,25;5;5;-1;2022;;Ativo
RA-161;4;L;Aluno-161;11;Feminino;2018;Privada;Ametista;7,96;7,9;9,1;5,6;6,9;5,3;6,8;8,5;8,08;10;2;2;2022;;Ativo
RA-162;4;L;Aluno-162;14;Feminino;2021;Pública;Ametista;7,22;6,7;8,5;7,5;5,5;4,7;5,5;6,4;6,54;10;4;0;2022;;Ativo
RA-163;4;L;Aluno-163;15;Feminino;2021;Pública;Ágata;6,8;8,8;7,9;5,6;6,7;6,5;6,3;7,4;6,5;5;5;-1;2022;;Ativo
RA-164;4;L;Aluno-164;16;Masculino;2018;Pública;Ágata;6,78;8,3;7,3;5,6;6,5;4,7;6,5;8,3;7,21;5;6;-2;2022;;Ativo
RA-165;4;L;Aluno-165;14;Feminino;2017;Privada;Topázio;8,06;7,1;9,8;5,6;7,6;5,3;7,8;9,7;7,5;10;4;0;2022;;Ativo
RA-166;4;L;Aluno-166;14;Masculino;2020;Pública;Topázio;8,25;9,2;9;6,3;8,1;7;7,2;10;7,54;10;4;0;2022;;Ativo
RA-167;4;P;Aluno-167;16;Feminino;2018;Privada;Ametista;7,8;9,2;9,7;5,6;7,9;9,3;8;6,3;7,83;5;6;-2;2022;;Ativo
RA-168;4;P;Aluno-168;15;Feminino;2018;Privada;Ágata;6,92;7,9;8,3;6,3;5,9;4,7;8,2;5;7,08;5;5;-1;2022;;Ativo
RA-169;4;P;Aluno-169;15;Feminino;2018;Pública;Quartzo;5,16;7,5;5,1;6,3;3,2;1,3;4,5;3,8;4,79;5;5;-1;2022;;Ativo
RA-170;4;P;Aluno-170;14;Feminino;2018;Privada;Ágata;7,01;8,3;9,2;5,6;4,9;3,7;6,7;4,3;5,79;10;4;0;2022;;Ativo
RA-171;4;P;Aluno-171;16;Masculino;2022;Pública;Ágata;6,58;7,5;6,8;7,5;5,5;3;8;;6,88;5;6;-2;2022;;Ativo
RA-172;4;P;Aluno-172;14;Feminino;2018;Privada;Topázio;8,67;9,2;8,9;9,4;7,3;6;7,7;8,1;8,92;10;4;0;2022;;Ativo
RA-173;4;P;Aluno-173;17;Masculino;2019;Privada;Ametista;7,82;8,3;9,2;6,9;7,9;9;7,5;7,1;9,25;2,5;7;-3;2022;;Ativo
RA-174;4;P;Aluno-174;15;Feminino;2019;Pública;Ágata;6,08;7,9;6,2;7,5;4,4;4;5,3;3,8;6,04;5;5;-1;2022;;Ativo
RA-175;4;P;Aluno-175;15;Feminino;2018;Privada;Ágata;6,75;8,3;9,2;5,6;5,9;4,7;7,2;5,9;5,83;5;5;-1;2022;;Ativo
RA-176;3;A;Aluno-176;13;Feminino;2018;Privada;Topázio;8,43;9,6;9,1;5,6;6,9;5,1;6,8;8,7;9,08;10;3;0;2022;;Ativo
RA-177;3;A;Aluno-177;13;Feminino;2022;Pública;Ametista;7,42;7,9;8,8;4,4;6,8;6;7,5;;6,96;10;3;0;2022;;Ativo
RA-178;3;A;Aluno-178;13;Feminino;2016;Privada;Ágata;7,02;0;8,8;4,4;6,3;6,2;5,3;7,3;8,46;10;3;0;2022;;Ativo
RA-179;3;A;Aluno-179;12;Masculino;2022;Pública;Ametista;7,99;7,5;9,2;7,5;6,1;3,7;6,7;8;8,04;10;3;0;2022;;Ativo
RA-180;3;A;Aluno-180;12;Masculino;2018;Privada;Topázio;8,44;9,2;8,3;6,3;8,1;7,7;8,3;8,3;8,62;10;3;0;2022;;Ativo
RA-181;3;A;Aluno-181;13;Feminino;2019;Privada;Topázio;8,62;9,2;9,5;8,8;6,8;6,8;7,3;6,2;8,46;10;3;0;2022;;Ativo
RA-182;3;A;Aluno-182;16;Feminino;2021;Pública;Ágata;6,33;7,5;8;7,5;4,1;1,3;5,7;5,4;6,96;2,5;6;-3;2022;;Ativo
RA-183;3;A;Aluno-183;13;Feminino;2022;Pública;Ametista;7,3;8,3;8,8;7,5;3,8;0;7,5;;7,25;10;3;0;2022;;Ativo
RA-184;3;A;Aluno-184;16;Masculino;2019;Pública;Ametista;7,28;8,8;7,7;7,5;7,2;5;7,3;9,3;8;2,5;6;-3;2022;;Ativo
RA-185;3;A;Aluno-185;15;Masculino;2021;Pública;Ágata;6,62;7,9;7,7;7,5;4,5;3,3;5,7;4,5;6,88;5;5;-2;2022;;Ativo
RA-186;3;A;Aluno-186;13;Feminino;2019;Pública;Ametista;7,83;8,3;8,5;7,5;6,6;6;5,7;8;7,5;10;3;0;2022;;Ativo
RA-187;3;A;Aluno-187;12;Feminino;2019;Privada;Ametista;7,93;8,8;8,9;7,5;5,8;5,3;7,2;4,8;7,92;10;3;0;2022;;Ativo
RA-188;3;A;Aluno-188;14;Masculino;2021;Pública;Quartzo;5,31;0;6,1;7,5;2,7;3;3,2;2;7,58;5;4;-1;2022;;Ativo
RA-189;3;A;Aluno-189;14;Masculino;2018;Privada;Ametista;7,63;10;9,7;5;7,2;6,3;7,2;8;7,33;5;4;-1;2022;;Ativo
RA-190;3;A;Aluno-190;13;Feminino;2022;Pública;Ametista;7,34;6,7;6,9;8,8;6,3;5;7,5;;7,25;10;3;0;2022;;Ativo
RA-191;3;A;Aluno-191;13;Masculino;2019;Privada;Topázio;8,74;10;9,4;8,8;7,2;8;7,2;6,3;8,5;10;3;0;2022;;Ativo
RA-192;3;B;Aluno-192;15;Masculino;2021;Pública;Quartzo;4,93;8,8;3,6;7,5;2,7;1,7;4,7;1,7;4,71;5;5;-2;2022;;Ativo
RA-193;3;B;Aluno-193;12;Masculino;2016;Privada;Topázio;8,15;9,2;8,9;5,6;6,7;5;6,3;8,7;8,5;10;3;0;2022;;Ativo
RA-194;3;B;Aluno-194;14;Feminino;2022;Pública;Quartzo;4,26;0;6,2;5;3,2;3,7;5,8;;3,75;5;4;-1;2022;;Ativo
RA-195;3;B;Aluno-195;13;Feminino;2017;Privada;Ametista;8,02;8,8;9,2;5;6,3;6,8;6,3;5,8;8,25;10;3;0;2022;;Ativo
RA-196;3;B;Aluno-196;12;Masculino;2018;Privada;Topázio;8,12;9,2;9,1;7,5;5,1;4;6;5,3;8,62;10;3;0;2022;;Ativo
RA-197;3;B;Aluno-197;13;Feminino;2021;Privada;Topázio;8,22;8,8;9,7;4,4;7,3;6;7,5;8,3;8,29;10;3;0;2022;;Ativo
RA-198;3;B;Aluno-198;13;Masculino;2017;Pública;Quartzo;5,55;0;6,2;5;4,6;5,2;5,8;2,8;5,96;10;3;0;2022;;Ativo
RA-199;3;B;Aluno-199;13;Masculino;2022;Pública;Ametista;7,56;8,3;7,1;7,5;7,5;5,7;7,8;9;6,46;10;3;0;2022;;Ativo
RA-200;3;B;Aluno-200;15;Masculino;2018;Privada;Quartzo;5,7;7,9;5,6;4,4;5,5;4,7;5;6,8;4,92;5;5;-2;2022;;Ativo
RA-201;3;B;Aluno-201;15;Feminino;2021;Pública;Ametista;7,08;7,9;7,3;7,5;6,5;6;7,2;6,3;7,54;5;5;-2;2022;;Ativo
RA-202;3;B;Aluno-202;14;Feminino;2017;Pública;Quartzo;5,2;0;5,2;4,4;5,4;6,3;5,8;4,2;6,92;5;4;-1;2022;;Ativo
RA-203;3;B;Aluno-203;14;Feminino;2021;Pública;Quartzo;5,67;8,8;4,3;7,5;2,8;2,3;3,5;2,5;6,88;5;4;-1;2022;;Ativo
RA-204;3;B;Aluno-204;13;Feminino;2019;Pública;Ágata;6,94;7,9;6,7;4,4;7,4;5,3;8,5;8,5;5,71;10;3;0;2022;;Ativo
RA-205;3;B;Aluno-205;14;Masculino;2020;Pública;Quartzo;5,37;9,6;3,8;7,5;4,1;5,7;1,7;5;4,83;5;4;-1;2022;;Ativo
RA-206;3;B;Aluno-206;12;Feminino;2022;Pública;Ametista;7,1;8,3;8,8;7,5;5;4;6;;5,17;10;3;0;2022;;Ativo
RA-207;3;C;Aluno-207;16;Masculino;2021;Pública;Quartzo;4,94;0;4,8;7,5;5,8;5,3;4;8;5,71;2,5;6;-3;2022;;Ativo
RA-208;3;C;Aluno-208;14;Masculino;2018;Pública;Ágata;6,67;7,5;7,1;7,5;6,1;5;7,5;5,8;6,42;5;4;-1;2022;;Ativo
RA-209;3;C;Aluno-209;14;Masculino;2019;Pública;Quartzo;4,5;0;4,8;5,6;6;5;5,2;7,8;3,75;5;4;-1;2022;;Ativo
RA-210;3;C;Aluno-210;14;Masculino;2022;Pública;Quartzo;4,44;0;5,1;7,5;3,4;2,7;5,3;2,3;4,42;5;4;-1;2022;;Ativo
RA-211;3;C;Aluno-211;13;Masculino;2021;Pública;Topázio;8,46;9,2;8,8;7,5;7,6;6,7;7,5;8,5;8,46;10;3;0;2022;;Ativo
RA-212;3;C;Aluno-212;14;Masculino;2022;Pública;Ametista;7,27;9,6;8,4;7,5;6,2;4,8;5,8;7,8;6,96;5;4;-1;2022;;Ativo
RA-213;3;C;Aluno-213;13;Masculino;2022;Pública;Ametista;7,21;9,6;8,7;7,5;3,5;5;2;;6,83;10;3;0;2022;;Ativo
RA-214;3;C;Aluno-214;15;Masculino;2022;Pública;Quartzo;4,87;0;6,1;7,5;4,3;5;3,5;;5,12;5;5;-2;2022;;Ativo
RA-215;3;D;Aluno-215;13;Feminino;2021;Pública;Ametista;7,17;6,7;5,8;7,5;7,8;5,7;7,7;10;6,54;10;3;0;2022;;Ativo
RA-216;3;D;Aluno-216;13;Feminino;2018;Pública;Ametista;7,5;7,9;8,5;7,5;7;5,3;6,5;9,2;5,58;10;3;0;2022;;Ativo
RA-217;3;D;Aluno-217;15;Feminino;2021;Pública;Ametista;7,4;7,9;8,5;7,5;7,1;6,3;7,2;7,7;7,29;5;5;-2;2022;;Ativo
RA-218;3;D;Aluno-218;14;Feminino;2022;Pública;Ágata;6,1;6,3;7,3;7,5;4;5;7;;6,12;5;4;-1;2022;;Ativo
RA-219;3;D;Aluno-219;16;Masculino;2019;Pública;Quartzo;5,94;8,8;6,9;7,5;3,5;4;4,8;1,7;6,38;2,5;6;-3;2022;;Ativo
RA-220;3;D;Aluno-220;13;Feminino;2022;Pública;Ágata;7,03;0;8,1;7,5;6,5;6,8;6,8;5,8;7,83;10;3;0;2022;;Ativo
RA-221;3;D;Aluno-221;14;Masculino;2022;Pública;Ágata;6,89;9,6;8,5;7,5;5,2;7;3,5;5;6;5;4;-1;2022;;Ativo
RA-222;3;D;Aluno-222;15;Feminino;2019;Pública;Quartzo;5,6;7,1;4,6;7,5;6,2;5;7,5;6;4,92;5;5;-2;2022;;Ativo
RA-223;3;E;Aluno-223;13;Feminino;2022;Pública;Quartzo;4,97;0;4,6;7,5;3,1;4,3;4,7;0,2;5,58;10;3;0;2022;;Ativo
RA-224;3;E;Aluno-224;13;Masculino;2021;Pública;Quartzo;5,67;9,6;4,3;7,5;2,6;5;2,7;;4,88;10;3;0;2022;;Ativo
RA-225;3;E;Aluno-225;14;Masculino;2022;Pública;Quartzo;5,92;8,3;5,3;7,5;5;3;7;;5,71;5;4;-1;2022;;Ativo
RA-226;3;E;Aluno-226;14;Feminino;2022;Pública;Ágata;6,55;7,5;6,1;7,5;6,8;7;6,5;;6,21;5;4;-1;2022;;Ativo
RA-227;3;E;Aluno-227;12;Masculino;2022;Pública;Ágata;6,47;9,2;6,4;7,5;3,3;4,7;4,3;1;5,83;10;3;0;2022;;Ativo
RA-228;3;E;Aluno-228;15;Feminino;2017;Pública;Ágata;6,2;7,5;6,7;7,5;4,8;3;6;5,3;6,42;5;5;-2;2022;;Ativo
RA-229;3;E;Aluno-229;12;Masculino;2022;Pública;Topázio;8,62;10;9,4;7,5;6,9;7;6,7;7,2;8,5;10;3;0;2022;;Ativo
RA-230;3;E;Aluno-230;14;Masculino;2022;Pública;Ágata;6,33;7,9;5,1;7,5;5,7;3,7;4,3;9;6,75;5;4;-1;2022;;Ativo
RA-231;3;E;Aluno-231;14;Masculino;2022;Pública;Ágata;6,12;8,8;7,4;7,5;3,8;3;4,5;;5,33;5;4;-1;2022;;Ativo
RA-232;3;E;Aluno-232;12;Masculino;2022;Pública;Quartzo;4,24;0;4,9;7,5;0;0;0;;4,54;10;3;0;2022;;Ativo
RA-233;3;E;Aluno-233;14;Masculino;2022;Pública;Ágata;6,05;7,9;7,4;7,5;3,8;3;4,5;;5,5;5;4;-1;2022;;Ativo
RA-234;3;E;Aluno-234;13;Masculino;2022;Pública;Ágata;6,72;10;7,6;5,6;4,3;3,7;6,3;2,8;5,58;10;3;0;2022;;Ativo
RA-235;3;E;Aluno-235;14;Feminino;2022;Pública;Ágata;6,79;8,3;7,3;7,5;6,3;7;5,5;;6,42;5;4;-1;2022;;Ativo
RA-236;3;F;Aluno-236;12;Feminino;2022;Pública;Ametista;7,11;9,6;7,5;7,5;3,7;4;4;3;7,21;10;3;0;2022;;Ativo
RA-237;3;F;Aluno-237;14;Feminino;2022;Pública;Topázio;8,08;10;9;7,5;7,8;6,8;7,7;8,8;8,42;5;4;-1;2022;;Ativo
RA-238;3;F;Aluno-238;14;Feminino;2021;Pública;Ágata;6,33;8,8;6,4;5;5,1;4,3;6,5;4,5;7,21;5;4;-1;2022;;Ativo
RA-239;3;F;Aluno-239;15;Feminino;2021;Pública;Quartzo;4,57;0;3,7;7,5;3,7;2;4,7;4,5;5,96;5;5;-2;2022;;Ativo
RA-240;3;F;Aluno-240;13;Feminino;2017;Privada;Ágata;6,94;7,1;8,1;5;4,7;6,3;5;2,8;7,04;10;3;0;2022;;Ativo
RA-241;3;F;Aluno-241;14;Masculino;2016;Privada;Topázio;8,47;10;10;7,5;7,7;8,2;7,5;7,3;9,12;5;4;-1;2022;;Ativo
RA-242;3;F;Aluno-242;13;Masculino;2018;Privada;Topázio;8,67;9,6;9,7;5,6;8,2;8,7;7,2;8,7;8,71;10;3;0;2022;;Ativo
RA-243;3;F;Aluno-243;15;Feminino;2022;Pública;Ágata;6,98;7,1;8,7;5;6;5;5,3;7,7;7,88;5;5;-2;2022;;Ativo
RA-244;3;F;Aluno-244;12;Feminino;2018;Privada;Topázio;8,51;7,5;9,4;6,3;7,8;6,7;8;8,7;9,21;10;3;0;2022;;Ativo
RA-245;3;F;Aluno-245;14;Masculino;2016;Privada;Topázio;8,66;10;9,9;7,5;8,4;8,3;8,2;8,8;9,25;5;4;-1;2022;;Ativo
RA-246;3;F;Aluno-246;13;Masculino;2022;Pública;Topázio;8,64;8,3;9,4;7,5;7,6;8;6,7;8;9,17;10;3;0;2022;;Ativo
RA-247;3;F;Aluno-247;13;Feminino;2021;Pública;Ametista;7,72;8,3;8,2;7,5;5,8;5,3;5,7;6,3;7,88;10;3;0;2022;;Ativo
RA-248;3;F;Aluno-248;13;Masculino;2022;Pública;Ametista;7,43;9,2;7,6;7,5;5,2;4;5,5;6;7,29;10;3;0;2022;;Ativo
RA-249;3;G;Aluno-249;14;Masculino;2017;Pública;Quartzo;5,1;6,7;7,4;5;2,9;2,3;4,2;2,2;4,29;5;4;-1;2022;;Ativo
RA-250;3;G;Aluno-250;12;Feminino;2022;Pública;Ametista;7,96;8,3;8,6;7,5;6,6;6,7;6,5;6,7;7,62;10;3;0;2022;;Ativo
RA-251;3;G;Aluno-251;15;Masculino;2018;Pública;Ágata;7,02;10;8,1;5,6;6,3;5,3;6,3;7,2;6,62;5;5;-2;2022;;Ativo
RA-252;3;G;Aluno-252;14;Masculino;2018;Pública;Quartzo;4,28;9,2;2,8;7,5;0,9;1,3;1,2;0,2;3,88;5;4;-1;2022;;Ativo
RA-253;3;G;Aluno-253;15;Masculino;2019;Pública;Quartzo;4,31;9,2;3,6;5;1,8;1;3,7;0,7;3,75;5;5;-2;2022;;Ativo
RA-254;3;G;Aluno-254;14;Masculino;2019;Pública;Ágata;6,72;10;7,4;5,6;5,3;5;6,8;4;6,92;5;4;-1;2022;;Ativo
RA-255;3;G;Aluno-255;14;Masculino;2019;Pública;Quartzo;4,56;7,5;3,8;5;1,3;1;2,3;0,5;5,54;5;4;-1;2022;;Ativo
RA-256;3;G;Aluno-256;12;Feminino;2019;Pública;Ametista;7,19;8,8;8,5;5;5,2;5,3;6,7;3,5;6,71;10;3;0;2022;;Ativo
RA-257;3;G;Aluno-257;14;Feminino;2018;Pública;Quartzo;5,15;0;6,4;5,6;3,6;4;5,2;1,5;6,71;5;4;-1;2022;;Ativo
RA-258;3;G;Aluno-258;12;Feminino;2018;Pública;Ágata;6,93;10;7,3;5,6;4,8;2,7;6,2;5,5;6,12;10;3;0;2022;;Ativo
RA-259;3;G;Aluno-259;16;Masculino;2017;Pública;Quartzo;4,18;8,8;2,9;7,5;0,9;0;2,7;0,2;4,62;2,5;6;-3;2022;;Ativo
RA-260;3;G;Aluno-260;13;Feminino;2019;Pública;Ametista;7,44;10;8,2;7,5;5;5,7;5,2;4,2;6,46;10;3;0;2022;;Ativo
RA-261;3;G;Aluno-261;14;Feminino;2019;Pública;Ágata;6,76;8,8;7,2;5,6;5,8;6,2;5,8;5,5;7,04;5;4;-1;2022;;Ativo
RA-262;3;G;Aluno-262;15;Masculino;2021;Pública;Quartzo;4,79;0;5,8;5,6;3,4;1,3;5,5;3,5;5,62;5;5;-2;2022;;Ativo
RA-263;3;G;Aluno-263;15;Feminino;2019;Pública;Quartzo;5,32;5,8;5,6;7,5;3,7;3;2,8;5,4;4,42;5;5;-2;2022;;Ativo
RA-264;3;I;Aluno-264;15;Feminino;2022;Pública;Ametista;7,09;10;9,2;5,6;5,8;6;5,5;;6,62;5;5;-2;2022;;Ativo
RA-265;3;I;Aluno-265;13;Masculino;2019;Pública;Ametista;7,93;8,3;7,7;7,5;6,9;5,3;7;8,5;7,92;10;3;0;2022;;Ativo
RA-266;3;I;Aluno-266;16;Feminino;2019;Pública;Quartzo;5,99;7,5;5,8;5,6;6;5;6,7;6,3;6,58;2,5;6;-3;2022;;Ativo
RA-267;3;I;Aluno-267;15;Feminino;2016;Pública;Ágata;6,01;10;7,4;5;3,3;2,3;4,8;2,7;6,29;5;5;-2;2022;;Ativo
RA-268;3;K;Aluno-268;14;Feminino;2021;Pública;Ágata;6,7;9,2;6,7;6,3;5,7;7;6,8;3,2;7,21;5;4;-1;2022;;Ativo
RA-269;3;K;Aluno-269;13;Masculino;2022;Pública;Topázio;8,23;9,2;8,6;6,3;8,9;8,7;9,5;8,5;7,25;10;3;0;2022;;Ativo
RA-270;3;K;Aluno-270;13;Feminino;2019;Privada;Topázio;8,23;8,3;8,4;6,9;7,9;8;7,2;8,5;8,12;10;3;0;2022;;Ativo
RA-271;3;K;Aluno-271;15;Feminino;2022;Pública;Ametista;7,26;9,2;8,5;5,6;7,1;6,3;6,5;8,3;6,96;5;5;-2;2022;;Ativo
RA-272;3;K;Aluno-272;14;Masculino;2021;Pública;Ágata;6,36;9,2;5,7;7,5;5,1;5;6,8;3,5;6,42;5;4;-1;2022;;Ativo
RA-273;3;K;Aluno-273;14;Feminino;2018;Pública;Quartzo;5,68;9,2;5,3;7,5;3;3,8;4,7;0,5;5,83;5;4;-1;2022;;Ativo
RA-274;3;K;Aluno-274;11;Feminino;2019;Privada;Ametista;7,95;7,9;8,3;7,5;8,1;8,1;9,3;7;7;10;2;1;2022;;Ativo
RA-275;3;K;Aluno-275;15;Masculino;2018;Pública;Ágata;6,66;9,6;6,9;7,5;4,6;5;6;2,7;6,67;5;5;-2;2022;;Ativo
RA-276;3;K;Aluno-276;14;Feminino;2017;Pública;Quartzo;5,53;7,1;5,7;5,6;4,3;3,7;6;3,3;5,12;5;4;-1;2022;;Ativo
RA-277;3;K;Aluno-277;14;Masculino;2021;Pública;Ametista;7,41;7,1;8,8;7,5;7,4;7,2;7;8,2;7,21;5;4;-1;2022;;Ativo
RA-278;3;K;Aluno-278;12;Masculino;2018;Privada;Ametista;7,74;8,8;9,2;5,6;6;5,7;5,8;6,4;7,42;10;3;0;2022;;Ativo
RA-279;3;K;Aluno-279;13;Masculino;2019;Privada;Topázio;8,82;9,2;9,9;6,3;9,1;9,7;8,3;9,3;8,21;10;3;0;2022;;Ativo
RA-280;3;K;Aluno-280;13;Feminino;2021;Privada;Ametista;8,05;7,5;9,2;7,5;7,1;5,7;7;8,7;7,33;10;3;0;2022;;Ativo
RA-281;3;K;Aluno-281;13;Feminino;2019;Pública;Ágata;6,81;6,7;6,9;7,5;5,9;5;6,8;6;5,62;10;3;0;2022;;Ativo
RA-282;3;K;Aluno-282;13;Feminino;2019;Pública;Ágata;6,62;8,8;6,8;7,5;4;4,7;6,3;1;5,62;10;3;0;2022;;Ativo
RA-283;3;K;Aluno-283;14;Masculino;2020;Pública;Ametista;7,13;9,6;8,8;7,5;5,6;4,5;5,8;6,6;6,62;5;4;-1;2022;;Ativo
RA-284;3;L;Aluno-284;13;Masculino;2022;Pública;Quartzo;5,94;6,7;5,1;5,6;3,8;7;4,5;;5,96;10;3;0;2022;;Ativo
RA-285;3;L;Aluno-285;16;Feminino;2020;Pública;Quartzo;5,06;9,2;4,1;7,5;2,8;4;3,2;1,2;5,75;2,5;6;-3;2022;;Ativo
RA-286;3;L;Aluno-286;15;Feminino;2022;Pública;Quartzo;5,42;7,1;5,8;6,3;3;4,7;2,3;2;5,62;5;5;-2;2022;;Ativo
RA-287;3;L;Aluno-287;17;Feminino;2022;Pública;Quartzo;3,7;7,9;3,4;5;1,1;0,7;2,5;0,2;4,29;2,5;7;-4;2022;;Ativo
RA-288;3;L;Aluno-288;16;Feminino;2022;Pública;Quartzo;4,1;0;5,6;6,3;0;;;;6,83;2,5;6;-3;2022;;Ativo
RA-289;3;L;Aluno-289;14;Feminino;2020;Pública;Ágata;6,24;0;7,8;6,3;6,8;5,3;7,5;7,5;7,25;5;4;-1;2022;;Ativo
RA-290;3;L;Aluno-290;17;Feminino;2022;Pública;Quartzo;4,93;10;3,9;6,3;1,7;1;2,3;1,8;6,04;2,5;7;-4;2022;;Ativo
RA-291;3;L;Aluno-291;13;Masculino;2022;Pública;Topázio;8,12;8,3;8,2;6,9;8;8;7,5;8,5;7,79;10;3;0;2022;;Ativo
RA-292;3;L;Aluno-292;16;Masculino;2022;Pública;Quartzo;4,84;7,9;3,7;7,5;1,8;0;5;0,5;6,29;2,5;6;-3;2022;;Ativo
RA-293;3;L;Aluno-293;13;Masculino;2022;Pública;Quartzo;4,88;8,8;2,9;7,5;2,3;2;3,8;1;3,33;10;3;0;2022;;Ativo
RA-294;3;L;Aluno-294;18;Feminino;2022;Pública;Quartzo;5,03;9,6;5,8;7,5;0;;;;5,92;2,5;8;-5;2022;;Ativo
RA-295;3;M;Aluno-295;14;Feminino;2022;Pública;Ametista;7,3;7,9;8;7,5;6,9;5,3;7,7;7,7;7,38;5;4;-1;2022;;Ativo
RA-296;3;M;Aluno-296;15;Feminino;2022;Pública;Quartzo;4,66;8,8;3,6;7,5;2,8;5,7;2,7;0,2;3,83;5;5;-2;2022;;Ativo
RA-297;3;M;Aluno-297;13;Feminino;2022;Pública;Ametista;7,48;7,1;7,9;6,3;6,6;6,3;5,3;8,2;7,42;10;3;0;2022;;Ativo
RA-298;3;M;Aluno-298;13;Masculino;2019;Pública;Ágata;6,41;9,2;6,3;5,6;5,2;5,5;4,8;;5,42;10;3;0;2022;;Ativo
RA-299;3;M;Aluno-299;13;Feminino;2019;Privada;Ametista;7,28;7,1;8,2;5;6,8;6,3;7,3;6,7;6,71;10;3;0;2022;;Ativo
RA-300;3;M;Aluno-300;14;Masculino;2022;Pública;Quartzo;5,56;5,4;6,9;6,3;3,1;2,7;4,8;1,7;5,88;5;4;-1;2022;;Ativo
RA-301;3;M;Aluno-301;13;Feminino;2019;Pública;Ágata;6,8;8,8;5,8;5,6;6,3;6,5;7,2;5,4;6,04;10;3;0;2022;;Ativo
RA-302;3;M;Aluno-302;16;Masculino;2022;Pública;Ágata;6,33;9,2;7,7;6,9;4,8;4,3;5;5;6,21;2,5;6;-3;2022;;Ativo
RA-303;3;M;Aluno-303;14;Masculino;2019;Pública;Ágata;6,03;7,5;7,2;7,5;3,9;3,8;4;;5,38;5;4;-1;2022;;Ativo
RA-304;3;M;Aluno-304;15;Masculino;2020;Pública;Ágata;6,36;8,8;7,7;7,5;4,3;3;5,5;;5,54;5;5;-2;2022;;Ativo
RA-305;3;M;Aluno-305;14;Masculino;2019;Pública;Ágata;6,06;7,9;6,6;7,5;4,8;2,8;6,7;;5,21;5;4;-1;2022;;Ativo
RA-306;3;M;Aluno-306;14;Feminino;2021;Pública;Ágata;6,43;8,3;6,8;7,5;5,2;4,7;5,8;5;5,96;5;4;-1;2022;;Ativo
RA-307;3;M;Aluno-307;14;Masculino;2022;Pública;Quartzo;4,73;5,4;4,5;7,5;2,5;5;0;;4,71;5;4;-1;2022;;Ativo
RA-308;3;M;Aluno-308;13;Masculino;2019;Pública;Ágata;6,93;7,9;7,4;6,9;5;6,7;5,5;2,8;6,17;10;3;0;2022;;Ativo
RA-309;3;M;Aluno-309;14;Feminino;2022;Pública;Ágata;6,15;9,2;5,2;7,5;6,5;7;6;;5,08;5;4;-1;2022;;Ativo
RA-310;3;M;Aluno-310;15;Feminino;2022;Pública;Ágata;6,4;7,9;7,5;7,5;4,5;3,7;3,8;6;6;5;5;-2;2022;;Ativo
RA-311;3;N;Aluno-311;16;Feminino;2022;Pública;Quartzo;5,65;7,9;5,6;5;5,2;5;6,2;4,3;6,22;2,5;6;-3;2022;;Ativo
RA-312;3;N;Aluno-312;13;Feminino;2022;Pública;Ametista;7,34;9,6;8,1;7,5;5,2;6;4,5;5;6,17;10;3;0;2022;;Ativo
RA-313;3;N;Aluno-313;14;Feminino;2022;Pública;Quartzo;5,8;7,5;7;5;4,1;4,7;5;2,5;5,89;5;4;-1;2022;;Ativo
RA-314;3;N;Aluno-314;13;Feminino;2022;Pública;Ágata;6,1;5,4;5,4;5;5,3;4,3;3,3;8,3;6;10;3;0;2022;;Ativo
RA-315;3;N;Aluno-315;13;Feminino;2022;Pública;Quartzo;5,67;6,7;5,1;7,5;3;3;4,2;1,8;5,06;10;3;0;2022;;Ativo
RA-316;3;N;Aluno-316;14;Feminino;2022;Pública;Ametista;7,89;10;10;6,9;6,1;7;6,5;4,7;8,39;5;4;-1;2022;;Ativo
RA-317;3;N;Aluno-317;13;Masculino;2021;Pública;Ametista;7,04;8,8;5,6;7,5;6,8;4,7;5,7;10;5,94;10;3;0;2022;;Ativo
RA-318;3;N;Aluno-318;14;Feminino;2019;Pública;Ágata;6,53;8,3;6,9;6,9;5,8;4,3;5,8;7,3;6,11;5;4;-1;2022;;Ativo
RA-319;3;N;Aluno-319;13;Masculino;2022;Pública;Ametista;7,45;9,2;7,7;7,5;5,2;6,3;4,3;5;7,5;10;3;0;2022;;Ativo
RA-320;3;N;Aluno-320;14;Feminino;2022;Pública;Ametista;7,9;8,8;10;6,9;6,4;7,3;6,3;5,7;8,67;5;4;-1;2022;;Ativo
RA-321;3;N;Aluno-321;12;Feminino;2022;Pública;Ametista;7,79;9,2;9,1;5,6;5,2;5,7;6,2;3,7;8,28;10;3;0;2022;;Ativo
RA-322;3;N;Aluno-322;13;Feminino;2022;Pública;Ágata;6,86;7,1;8,1;5;4,7;4,3;5,7;4;6,78;10;3;0;2022;;Ativo
RA-323;3;N;Aluno-323;13;Masculino;2022;Pública;Ágata;6,86;9,2;7,3;7,5;3,4;7,3;2,5;0,5;6,61;10;3;0;2022;;Ativo
RA-324;2;A;Aluno-324;10;Feminino;2022;Pública;Topázio;8,27;10;9,3;6,9;6,8;6,3;7,2;;8,61;10;2;0;2022;;Ativo
RA-325;2;A;Aluno-325;10;Masculino;2022;Pública;Ametista;7,62;9,5;6,8;7,5;6;6;6;;8,44;10;2;0;2022;;Ativo
RA-326;2;A;Aluno-326;12;Feminino;2022;Pública;Topázio;8,22;10;9,7;5;9;8,7;9,3;;8,94;5;3;-1;2022;;Ativo
RA-327;2;A;Aluno-327;11;Masculino;2021;Pública;Ágata;6,99;8,5;8,8;7,5;2,8;2,3;3,2;;7,33;10;2;0;2022;;Ativo
RA-328;2;A;Aluno-328;12;Masculino;2020;Pública;Ágata;6,82;10;7;7,5;5,3;4;6,5;;7,5;5;3;-1;2022;;Ativo
RA-329;2;A;Aluno-329;11;Masculino;2019;Pública;Ágata;6,31;7,4;6,9;4,4;5;3;7;;5,78;10;2;0;2022;;Ativo
RA-330;2;A;Aluno-330;14;Feminino;2018;Pública;Ágata;6,45;9,5;8,8;7,5;2,5;2,3;2,7;;7,06;5;4;-2;2022;;Ativo
RA-331;2;A;Aluno-331;12;Feminino;2019;Pública;Ágata;6,64;9;8,7;7,5;3,7;2,3;5;;6,94;5;3;-1;2022;;Ativo
RA-332;2;A;Aluno-332;13;Masculino;2017;Privada;Ametista;7,88;9,5;9;8,1;7,5;7,5;7,5;;8,5;5;3;-1;2022;;Ativo
RA-333;2;A;Aluno-333;14;Masculino;2018;Privada;Quartzo;5,25;8;5,8;3,8;2,9;0,2;5,7;;6,72;5;4;-2;2022;;Ativo
RA-334;2;A;Aluno-334;11;Feminino;2019;Privada;Ametista;7,96;6,9;9,2;4,4;8;7;9;;8,72;10;2;0;2022;;Ativo
RA-335;2;A;Aluno-335;10;Masculino;2022;Pública;Ametista;7,9;9,5;9,4;7,5;7,4;5,8;9;;6,83;10;2;0;2022;;Ativo
RA-336;2;A;Aluno-336;13;Masculino;2016;Pública;Ágata;6,79;9,5;8,5;4,4;5,1;4,5;5,7;;7,89;5;3;-1;2022;;Ativo
RA-337;2;B;Aluno-337;11;Masculino;2022;Pública;Ametista;7,91;10;9,3;7,5;5,8;7,5;4;;7,61;10;2;0;2022;;Ativo
RA-338;2;B;Aluno-338;12;Masculino;2019;Pública;Ágata;6,84;8,5;7,3;7,5;5,8;5,3;6,2;;7,61;5;3;-1;2022;;Ativo
RA-339;2;B;Aluno-339;11;Feminino;2019;Pública;Topázio;8,49;6,9;9,9;7,5;8,1;7,1;9,2;;8,89;10;2;0;2022;;Ativo
RA-340;2;B;Aluno-340;11;Masculino;2017;Pública;Ametista;7,72;9;8,2;7,5;6,5;6;7;;7,67;10;2;0;2022;;Ativo
RA-341;2;B;Aluno-341;12;Masculino;2022;Pública;Ágata;6,85;8;7,7;7,5;5,8;5;6,5;;7,5;5;3;-1;2022;;Ativo
RA-342;2;B;Aluno-342;14;Feminino;2021;Pública;Ágata;6,94;9;6,7;7,5;6,6;5,5;7,7;;7,5;5;4;-2;2022;;Ativo
RA-343;2;B;Aluno-343;14;Masculino;2020;Pública;Ágata;6,9;9,5;7,4;7,5;5,9;4,2;7,7;;7,17;5;4;-2;2022;;Ativo
RA-344;2;B;Aluno-344;11;Masculino;2019;Pública;Ametista;7,26;8,5;8,3;7,5;4,5;2,3;6,7;;7,5;10;2;0;2022;;Ativo
RA-345;2;B;Aluno-345;13;Masculino;2021;Pública;Quartzo;5,75;9,5;5,4;5,6;3,6;1,3;5,8;;6,67;5;3;-1;2022;;Ativo
RA-346;2;B;Aluno-346;10;Masculino;2022;Pública;Topázio;8,14;10;9,1;7,5;7;6;8;;7,89;10;2;0;2022;;Ativo
RA-347;2;B;Aluno-347;12;Feminino;2019;Pública;Ametista;7,91;9;10;5,6;8,5;8,5;8,5;;8;5;3;-1;2022;;Ativo
RA-348;2;B;Aluno-348;12;Masculino;2022;Pública;Quartzo;5,86;9;8,7;7,5;1,8;0,5;3;;5,83;5;3;-1;2022;;Ativo
RA-349;2;B;Aluno-349;12;Masculino;2021;Pública;Quartzo;5,66;9,5;7,7;7,5;3,7;2,2;5,2;;3,94;5;3;-1;2022;;Ativo
RA-350;2;D;Aluno-350;11;Feminino;2022;Pública;Topázio;8,21;10;8,8;7,5;6,5;7;6;;8,61;10;2;0;2022;;Ativo
RA-351;2;D;Aluno-351;14;Masculino;2022;Pública;Ágata;6,62;9;7,2;7,5;4;3,2;4,8;;8,11;5;4;-2;2022;;Ativo
RA-352;2;D;Aluno-352;11;Masculino;2019;Pública;Ametista;7,83;9;8,1;5,6;7;7,3;6,7;;8,39;10;2;0;2022;;Ativo
RA-353;2;D;Aluno-353;11;Feminino;2022;Pública;Topázio;8,26;7;10;7,5;7,5;8;7;;8,44;10;2;0;2022;;Ativo
RA-354;2;D;Aluno-354;13;Feminino;2018;Pública;Quartzo;5,86;8,5;4,3;7,5;4,5;2,8;6,2;;7,33;5;3;-1;2022;;Ativo
RA-355;2;D;Aluno-355;12;Feminino;2018;Pública;Quartzo;5,38;5,8;5;7,5;4,5;5,5;3,5;;6,06;5;3;-1;2022;;Ativo
RA-356;2;D;Aluno-356;12;Masculino;2019;Pública;Ágata;6,69;10;8,4;5;4,6;5,3;3,8;;8,28;5;3;-1;2022;;Ativo
RA-357;2;D;Aluno-357;12;Masculino;2022;Pública;Ametista;7,84;8;9,6;7,5;8,5;10;7;;7,78;5;3;-1;2022;;Ativo
RA-358;2;D;Aluno-358;13;Masculino;2022;Pública;Quartzo;5,41;7,5;6,5;7,5;0;0;0;;7,56;5;3;-1;2022;;Ativo
RA-359;2;D;Aluno-359;12;Feminino;2019;Pública;Ágata;6,61;9;7;7,5;4,6;3,3;5,8;;7,5;5;3;-1;2022;;Ativo
RA-360;2;D;Aluno-360;12;Feminino;2019;Pública;Ametista;7,08;9,5;8,5;7,5;5,2;4,7;5,7;;7,5;5;3;-1;2022;;Ativo
RA-361;2;F;Aluno-361;13;Feminino;2022;Pública;Ágata;6,73;7,9;9,2;6,3;5;4;6;;6,78;5;3;-1;2022;;Ativo
RA-362;2;F;Aluno-362;12;Feminino;2018;Pública;Ametista;7,41;8,5;7,9;7,5;7,9;6,5;9,3;;7,5;5;3;-1;2022;;Ativo
RA-363;2;F;Aluno-363;12;Masculino;2022;Pública;Ágata;6,64;10;10;6,9;2;1;3;;7,06;5;3;-1;2022;;Ativo
RA-364;2;F;Aluno-364;11;Masculino;2019;Pública;Topázio;8,75;9,5;10;7,5;8,8;9,5;8;;8,17;10;2;0;2022;;Ativo
RA-365;2;F;Aluno-365;10;Feminino;2022;Pública;Topázio;8,06;8;10;5;7,8;6;9,5;;7,83;10;2;0;2022;;Ativo
RA-366;2;F;Aluno-366;12;Masculino;2022;Pública;Ametista;7,18;9,5;9,4;7,5;5,5;6;5;;6,83;5;3;-1;2022;;Ativo
RA-367;2;F;Aluno-367;12;Feminino;2018;Pública;Ágata;6,95;8,5;7,4;6,3;6,7;5,2;8,2;;7,5;5;3;-1;2022;;Ativo
RA-368;2;F;Aluno-368;13;Masculino;2018;Privada;Ágata;6,97;8;7,9;5;7,3;5,5;9;;7,5;5;3;-1;2022;;Ativo
RA-369;2;F;Aluno-369;11;Masculino;2022;Pública;Ágata;6,97;9;6,9;7,5;4,8;4;5,5;;6,89;10;2;0;2022;;Ativo
RA-370;2;F;Aluno-370;12;Feminino;2018;Privada;Ametista;7,07;8,5;8,2;5;7,2;5,2;9,2;;7,61;5;3;-1;2022;;Ativo
RA-371;2;F;Aluno-371;10;Feminino;2022;Pública;Topázio;8,11;9,5;8;6,9;8,4;7,8;9;;7,67;10;2;0;2022;;Ativo
RA-372;2;F;Aluno-372;10;Masculino;2021;Pública;Ametista;7,3;8,5;5,5;6,9;7,8;8,3;7,2;;7,39;10;2;0;2022;;Ativo
RA-373;2;F;Aluno-373;11;Masculino;2022;Pública;Ametista;7,5;6,4;9,5;5;7,3;6,5;8;;6,94;10;2;0;2022;;Ativo
RA-374;2;F;Aluno-374;12;Feminino;2021;Pública;Ametista;7,75;9;9,8;7,5;6,9;5,3;8,5;;7,94;5;3;-1;2022;;Ativo
RA-375;2;F;Aluno-375;11;Masculino;2019;Pública;Ametista;7,83;9;9,5;7,5;5,4;3,3;7,5;;7,67;10;2;0;2022;;Ativo
RA-376;2;F;Aluno-376;12;Feminino;2019;Pública;Ágata;6,96;9;9;7,5;4,3;2;6,7;;7,5;5;3;-1;2022;;Ativo
RA-377;2;F;Aluno-377;12;Feminino;2021;Pública;Ágata;6,74;9;7,7;5,6;6,2;4,3;8;;6,83;5;3;-1;2022;;Ativo
RA-378;2;I;Aluno-378;12;Masculino;2021;Pública;Ametista;7,2;9;6,8;5,6;8,1;8,7;7,5;;7,89;5;3;-1;2022;;Ativo
RA-379;2;I;Aluno-379;13;Feminino;2022;Pública;Ágata;6,72;8,5;8,1;7,5;5;5;5;;6,78;5;3;-1;2022;;Ativo
RA-380;2;I;Aluno-380;13;Masculino;2017;Pública;Quartzo;4,56;7,9;4,4;5;2,5;2,3;2,7;;4,83;5;3;-1;2022;;Ativo
RA-381;2;I;Aluno-381;13;Masculino;2018;Pública;Ágata;6,45;9;8,3;6,9;3,3;1,5;5,2;;6,94;5;3;-1;2022;;Ativo
RA-382;2;I;Aluno-382;14;Masculino;2017;Pública;Ágata;6,78;9;7,7;6,3;5,4;4;6,8;;7,33;5;4;-2;2022;;Ativo
RA-383;2;I;Aluno-383;11;Masculino;2019;Pública;Topázio;8,4;9;9,6;7,5;8,1;8;8,2;;7,78;10;2;0;2022;;Ativo
RA-384;2;I;Aluno-384;12;Feminino;2017;Pública;Ametista;7,56;9;8,4;6,3;8,1;8;8,2;;8;5;3;-1;2022;;Ativo
RA-385;2;I;Aluno-385;12;Feminino;2022;Pública;Ágata;6,08;7,4;7,5;5;4,9;2,7;7,2;;6,5;5;3;-1;2022;;Ativo
RA-386;2;I;Aluno-386;13;Masculino;2019;Pública;Ágata;6,1;10;5,9;5,6;4;3,7;4,3;;7,22;5;3;-1;2022;;Ativo
RA-387;2;I;Aluno-387;13;Masculino;2019;Pública;Ágata;6,32;7;8,2;7,5;3,7;1,3;6;;6,83;5;3;-1;2022;;Ativo
RA-388;2;I;Aluno-388;14;Feminino;2019;Pública;Ágata;6,65;7,9;8,5;5,6;4,5;3,5;5,5;;7,72;5;4;-2;2022;;Ativo
RA-389;2;I;Aluno-389;11;Masculino;2019;Pública;Ametista;7,18;8;8,9;7,5;3,5;2;5;;7,56;10;2;0;2022;;Ativo
RA-390;2;I;Aluno-390;12;Feminino;2022;Pública;Ágata;6,78;7,4;8,8;6,3;4,7;4;5,3;;7,72;5;3;-1;2022;;Ativo
RA-391;2;J;Aluno-391;12;Feminino;2022;Pública;Ametista;7,12;10;8,1;7,5;5,1;5;5,2;;8,06;5;3;-1;2022;;Ativo
RA-392;2;J;Aluno-392;14;Masculino;2022;Pública;Ágata;6,42;9,5;8,8;5,6;4,8;3,7;5,8;;6,78;5;4;-2;2022;;Ativo
RA-393;2;J;Aluno-393;16;Feminino;2018;Pública;Quartzo;5,52;10;5,4;5;4,6;4,7;4,5;;6,78;2,5;6;-4;2022;;Ativo
RA-394;2;J;Aluno-394;11;Feminino;2022;Pública;Ametista;7,9;9,5;8,6;7,5;5,9;4,3;7,5;;8,44;10;2;0;2022;;Ativo
RA-395;2;J;Aluno-395;11;Feminino;2018;Pública;Ametista;7,68;9;8,9;7,5;4,9;4,2;5,7;;8,33;10;2;0;2022;;Ativo
RA-396;2;J;Aluno-396;12;Masculino;2022;Pública;Ágata;6,56;9;8;6,3;5,6;4,7;6,5;;6,56;5;3;-1;2022;;Ativo
RA-397;2;J;Aluno-397;14;Feminino;2017;Pública;Quartzo;5,85;9;5,7;6,9;2,8;3,3;2,3;;7,17;5;4;-2;2022;;Ativo
RA-398;2;K;Aluno-398;10;Feminino;2022;Pública;Ametista;7,74;9;9,3;7,5;5,5;3;8;;7,5;10;2;0;2022;;Ativo
RA-399;2;K;Aluno-399;12;Feminino;2022;Pública;Ágata;6,58;6,8;9,3;5,6;4,3;3;5,5;;7,5;5;3;-1;2022;;Ativo
RA-400;2;K;Aluno-400;14;Masculino;2018;Pública;Ágata;6,04;9;8,5;5;1,7;1,2;2,2;;7,44;5;4;-2;2022;;Ativo
RA-401;2;K;Aluno-401;12;Feminino;2021;Pública;Ágata;6,64;6,9;9,6;7,5;4,3;3,7;5;;6,72;5;3;-1;2022;;Ativo
RA-402;2;K;Aluno-402;12;Feminino;2019;Pública;Quartzo;5,26;9;3,7;5;3;4,3;1,7;;7,22;5;3;-1;2022;;Ativo
RA-403;2;K;Aluno-403;12;Masculino;2020;Pública;Ametista;7,46;9,5;9,3;7,5;6,3;6,5;6,2;;7,5;5;3;-1;2022;;Ativo
RA-404;2;K;Aluno-404;12;Feminino;2020;Pública;Ágata;6,66;9;7,3;7,5;5,3;4;6,5;;6,94;5;3;-1;2022;;Ativo
RA-405;2;K;Aluno-405;13;Masculino;2016;Pública;Quartzo;5,66;9,5;6,2;5;3,3;2,7;3,8;;6;5;3;-1;2022;;Ativo
RA-406;2;K;Aluno-406;13;Feminino;2019;Pública;Ametista;7,5;9,5;9,5;7,5;6,6;5,4;7,8;;7,33;5;3;-1;2022;;Ativo
RA-407;2;K;Aluno-407;13;Masculino;2022;Pública;Ametista;7,2;8,5;9,3;7,5;6;4;8;;7,06;5;3;-1;2022;;Ativo
RA-408;2;K;Aluno-408;12;Feminino;2022;Pública;Ágata;6,72;8;9,7;7,5;3,3;1;5,5;;7,33;5;3;-1;2022;;Ativo
RA-409;2;K;Aluno-409;11;Feminino;2022;Pública;Topázio;8,15;7,9;9,7;7,5;7,8;6;9,5;;7,5;10;2;0;2022;;Ativo
RA-410;2;K;Aluno-410;14;Masculino;2018;Pública;Quartzo;5,68;7,4;6,5;6,3;2;2;2;;7,44;5;4;-2;2022;;Ativo
RA-411;2;L;Aluno-411;12;Feminino;2019;Pública;Ametista;7,23;6,4;8,6;7,5;7,1;6,7;7,5;;7,83;5;3;-1;2022;;Ativo
RA-412;2;L;Aluno-412;12;Feminino;2018;Pública;Ametista;7,56;8,5;9;7,5;7,3;6,5;8,2;;7,78;5;3;-1;2022;;Ativo
RA-413;2;L;Aluno-413;12;Feminino;2022;Pública;Ágata;6,41;6,4;8,7;5,6;4,7;4,2;5,2;;7,06;5;3;-1;2022;;Ativo
RA-414;2;L;Aluno-414;12;Feminino;2021;Pública;Ametista;7,28;8;9,3;7,5;5,9;5,7;6,2;;7,67;5;3;-1;2022;;Ativo
RA-415;2;L;Aluno-415;11;Feminino;2019;Pública;Ametista;7,7;8;8,3;7,5;6,2;4,8;7,5;;8,06;10;2;0;2022;;Ativo
RA-416;2;L;Aluno-416;12;Masculino;2018;Privada;Ametista;7,91;9,5;9,3;8,8;7,2;6,7;7,7;;8,22;5;3;-1;2022;;Ativo
RA-417;2;L;Aluno-417;13;Feminino;2022;Pública;Topázio;8,43;10;10;7,5;8;6;10;;9,56;5;3;-1;2022;;Ativo
RA-418;2;L;Aluno-418;10;Feminino;2020;Privada;Topázio;8,18;8;9,4;7,5;7,5;6,5;8,5;;8,22;10;2;0;2022;;Ativo
RA-419;2;L;Aluno-419;12;Feminino;2019;Privada;Ametista;7,36;7,5;9,2;5,6;6,9;5,3;8,5;;8,39;5;3;-1;2022;;Ativo
RA-420;2;L;Aluno-420;11;Feminino;2019;Privada;Ametista;7,46;9,5;9;5,6;4,5;1,3;7,7;;8;10;2;0;2022;;Ativo
RA-421;2;L;Aluno-421;11;Masculino;2021;Pública;Topázio;8,72;8,5;9,3;7,5;8,8;9,2;8,5;;9,11;10;2;0;2022;;Ativo
RA-422;2;L;Aluno-422;12;Masculino;2022;Pública;Ágata;6,75;8,5;10;7,5;2,5;1;4;;7,5;5;3;-1;2022;;Ativo
RA-423;2;L;Aluno-423;12;Feminino;2022;Pública;Ágata;6,65;8,4;9,6;7,5;2,3;0,5;4;;7,67;5;3;-1;2022;;Ativo
RA-424;2;L;Aluno-424;12;Feminino;2022;Pública;Ametista;7,94;9;10;7,5;7,5;10;5;;8,22;5;3;-1;2022;;Ativo
RA-425;2;L;Aluno-425;12;Masculino;2022;Pública;Topázio;8,12;9;10;7,5;9;9;9;;7,5;5;3;-1;2022;;Ativo
RA-426;2;M;Aluno-426;14;Feminino;2022;Pública;Ágata;6,35;9;6,5;7,5;4,6;2,3;6,8;;7,11;5;4;-2;2022;;Ativo
RA-427;2;M;Aluno-427;13;Masculino;2022;Pública;Ágata;6,24;8;8,5;7,5;2,5;3;2;;6,78;5;3;-1;2022;;Ativo
RA-428;2;M;Aluno-428;13;Masculino;2022;Pública;Ametista;7,68;6,8;8,7;7,5;9,5;10;9;;7,11;5;3;-1;2022;;Ativo
RA-429;2;M;Aluno-429;13;Masculino;2019;Pública;Quartzo;5,81;10;5,3;7,5;2,7;2,8;2,5;;6,61;5;3;-1;2022;;Ativo
RA-430;2;M;Aluno-430;13;Masculino;2022;Pública;Ametista;7,58;9,5;8,6;7,5;8,5;7,5;9,5;;6,61;5;3;-1;2022;;Ativo
RA-431;2;M;Aluno-431;11;Masculino;2022;Pública;Ametista;7,18;9;8,1;7,5;4,5;5;4;;6,78;10;2;0;2022;;Ativo
RA-432;2;M;Aluno-432;14;Feminino;2019;Pública;Ágata;6,34;10;6,8;5;5,1;5,7;4,5;;6,61;5;4;-2;2022;;Ativo
RA-433;2;M;Aluno-433;12;Masculino;2022;Pública;Quartzo;5,56;8,5;7,3;5;2,6;2,2;3;;5,78;5;3;-1;2022;;Ativo
RA-434;2;M;Aluno-434;11;Masculino;2022;Pública;Ametista;7,4;9;8,1;7,5;5,7;4,8;6,5;;6,78;10;2;0;2022;;Ativo
RA-435;2;M;Aluno-435;10;Feminino;2022;Pública;Ágata;6,6;7,9;6,2;7,5;4,7;3,7;5,7;;6,44;10;2;0;2022;;Ativo
RA-436;2;M;Aluno-436;11;Masculino;2022;Pública;Ágata;6,69;9,5;8,1;7,5;2;4;0;;6,61;10;2;0;2022;;Ativo
RA-437;2;M;Aluno-437;13;Masculino;2022;Pública;Ágata;6,88;8,5;8,3;7,5;5,8;6;5,5;;6,61;5;3;-1;2022;;Ativo
RA-438;2;M;Aluno-438;10;Masculino;2022;Pública;Ametista;7,76;8;8,7;7,5;7,3;6,5;8;;6,89;10;2;0;2022;;Ativo
RA-439;2;M;Aluno-439;12;Masculino;2022;Pública;Quartzo;5,52;9;4,9;7,5;2,3;3,2;1,3;;6,5;5;3;-1;2022;;Ativo
RA-440;2;P;Aluno-440;11;Masculino;2022;Pública;Ametista;7,33;9,5;9;6,9;5,5;6;5;;5,83;10;2;0;2022;;Ativo
RA-441;2;P;Aluno-441;11;Feminino;2019;Pública;Topázio;8,19;9;7,9;7,5;8;8;8;;8,33;10;2;0;2022;;Ativo
RA-442;2;P;Aluno-442;11;Feminino;2022;Pública;Topázio;8,23;10;8,2;7,5;7,5;9;6;;8,22;10;2;0;2022;;Ativo
RA-443;2;P;Aluno-443;13;Feminino;2019;Pública;Ametista;7,48;9;9,1;7,5;5,6;8;3,2;;8,5;5;3;-1;2022;;Ativo
RA-444;2;P;Aluno-444;11;Masculino;2018;Pública;Ágata;6,66;9;7,2;5;3,1;1,5;4,7;;7,78;10;2;0;2022;;Ativo
RA-445;2;P;Aluno-445;12;Masculino;2022;Pública;Ágata;6,92;9;9,4;7,5;3,8;0;7,5;;7,5;5;3;-1;2022;;Ativo
RA-446;2;P;Aluno-446;13;Feminino;2018;Pública;Ametista;7,37;9,5;8,9;5;6,9;6,3;7,5;;7,89;5;3;-1;2022;;Ativo
RA-447;2;P;Aluno-447;10;Feminino;2022;Pública;Quartzo;5,61;0;7;7,5;3,5;7;0;;5,56;10;2;0;2022;;Ativo
RA-448;2;P;Aluno-448;11;Feminino;2022;Pública;Ametista;7,97;9;9,7;7,5;5,5;5;6;;8,11;10;2;0;2022;;Ativo
RA-449;2;P;Aluno-449;12;Feminino;2022;Pública;Ágata;6,14;0;6;7,5;7;6;8;;8,11;5;3;-1;2022;;Ativo
RA-450;2;Q;Aluno-450;13;Masculino;2021;Pública;Ametista;7,84;10;9,1;7,5;7,5;6,8;8,2;;8,11;5;3;-1;2022;;Ativo
RA-451;2;Q;Aluno-451;13;Feminino;2019;Pública;Ágata;6,43;9;6;6,3;6,1;3,1;9,2;;6,89;5;3;-1;2022;;Ativo
RA-452;2;Q;Aluno-452;13;Feminino;2021;Pública;Ágata;6,29;9;5,6;7,5;4,8;5;4,5;;7,17;5;3;-1;2022;;Ativo
RA-453;2;Q;Aluno-453;13;Feminino;2022;Pública;Ametista;7,84;9;8,7;7,5;8,8;8;9,5;;7,78;5;3;-1;2022;;Ativo
RA-454;2;Q;Aluno-454;14;Masculino;2018;Pública;Quartzo;5,56;9,5;8,6;5;2,3;0;4,7;;5,44;5;4;-2;2022;;Ativo
RA-455;2;Q;Aluno-455;12;Feminino;2022;Pública;Ágata;6,88;7;7,9;7,5;6,3;6;6,5;;7,28;5;3;-1;2022;;Ativo
RA-456;2;Q;Aluno-456;12;Feminino;2022;Pública;Ametista;7,19;6,4;8,2;6,3;7,3;6;8,7;;8,39;5;3;-1;2022;;Ativo
RA-457;2;Q;Aluno-457;12;Feminino;2022;Pública;Ametista;7,68;8;8,8;7,5;8,5;7;10;;7,67;5;3;-1;2022;;Ativo
RA-458;2;Q;Aluno-458;13;Masculino;2019;Pública;Ágata;6,51;8;7,7;7,5;5,6;4,7;6,5;;5,83;5;3;-1;2022;;Ativo
RA-459;2;Q;Aluno-459;12;Masculino;2019;Pública;Ametista;7,28;7;9,1;8,1;7,3;5,3;9,2;;7,22;5;3;-1;2022;;Ativo
RA-460;2;Q;Aluno-460;12;Masculino;2022;Pública;Quartzo;5,71;6,8;8,1;7,5;3,3;0,5;6;;5,06;5;3;-1;2022;;Ativo
RA-461;2;Q;Aluno-461;12;Feminino;2018;Pública;Quartzo;5,45;0;6,7;7,5;3,8;1,5;6,2;;7,22;5;3;-1;2022;;Ativo
RA-462;2;Q;Aluno-462;14;Masculino;2022;Pública;Ágata;6,63;10;8,5;7,5;3,6;2;5,2;;6,78;5;4;-2;2022;;Ativo
RA-463;2;U;Aluno-463;12;Feminino;2020;Pública;Ágata;6,41;10;7,8;7,5;2,5;2;3;;7,39;5;3;-1;2022;;Ativo
RA-464;2;U;Aluno-464;13;Feminino;2022;Pública;Ágata;6,74;7,5;8;7,5;4,8;2,7;7;;7,72;5;3;-1;2022;;Ativo
RA-465;2;U;Aluno-465;11;Masculino;2019;Pública;Ametista;8,01;8;7,9;7,5;7,8;9,3;6,3;;8,44;10;2;0;2022;;Ativo
RA-466;2;U;Aluno-466;13;Masculino;2022;Pública;Ágata;6,83;8,5;9,7;7,5;3,3;0,5;6;;7,56;5;3;-1;2022;;Ativo
RA-467;2;U;Aluno-467;13;Feminino;2022;Pública;Ágata;6,38;5,8;8,4;5;5,5;5;6;;7,11;5;3;-1;2022;;Ativo
RA-468;2;U;Aluno-468;13;Masculino;2022;Pública;Ágata;6,31;9,5;6,7;7,5;4,1;4,5;3,7;;6,72;5;3;-1;2022;;Ativo
RA-469;2;U;Aluno-469;11;Feminino;2022;Pública;Ametista;7,62;9;9,6;5;5,7;6,2;5,2;;7,83;10;2;0;2022;;Ativo
RA-470;2;U;Aluno-470;13;Feminino;2019;Pública;Ametista;7,38;8;9,7;7,5;6,3;5,3;7,3;;7,5;5;3;-1;2022;;Ativo
RA-471;2;U;Aluno-471;13;Feminino;2020;Pública;Ágata;6,54;3,5;8,5;5;6,3;5,7;6,8;;8,06;5;3;-1;2022;;Ativo
RA-472;2;U;Aluno-472;12;Feminino;2022;Pública;Quartzo;5,93;9;7;7,5;2;1,8;2,2;;7,06;5;3;-1;2022;;Ativo
RA-473;2;U;Aluno-473;12;Masculino;2019;Pública;Quartzo;5,92;8;6,1;7,5;4,3;4,5;4;;5,89;5;3;-1;2022;;Ativo
RA-474;2;U;Aluno-474;13;Masculino;2019;Pública;Ágata;6,45;9,5;9,1;7,5;3;1,3;4,7;;6;5;3;-1;2022;;Ativo
RA-475;2;U;Aluno-475;12;Feminino;2022;Pública;Ametista;7,2;8,5;9,2;7,5;5,8;3,3;8,3;;7,67;5;3;-1;2022;;Ativo
RA-476;2;U;Aluno-476;12;Feminino;2019;Pública;Ágata;6,93;9;9,3;4,4;5,5;5;6;;7,56;5;3;-1;2022;;Ativo
RA-477;2;U;Aluno-477;13;Masculino;2022;Pública;Quartzo;3,63;0;5;5,6;0,7;0,3;1;;4,5;5;3;-1;2022;;Ativo
RA-478;2;U;Aluno-478;12;Feminino;2019;Pública;Ágata;6,71;8,5;9,1;5,6;4,9;3,8;6;;7,06;5;3;-1;2022;;Ativo
RA-479;1;A;Aluno-479;10;Masculino;2020;Privada;Topázio;8,46;8;9,2;7,5;9,8;10;9,7;;9,5;5;2;-1;2022;;Ativo
RA-480;1;A;Aluno-480;10;Feminino;2021;Pública;Ametista;7,5;9;8,8;7,5;6,3;6,8;5,7;;8,44;5;2;-1;2022;;Ativo
RA-481;1;A;Aluno-481;9;Masculino;2021;Pública;Ametista;7,21;9;8;7,5;5,2;5,7;4,7;;6,89;10;1;0;2022;;Ativo
RA-482;1;A;Aluno-482;11;Masculino;2021;Pública;Ágata;6,87;10;7,9;7,5;5,5;4,3;6,7;;6,83;5;2;-1;2022;;Ativo
RA-483;1;A;Aluno-483;11;Feminino;2019;Pública;Quartzo;5,26;9;4,8;5;2,4;2;2,8;;6,83;5;2;-1;2022;;Ativo
RA-484;1;A;Aluno-484;11;Masculino;2022;Pública;Ágata;6,71;9,5;8,7;5;6,5;8;5;;6,39;5;2;-1;2022;;Ativo
RA-485;1;A;Aluno-485;10;Masculino;2020;Pública;Quartzo;4,74;9,5;4;7,5;1,2;1;1,3;;5,44;5;2;-1;2022;;Ativo
RA-486;1;A;Aluno-486;10;Feminino;2020;Pública;Ametista;7,62;10;9,9;7,5;7,3;6,7;7,8;;7,22;5;2;-1;2022;;Ativo
RA-487;1;A;Aluno-487;10;Feminino;2019;Privada;Topázio;8,42;7,5;9,7;7,5;9,6;9,7;9,5;;9,33;5;2;-1;2022;;Ativo
RA-488;1;A;Aluno-488;10;Feminino;2022;Pública;Ametista;7,41;8,5;8,8;7,5;7,3;6;8,5;;7,72;5;2;-1;2022;;Ativo
RA-489;1;A;Aluno-489;9;Feminino;2022;Pública;Quartzo;5,85;9;7,2;7,5;0;0;0;;6,5;10;1;0;2022;;Ativo
RA-490;1;A;Aluno-490;10;Feminino;2022;Pública;Ametista;7,58;7,9;8,2;7,5;7,7;6;9,3;;8,72;5;2;-1;2022;;Ativo
RA-491;1;A;Aluno-491;11;Masculino;2022;Pública;Ametista;7,46;7,5;9,7;7,5;7;6;8;;7,72;5;2;-1;2022;;Ativo
RA-492;1;A;Aluno-492;11;Feminino;2022;Pública;Ametista;7,68;10;8,8;7,5;7,1;8,2;6;;8,28;5;2;-1;2022;;Ativo
RA-493;1;B;Aluno-493;9;Feminino;2020;Pública;Topázio;8,31;10;9,4;7,5;7,2;7,3;7;;8,28;10;1;0;2022;;Ativo
RA-494;1;B;Aluno-494;11;Feminino;2022;Pública;Ágata;6,41;6,4;8,3;5;5,8;6,3;5,2;;6,94;5;2;-1;2022;;Ativo
RA-495;1;B;Aluno-495;11;Masculino;2022;Pública;Ametista;7,86;9;8,9;7,5;8,4;8;8,8;;8,06;5;2;-1;2022;;Ativo
RA-496;1;B;Aluno-496;11;Masculino;2018;Pública;Ágata;6,68;8,5;6,8;7,5;5,7;5,8;5,5;;7,56;5;2;-1;2022;;Ativo
RA-497;1;B;Aluno-497;13;Feminino;2016;Privada;Ágata;6,32;6,9;9,2;5;5,1;4,2;6;;5,83;5;3;-2;2022;;Ativo
RA-498;1;B;Aluno-498;11;Feminino;2018;Pública;Ametista;7,7;8,5;8,8;7,5;8,8;8;9,5;;7,56;5;2;-1;2022;;Ativo
RA-499;1;B;Aluno-499;10;Masculino;2020;Pública;Ametista;7,83;8,5;10;7,5;8,2;8,2;8,2;;7,44;5;2;-1;2022;;Ativo
RA-500;1;B;Aluno-500;10;Feminino;2020;Pública;Topázio;8,23;9;10;7,5;9,5;9,5;9,5;;7,89;5;2;-1;2022;;Ativo
RA-501;1;B;Aluno-501;9;Masculino;2021;Pública;Ametista;7,79;8,5;8,8;7,5;6,8;8;5,7;;7,33;10;1;0;2022;;Ativo
RA-502;1;B;Aluno-502;8;Feminino;2021;Privada;Topázio;8,29;9,5;9,7;7,5;7,4;6,7;8,2;;7,78;10;0;1;2022;;Ativo
RA-503;1;B;Aluno-503;10;Masculino;2020;Pública;Ametista;7,95;8,5;10;7,5;8,8;8,7;9;;7,5;5;2;-1;2022;;Ativo
RA-504;1;B;Aluno-504;9;Feminino;2021;Pública;Topázio;8,07;8,5;8,9;7,5;8;7,8;8,2;;7,56;10;1;0;2022;;Ativo
RA-505;1;B;Aluno-505;11;Feminino;2019;Pública;Ametista;7,59;9,5;8;7,5;8,4;8,2;8,7;;7,56;5;2;-1;2022;;Ativo
RA-506;1;B;Aluno-506;12;Masculino;2020;Pública;Ametista;7,13;9,5;7,3;7,5;7,2;8,3;6;;7,28;5;3;-2;2022;;Ativo
RA-507;1;C;Aluno-507;11;Feminino;2021;Pública;Ametista;7,65;8,5;10;7,5;7,4;7,3;7,5;;7,22;5;2;-1;2022;;Ativo
RA-508;1;C;Aluno-508;10;Masculino;2022;Pública;Ágata;6,58;8;7,4;7,5;4,5;0;9;;7,56;5;2;-1;2022;;Ativo
RA-509;1;C;Aluno-509;12;Feminino;2018;Pública;Ametista;7,81;9;8,2;7,5;9,2;9,3;9;;7,83;5;3;-2;2022;;Ativo
RA-510;1;C;Aluno-510;12;Masculino;2022;Pública;Ametista;7,34;8;9,3;7,5;7,1;5,8;8,3;;7,06;5;3;-2;2022;;Ativo
RA-511;1;C;Aluno-511;10;Feminino;2022;Pública;Ametista;7,09;8;10;7,5;5,3;2;8,5;;7,06;5;2;-1;2022;;Ativo
RA-512;1;C;Aluno-512;10;Feminino;2022;Pública;Ametista;7,36;9;9,3;7,5;6,2;5,3;7;;7,72;5;2;-1;2022;;Ativo
RA-513;1;C;Aluno-513;9;Masculino;2021;Pública;Topázio;8,23;9;9,6;5,6;8,3;8,2;8,5;;7,78;10;1;0;2022;;Ativo
RA-514;1;C;Aluno-514;9;Feminino;2022;Pública;Ametista;7,04;8;9,7;7,5;4,8;2;7,5;;5,89;10;1;0;2022;;Ativo
RA-515;1;C;Aluno-515;12;Masculino;2022;Pública;Ágata;6,58;8;6,3;7,5;5,8;8,5;3,2;;7,56;5;3;-2;2022;;Ativo
RA-516;1;C;Aluno-516;9;Masculino;2019;Privada;Topázio;8,9;10;9,7;7,5;9,9;10;9,8;;8,06;10;1;0;2022;;Ativo
RA-517;1;D;Aluno-517;12;Feminino;2017;Pública;Ametista;7,6;6,9;9,5;7,5;7,7;7,8;7,5;;7,83;5;3;-2;2022;;Ativo
RA-518;1;D;Aluno-518;10;Masculino;2022;Pública;Ametista;7,66;9;9,4;7,5;7,5;6;9;;7,5;5;2;-1;2022;;Ativo
RA-519;1;D;Aluno-519;9;Masculino;2022;Pública;Ametista;8;7,4;9,6;7,5;7,5;7;8;;7,33;10;1;0;2022;;Ativo
RA-520;1;D;Aluno-520;11;Feminino;2022;Pública;Ametista;7,04;10;6,8;7,5;6,8;5;8,5;;7,28;5;2;-1;2022;;Ativo
RA-521;1;D;Aluno-521;9;Masculino;2022;Pública;Ametista;7,72;9;10;5;6;5;7;;7,5;10;1;0;2022;;Ativo
RA-522;1;D;Aluno-522;9;Masculino;2021;Pública;Topázio;8,31;9,5;9,1;7,5;7,5;7;8;;8,17;10;1;0;2022;;Ativo
RA-523;1;D;Aluno-523;11;Feminino;2022;Pública;Ametista;7,59;10;9,5;7,5;6,5;5;8;;7,56;5;2;-1;2022;;Ativo
RA-524;1;D;Aluno-524;11;Masculino;2019;Pública;Ágata;6,95;0;9,4;5;9,1;9;9,2;;8,06;5;2;-1;2022;;Ativo
RA-525;1;D;Aluno-525;11;Feminino;2021;Pública;Ametista;8,01;9;9,3;7,5;8,6;8,3;8,8;;8,17;5;2;-1;2022;;Ativo
RA-526;1;D;Aluno-526;12;Masculino;2022;Pública;Topázio;8,08;10;9,9;7,5;8;7,7;8,3;;8,17;5;3;-2;2022;;Ativo
RA-527;1;D;Aluno-527;9;Feminino;2022;Pública;Ametista;8,02;8,5;10;7,5;6,5;5;8;;7,5;10;1;0;2022;;Ativo
RA-528;1;D;Aluno-528;11;Masculino;2021;Pública;Quartzo;5,34;0;6,2;7,5;4;5,3;2,7;;6,94;5;2;-1;2022;;Ativo
RA-529;1;D;Aluno-529;12;Masculino;2020;Pública;Ágata;6,51;8,5;8,9;5;5,2;3,3;7;;6,56;5;3;-2;2022;;Ativo
RA-530;1;E;Aluno-530;10;Masculino;2019;Pública;Topázio;8,34;10;9;7,5;8,9;9;8,8;;9,06;5;2;-1;2022;;Ativo
RA-531;1;E;Aluno-531;10;Masculino;2022;Pública;Ametista;8,06;9,5;9,8;7,5;7,8;8,7;7;;8,17;5;2;-1;2022;;Ativo
RA-532;1;E;Aluno-532;9;Feminino;2022;Pública;Ametista;7,79;9,5;9,7;7,5;5,5;4;7;;7,17;10;1;0;2022;;Ativo
RA-533;1;E;Aluno-533;10;Masculino;2022;Pública;Ágata;6,96;8,5;8,8;5,6;6;5;7;;7,33;5;2;-1;2022;;Ativo
RA-534;1;E;Aluno-534;12;Feminino;2021;Pública;Ametista;7,13;9;7,4;7,5;7,1;6,5;7,7;;7,33;5;3;-2;2022;;Ativo
RA-535;1;F;Aluno-535;10;Feminino;2019;Pública;Ágata;6,95;9;9,2;7,5;5,1;4,7;5,5;;6,92;5;2;-1;2022;;Ativo
RA-536;1;F;Aluno-536;10;Feminino;2020;Pública;Ametista;7,11;9,5;8,9;5,6;6;6,3;5,7;;7,75;5;2;-1;2022;;Ativo
RA-537;1;F;Aluno-537;10;Masculino;2022;Pública;Ágata;6,64;9,5;9;4,4;4,8;2,5;7;;7,17;5;2;-1;2022;;Ativo
RA-538;1;F;Aluno-538;13;Masculino;2022;Pública;Ágata;6,31;8,5;7,5;5,6;6,8;4,5;9;;5,58;5;3;-2;2022;;Ativo
RA-539;1;F;Aluno-539;11;Feminino;2022;Pública;Ametista;7,66;8,5;9,3;6,9;7,5;6,8;8,2;;8,42;5;2;-1;2022;;Ativo
RA-540;1;F;Aluno-540;10;Feminino;2019;Pública;Ametista;7,3;8,5;9,5;5,6;7;6,8;7,2;;7,5;5;2;-1;2022;;Ativo
RA-541;1;F;Aluno-541;14;Masculino;2022;Pública;Quartzo;5,43;10;7,8;6,9;2,5;0;5;;5;2,5;4;-3;2022;;Ativo
RA-542;1;F;Aluno-542;11;Feminino;2019;Pública;Ametista;7,22;8;9,8;6,3;6,5;5,3;7,7;;7,42;5;2;-1;2022;;Ativo
RA-543;1;F;Aluno-543;10;Feminino;2022;Pública;Ametista;7,05;8,5;9,8;4,4;6,5;5;8;;7,17;5;2;-1;2022;;Ativo
RA-544;1;F;Aluno-544;10;Masculino;2022;Pública;Ágata;6,31;9,5;9,7;5,6;3,3;1;5,5;;6;5;2;-1;2022;;Ativo
RA-545;1;G;Aluno-545;13;Masculino;2018;Pública;Ágata;6,72;9,5;6,6;7,5;5,5;4,3;6,7;;7,5;5;3;-2;2022;;Ativo
RA-546;1;G;Aluno-546;11;Feminino;2021;Pública;Ágata;6,77;9;7,9;5;5,6;3,3;7,8;;7,92;5;2;-1;2022;;Ativo
RA-547;1;G;Aluno-547;11;Feminino;2019;Pública;Ametista;7,74;9,5;9,7;5;7,6;7,3;7,8;;8,83;5;2;-1;2022;;Ativo
RA-548;1;G;Aluno-548;12;Masculino;2019;Pública;Ametista;7,29;8;9,1;6,9;7,2;5,7;8,7;;7,58;5;3;-2;2022;;Ativo
RA-549;1;G;Aluno-549;10;Masculino;2021;Pública;Ágata;6,3;10;7,9;6,9;4,2;2,2;6,2;;6,17;5;2;-1;2022;;Ativo
RA-550;1;G;Aluno-550;12;Feminino;2022;Pública;Ágata;6,03;9;9;6,9;1,9;2;1,8;;6,25;5;3;-2;2022;;Ativo
RA-551;1;G;Aluno-551;12;Feminino;2018;Pública;Ágata;6,85;8,5;7,3;6,9;6,6;5;8,2;;7,33;5;3;-2;2022;;Ativo
RA-552;1;G;Aluno-552;11;Masculino;2022;Pública;Ágata;6,62;9,5;8,8;5;5,5;6;5;;7,17;5;2;-1;2022;;Ativo
RA-553;1;G;Aluno-553;11;Feminino;2019;Pública;Ágata;6,39;9,5;6,9;6,9;3,3;1;5,7;;8,17;5;2;-1;2022;;Ativo
RA-554;1;G;Aluno-554;12;Masculino;2017;Pública;Quartzo;5,59;7,9;6;6,9;4;1,7;6,3;;5,75;5;3;-2;2022;;Ativo
RA-555;1;G;Aluno-555;12;Masculino;2019;Pública;Quartzo;5,95;9,5;8,1;5;4,4;1,8;7;;5,17;5;3;-2;2022;;Ativo
RA-556;1;G;Aluno-556;11;Feminino;2018;Pública;Ametista;7,18;9;8,8;5;6,4;4,8;8;;8,25;5;2;-1;2022;;Ativo
RA-557;1;H;Aluno-557;10;Masculino;2019;Pública;Topázio;8,33;10;8,4;7,5;9,4;10;8,8;;9,33;5;2;-1;2022;;Ativo
RA-558;1;H;Aluno-558;14;Masculino;2022;Pública;Quartzo;5,54;9;8,5;5;4,3;0,5;8;;4,5;2,5;4;-3;2022;;Ativo
RA-559;1;H;Aluno-559;11;Masculino;2021;Pública;Ametista;7,63;9,5;9,2;7,5;7,1;7,2;7;;8,08;5;2;-1;2022;;Ativo
RA-560;1;H;Aluno-560;11;Masculino;2020;Pública;Quartzo;4,95;6,9;7,2;5;3,8;3,2;4,3;;3,75;5;2;-1;2022;;Ativo
RA-561;1;H;Aluno-561;11;Masculino;2022;Pública;Ametista;7,86;9;9;7,5;7,4;9,5;5,3;;8,83;5;2;-1;2022;;Ativo
RA-562;1;H;Aluno-562;11;Feminino;2021;Pública;Ametista;7,86;8;9;7,5;8;8,3;7,7;;8,75;5;2;-1;2022;;Ativo
RA-563;1;H;Aluno-563;11;Feminino;2020;Pública;Topázio;8,22;10;9,2;7,5;8,5;9;8;;8,83;5;2;-1;2022;;Ativo
RA-564;1;H;Aluno-564;13;Masculino;2019;Pública;Quartzo;4,97;9,5;3,8;5;2,3;2,5;2;;6,83;5;3;-2;2022;;Ativo
RA-565;1;H;Aluno-565;13;Masculino;2022;Pública;Quartzo;5,23;9;4,1;7,5;2,9;4;1,8;;5,92;5;3;-2;2022;;Ativo
RA-566;1;H;Aluno-566;12;Feminino;2022;Pública;Ametista;7,73;9,5;8,4;7,5;8,5;9,5;7,5;;7,92;5;3;-2;2022;;Ativo
RA-567;1;H;Aluno-567;11;Masculino;2019;Pública;Ágata;6,28;9,5;6;7,5;4,8;4,3;5,2;;6,83;5;2;-1;2022;;Ativo
RA-568;1;J;Aluno-568;14;Masculino;2018;Pública;Ametista;7,31;8;8,6;6,9;8,3;8;8,5;;7,94;2,5;4;-3;2022;;Ativo
RA-569;1;J;Aluno-569;12;Feminino;2020;Pública;Ametista;7,07;9,5;8,7;5;6,8;6,3;7,3;;7,33;5;3;-2;2022;;Ativo
RA-570;1;J;Aluno-570;10;Feminino;2019;Pública;Quartzo;5,72;9;7;7,5;1,3;0,7;2;;6,78;5;2;-1;2022;;Ativo
RA-571;1;J;Aluno-571;11;Feminino;2019;Pública;Ágata;6,59;8,5;8,8;7,5;3,7;3,3;4;;6,94;5;2;-1;2022;;Ativo
RA-572;1;J;Aluno-572;9;Masculino;2022;Pública;Ametista;7,48;8,5;8;7,5;6,8;4,5;9;;6,83;10;1;0;2022;;Ativo
RA-573;1;J;Aluno-573;11;Masculino;2020;Pública;Topázio;8,26;9,5;9,9;7,5;8,2;8,3;8;;8,94;5;2;-1;2022;;Ativo
RA-574;1;J;Aluno-574;10;Masculino;2022;Pública;Ágata;6,86;9,5;7,2;5;7,5;5,5;9,5;;6,94;5;2;-1;2022;;Ativo
RA-575;1;J;Aluno-575;12;Masculino;2019;Pública;Quartzo;5,89;8;6,1;7,5;2,8;2,7;3;;7;5;3;-2;2022;;Ativo
RA-576;1;J;Aluno-576;10;Feminino;2022;Pública;Ametista;7,59;9,5;9,1;7,5;7,8;7,5;8;;7,11;5;2;-1;2022;;Ativo
RA-577;1;J;Aluno-577;10;Feminino;2022;Pública;Ametista;7,86;9,5;9,3;7,5;9;8,3;9,7;;7,11;5;2;-1;2022;;Ativo
RA-578;1;J;Aluno-578;10;Masculino;2019;Pública;Topázio;8,81;9,5;10;8,8;9,5;9,3;9,7;;9,61;5;2;-1;2022;;Ativo
RA-579;1;J;Aluno-579;10;Feminino;2022;Pública;Ágata;6,07;8,5;5,8;7,5;3,8;0;7,5;;7,22;5;2;-1;2022;;Ativo
RA-580;1;J;Aluno-580;10;Feminino;2020;Pública;Ametista;7,52;8;9,6;7,5;7,6;6,3;8,8;;7,17;5;2;-1;2022;;Ativo
RA-581;1;J;Aluno-581;10;Masculino;2019;Pública;Ágata;6,46;7,5;8,9;7,5;5;5,3;4,7;;5,89;5;2;-1;2022;;Ativo
RA-582;1;J;Aluno-582;10;Feminino;2022;Pública;Ametista;7,06;10;9;7,5;4,9;4,3;5,5;;7,22;5;2;-1;2022;;Ativo
RA-583;1;J;Aluno-583;12;Feminino;2019;Pública;Ametista;7,46;8,5;9,4;7,5;7,1;6,2;8;;7,33;5;3;-2;2022;;Ativo
RA-584;1;J;Aluno-584;10;Feminino;2019;Pública;Ágata;6,71;8;8,5;7,5;4,6;4,5;4,7;;7,33;5;2;-1;2022;;Ativo
RA-585;1;K;Aluno-585;9;Feminino;2020;Pública;Ametista;7,4;8,5;9,1;7,5;5;3,7;6,3;;6,89;10;1;0;2022;;Ativo
RA-586;1;K;Aluno-586;10;Feminino;2021;Privada;Ametista;7,99;10;9,6;5,6;8,2;8,2;8,2;;8,78;5;2;-1;2022;;Ativo
RA-587;1;K;Aluno-587;10;Masculino;2022;Pública;Ágata;6,63;9,5;9,3;7,5;3,8;1;6,5;;6,17;5;2;-1;2022;;Ativo
RA-588;1;K;Aluno-588;9;Feminino;2021;Privada;Topázio;8,62;9,5;10;5,6;9,3;9,3;9,2;;8,28;10;1;0;2022;;Ativo
RA-589;1;K;Aluno-589;9;Feminino;2022;Pública;Ametista;7,74;9,5;9,4;7,5;5,8;3;8,5;;7,06;10;1;0;2022;;Ativo
RA-590;1;K;Aluno-590;10;Feminino;2020;Pública;Ametista;7,44;8,5;8,6;7,5;7,4;5,7;9,2;;7,61;5;2;-1;2022;;Ativo
RA-591;1;K;Aluno-591;11;Masculino;2021;Pública;Ametista;7,51;9,5;9,3;7,5;7,1;7,8;6,3;;7,39;5;2;-1;2022;;Ativo
RA-592;1;K;Aluno-592;10;Feminino;2020;Pública;Ametista;7,38;8;8,5;5,6;8,4;7,2;9,7;;7,78;5;2;-1;2022;;Ativo
RA-593;1;K;Aluno-593;10;Feminino;2021;Pública;Ágata;6,25;7,5;7,4;7,5;4,6;3;6,2;;6,28;5;2;-1;2022;;Ativo
RA-594;1;K;Aluno-594;10;Masculino;2022;Pública;Ametista;7,39;8;9,4;7,5;7,8;6;9,5;;6,89;5;2;-1;2022;;Ativo
RA-595;1;K;Aluno-595;12;Masculino;2018;Pública;Quartzo;5,18;8,5;5,5;7,5;1;2;0;;6;5;3;-2;2022;;Ativo
RA-596;1;K;Aluno-596;9;Feminino;2021;Pública;Topázio;8,97;9,5;10;7,5;9,3;8,8;9,8;;9;10;1;0;2022;;Ativo
RA-597;1;L;Aluno-597;9;Masculino;2022;Pública;Topázio;8,26;9;10;7,5;8;6,5;9,5;;7,06;10;1;0;2022;;Ativo
RA-598;1;L;Aluno-598;11;Feminino;2022;Pública;Ágata;6,35;9,5;7,2;7,5;3,7;4,7;2,7;;6,94;5;2;-1;2022;;Ativo
RA-599;1;L;Aluno-599;10;Masculino;2022;Pública;Topázio;8,2;9,5;9,2;7,5;9,1;8,3;9,8;;8,56;5;2;-1;2022;;Ativo
RA-600;1;L;Aluno-600;9;Feminino;2021;Pública;Ágata;7,01;8,5;8,4;7,5;3,9;2,8;5;;6,83;10;1;0;2022;;Ativo
RA-601;1;L;Aluno-601;8;Masculino;2021;Pública;Ametista;7,71;9;9,7;7,5;5,7;5,3;6;;7,17;10;0;1;2022;;Ativo
RA-602;1;L;Aluno-602;11;Masculino;2019;Pública;Ametista;8,04;10;9,7;7,5;8,6;8,3;8,8;;7,67;5;2;-1;2022;;Ativo
RA-603;1;L;Aluno-603;11;Feminino;2022;Pública;Ametista;7,78;9;9,5;7,5;7,5;6,7;8,3;;8;5;2;-1;2022;;Ativo
RA-604;1;L;Aluno-604;10;Feminino;2021;Pública;Ametista;8,02;9;9;7,5;8,8;8;9,7;;8,33;5;2;-1;2022;;Ativo
RA-605;1;L;Aluno-605;12;Feminino;2021;Pública;Ametista;7,28;6,9;9,3;6,9;7,1;6,2;8;;7,56;5;3;-2;2022;;Ativo
RA-606;1;L;Aluno-606;10;Masculino;2022;Pública;Ágata;6,13;9,5;9;7,5;1,8;2;1,5;;6,11;5;2;-1;2022;;Ativo
RA-607;1;L;Aluno-607;10;Masculino;2022;Pública;Ágata;6,44;6,8;8,1;7,5;4;3;5;;7,44;5;2;-1;2022;;Ativo
RA-608;1;L;Aluno-608;10;Masculino;2022;Pública;Ametista;7,22;7,8;9,6;7,5;6,3;3;9,5;;7,22;5;2;-1;2022;;Ativo
RA-609;1;L;Aluno-609;11;Masculino;2019;Pública;Ágata;6,79;8,5;7,6;7,5;6;6,5;5,5;;7,06;5;2;-1;2022;;Ativo
RA-610;1;L;Aluno-610;9;Feminino;2022;Pública;Topázio;8,18;9;9,6;7,5;6,5;6;7;;8,5;10;1;0;2022;;Ativo
RA-611;1;M;Aluno-611;12;Masculino;2021;Pública;Ametista;7,76;9,5;7,6;7,5;9,5;10;9;;7,56;5;3;-2;2022;;Ativo
RA-612;1;M;Aluno-612;10;Feminino;2021;Pública;Ametista;7,59;9;9,2;7,5;7,9;9,7;6,2;;7,17;5;2;-1;2022;;Ativo
RA-613;1;M;Aluno-613;13;Masculino;2020;Pública;Topázio;8,12;9;9,2;7,5;9,2;9,2;9,2;;8,56;5;3;-2;2022;;Ativo
RA-614;1;M;Aluno-614;12;Masculino;2021;Pública;Topázio;8,34;9,5;9,7;7,5;9,6;9,8;9,3;;8,28;5;3;-2;2022;;Ativo
RA-615;1;M;Aluno-615;9;Feminino;2020;Pública;Topázio;8,09;9,5;9,7;7,5;7,3;7,8;6,7;;6,89;10;1;0;2022;;Ativo
RA-616;1;M;Aluno-616;12;Masculino;2019;Pública;Ametista;7,3;7,4;7,4;7,5;8,8;9,2;8,5;;7,28;5;3;-2;2022;;Ativo
RA-617;1;M;Aluno-617;11;Feminino;2021;Pública;Ametista;7,11;8,5;8,9;7,5;6,3;4,5;8;;6,78;5;2;-1;2022;;Ativo
RA-618;1;M;Aluno-618;13;Masculino;2020;Pública;Ametista;7,18;8,9;8,3;7,5;6,7;6,8;6,5;;7,33;5;3;-2;2022;;Ativo
RA-619;1;M;Aluno-619;11;Feminino;2021;Pública;Ametista;7,69;9,5;8;7,5;9;9,2;8,8;;7,33;5;2;-1;2022;;Ativo
RA-620;1;M;Aluno-620;12;Masculino;2021;Pública;Ágata;6,02;0;7,5;7,5;6,8;8,5;5;;6,83;5;3;-2;2022;;Ativo
RA-621;1;M;Aluno-621;10;Masculino;2020;Pública;Ametista;7,45;9,5;7,7;7,5;7,5;6,8;8,2;;8,22;5;2;-1;2022;;Ativo
RA-622;1;N;Aluno-622;12;Feminino;2019;Pública;Quartzo;4,93;3,5;3,8;7,5;3,8;4,8;2,7;;6;5;3;-2;2022;;Ativo
RA-623;1;N;Aluno-623;13;Masculino;2022;Pública;Ametista;7,52;7,5;9;7,5;8,3;9,3;7,2;;7,39;5;3;-2;2022;;Ativo
RA-624;1;N;Aluno-624;10;Masculino;2022;Pública;Ametista;7,42;9;8,9;7,5;6,8;8;5,5;;7,72;5;2;-1;2022;;Ativo
RA-625;1;N;Aluno-625;11;Masculino;2022;Pública;Ametista;7,48;8;9,2;7,5;7,8;8,5;7;;7,33;5;2;-1;2022;;Ativo
RA-626;1;N;Aluno-626;11;Masculino;2021;Pública;Quartzo;5,82;7,4;7,6;7,5;1,3;2,5;0;;7,28;5;2;-1;2022;;Ativo
RA-627;1;N;Aluno-627;10;Feminino;2022;Pública;Ágata;6,62;7;6,7;7,5;6,5;6,2;6,8;;7;5;2;-1;2022;;Ativo
RA-628;1;N;Aluno-628;11;Masculino;2022;Pública;Ametista;7,58;9,5;7,6;7,5;9,2;9,3;9;;7,33;5;2;-1;2022;;Ativo
RA-629;1;N;Aluno-629;9;Masculino;2022;Pública;Topázio;8,11;9;10;7,5;7;5;9;;7,28;10;1;0;2022;;Ativo
RA-630;1;N;Aluno-630;9;Masculino;2022;Pública;Topázio;8,06;9,5;9,2;7,5;7,3;6,5;8;;7,28;10;1;0;2022;;Ativo
RA-631;1;N;Aluno-631;12;Masculino;2022;Pública;Ágata;6,93;8,5;6,8;7,5;7;7,3;6,7;;7,22;5;3;-2;2022;;Ativo
RA-632;1;P;Aluno-632;10;Feminino;2022;Pública;Ágata;7;8,5;9,3;6,9;6,3;5,5;7,2;;6,72;5;2;-1;2022;;Ativo
RA-633;1;P;Aluno-633;11;Feminino;2020;Pública;Ametista;7,48;7,3;8,9;7,5;7,7;6,8;8,5;;7,83;5;2;-1;2022;;Ativo
RA-634;1;P;Aluno-634;11;Feminino;2022;Pública;Ametista;7,62;9,5;9,4;7,5;6,5;8;5;;8,22;5;2;-1;2022;;Ativo
RA-635;1;P;Aluno-635;10;Masculino;2022;Pública;Quartzo;5,31;10;4,9;6,9;1,5;0,5;2,5;;6,44;5;2;-1;2022;;Ativo
RA-636;1;P;Aluno-636;10;Masculino;2022;Pública;Ametista;7,19;8,5;8;6,9;7,3;7,3;7,3;;7,39;5;2;-1;2022;;Ativo
RA-637;1;P;Aluno-637;10;Feminino;2021;Pública;Ametista;7,04;8,5;9;7,5;5,8;4,8;6,8;;7;5;2;-1;2022;;Ativo
RA-638;1;P;Aluno-638;9;Feminino;2020;Pública;Ametista;7,06;8,5;9,3;7,5;3,9;2;5,8;;6,28;10;1;0;2022;;Ativo
RA-639;1;P;Aluno-639;10;Feminino;2021;Pública;Ágata;6,61;8,5;7,4;7,5;5,5;3,2;7,8;;6,61;5;2;-1;2022;;Ativo
RA-640;1;P;Aluno-640;11;Feminino;2022;Pública;Ágata;6,73;9;8,4;7,5;4,8;2,5;7;;6,78;5;2;-1;2022;;Ativo
RA-641;1;P;Aluno-641;9;Feminino;2022;Pública;Ametista;7,78;9;9,3;7,5;6,5;4,5;8,5;;6,78;10;1;0;2022;;Ativo
RA-642;1;P;Aluno-642;10;Feminino;2021;Pública;Ametista;7,75;10;9,7;6,9;7,3;7;7,7;;7,78;5;2;-1;2022;;Ativo
RA-643;1;P;Aluno-643;10;Masculino;2022;Pública;Ágata;6,76;9;8;7,5;6,2;6,3;6;;6,72;5;2;-1;2022;;Ativo
RA-644;1;P;Aluno-644;11;Feminino;2021;Pública;Ametista;7,83;9,5;8;7,5;8,8;9,7;8;;8,28;5;2;-1;2022;;Ativo
RA-645;1;P;Aluno-645;10;Feminino;2022;Pública;Ágata;6,09;8,5;8,1;7,5;2;4;0;;6,83;5;2;-1;2022;;Ativo
RA-646;1;R;Aluno-646;13;Masculino;2019;Pública;Topázio;8,18;8,5;9,8;8,1;8,4;8,8;8;;8,39;5;3;-2;2022;;Ativo
RA-647;1;R;Aluno-647;10;Masculino;2022;Pública;Ágata;6,61;9,5;8,6;7,5;3,3;1,5;5,2;;7,28;5;2;-1;2022;;Ativo
RA-648;1;R;Aluno-648;12;Masculino;2019;Pública;Ágata;6,74;9;7,5;6,9;5,3;5;5,5;;7,5;5;3;-2;2022;;Ativo
RA-649;1;R;Aluno-649;12;Feminino;2019;Pública;Ametista;7,3;8,5;8,9;5,6;7,4;6,3;8,5;;7,61;5;3;-2;2022;;Ativo
RA-650;1;R;Aluno-650;11;Feminino;2021;Pública;Ágata;7;6,9;8,7;5,6;6,9;5,5;8,3;;7,5;5;2;-1;2022;;Ativo
RA-651;1;R;Aluno-651;10;Feminino;2022;Pública;Ametista;7,87;8,5;9,3;7,5;7,8;7,7;7,8;;8,33;5;2;-1;2022;;Ativo
RA-652;1;R;Aluno-652;9;Feminino;2022;Pública;Topázio;8,15;8;9,6;7,5;7,8;7;8,5;;7,5;10;1;0;2022;;Ativo
RA-653;1;R;Aluno-653;11;Feminino;2022;Pública;Topázio;8,1;9,5;9,6;7,5;9,3;9,5;9;;7,5;5;2;-1;2022;;Ativo
RA-654;1;R;Aluno-654;12;Feminino;2022;Pública;Ametista;7,31;8,5;8,6;7,5;6,8;5,5;8;;7,56;5;3;-2;2022;;Ativo
RA-655;1;R;Aluno-655;12;Feminino;2019;Pública;Ametista;7,78;7,5;9,2;7,5;8,3;8,3;8,2;;8,39;5;3;-2;2022;;Ativo
RA-656;1;R;Aluno-656;11;Feminino;2020;Pública;Ágata;6,65;7,4;7,5;5,6;6,3;5;7,5;;7,5;5;2;-1;2022;;Ativo
RA-657;1;R;Aluno-657;12;Feminino;2021;Pública;Topázio;8,09;9,5;9,8;7,5;9;9;9;;7,5;5;3;-2;2022;;Ativo
RA-658;1;U;Aluno-658;10;Feminino;2022;Pública;Ametista;7,41;10;9,3;7,5;5,6;4,7;6,5;;7,92;5;2;-1;2022;;Ativo
RA-659;1;U;Aluno-659;10;Feminino;2022;Pública;Ametista;7,78;8;7,8;7,5;9,3;9,5;9;;8,33;5;2;-1;2022;;Ativo
RA-660;1;U;Aluno-660;9;Feminino;2021;Pública;Topázio;8,36;9,5;9;7,5;6,9;5,8;8;;9,08;10;1;0;2022;;Ativo
RA-661;1;U;Aluno-661;11;Masculino;2022;Pública;Ametista;7,59;9;8,3;7,5;7,8;8,3;7,3;;7,92;5;2;-1;2022;;Ativo
RA-662;1;U;Aluno-662;11;Feminino;2022;Pública;Ametista;7,04;9;8,8;7,5;6,8;5,7;7,8;;6,08;5;2;-1;2022;;Ativo
RA-663;1;U;Aluno-663;10;Masculino;2022;Pública;Ágata;6,38;6,9;8,7;7,5;5,8;5;6,5;;5,25;5;2;-1;2022;;Ativo
RA-664;1;U;Aluno-664;10;Feminino;2022;Pública;Ametista;7,28;9,5;8,8;7,5;6,3;5;7,5;;7,17;5;2;-1;2022;;Ativo
RA-665;1;U;Aluno-665;11;Feminino;2022;Pública;Ágata;7;9;7,4;7,5;6,8;6,5;7;;7,25;5;2;-1;2022;;Ativo
RA-666;1;U;Aluno-666;10;Masculino;2022;Pública;Ametista;7,93;9,5;9,1;7,5;7,8;8;7,5;;8,83;5;2;-1;2022;;Ativo
RA-667;1;U;Aluno-667;11;Masculino;2021;Pública;Quartzo;5,84;8,5;5,6;7,5;4,5;3,7;5,3;;5,83;5;2;-1;2022;;Ativo
RA-668;1;U;Aluno-668;11;Masculino;2022;Pública;Quartzo;4,36;6,9;3,3;7,5;2,8;2,8;2,8;;3,75;5;2;-1;2022;;Ativo
RA-669;1;U;Aluno-669;11;Masculino;2022;Pública;Ametista;7,48;9;9,7;7,5;6;5;7;;7,83;5;2;-1;2022;;Ativo
RA-670;1;U;Aluno-670;10;Feminino;2022;Pública;Ametista;7,45;8;8,8;7,5;6,9;6,5;7,3;;8,17;5;2;-1;2022;;Ativo
RA-671;0;A;Aluno-671;9;Masculino;2021;Pública;Ametista;7,62;8,5;8,2;8,1;8,8;8,8;8,8;;7,42;5;1;-1;2022;;Ativo
RA-672;0;A;Aluno-672;9;Feminino;2021;Pública;Ametista;7,48;8,5;8,5;8,1;8,8;8,5;9,1;;6,75;5;1;-1;2022;;Ativo
RA-673;0;A;Aluno-673;8;Feminino;2022;Pública;Topázio;8,65;8,5;9,2;8,1;9,2;9,4;8,9;;8,58;10;0;0;2022;;Ativo
RA-674;0;A;Aluno-674;8;Masculino;2022;Pública;Ametista;7,86;9,5;8,7;8,1;8;8,9;7;;6,33;10;0;0;2022;;Ativo
RA-675;0;A;Aluno-675;8;Masculino;2022;Pública;Ametista;7,58;10;6,6;8,1;7,4;8,8;5,9;;7,08;10;0;0;2022;;Ativo
RA-676;0;A;Aluno-676;9;Masculino;2021;Pública;Ametista;7,91;8,5;8,6;8,1;9,3;9,5;9,1;;8,17;5;1;-1;2022;;Ativo
RA-677;0;B;Aluno-677;8;Feminino;2021;Pública;Topázio;8,36;10;9,4;7,5;7,3;7,7;6,8;;8,58;10;0;0;2022;;Ativo
RA-678;0;B;Aluno-678;9;Masculino;2022;Pública;Ametista;8;9;10;6,9;7,3;7,5;7;;9,5;5;1;-1;2022;;Ativo
RA-679;0;B;Aluno-679;10;Masculino;2020;Pública;Ametista;7,17;9;8,2;7,5;6,3;6,7;5,8;;7,83;5;2;-2;2022;;Ativo
RA-680;0;B;Aluno-680;10;Feminino;2019;Pública;Ametista;7,52;9,5;8,8;7,5;7,4;8;6,8;;7,75;5;2;-2;2022;;Ativo
RA-681;0;B;Aluno-681;10;Masculino;2022;Pública;Ametista;7,2;8,5;8,5;6,9;6,5;6,5;6,5;;8;5;2;-2;2022;;Ativo
RA-682;0;B;Aluno-682;11;Masculino;2022;Pública;Ametista;7,62;9,5;9,1;7,5;7;7;7;;8,08;5;2;-2;2022;;Ativo
RA-683;0;C;Aluno-683;10;Masculino;2022;Pública;Ágata;6,01;7,9;5;7,5;4;8;0;;8,08;5;2;-2;2022;;Ativo
RA-684;0;C;Aluno-684;7;Masculino;2022;Pública;Topázio;8,26;9,5;7,5;8,1;9,3;9;9,6;;7,92;10;0;0;2022;;Ativo
RA-685;0;C;Aluno-685;9;Masculino;2022;Pública;Ágata;6,86;9;6,2;5;8;8;8;;7,83;5;1;-1;2022;;Ativo
RA-686;0;D;Aluno-686;9;Feminino;2022;Pública;Ametista;7,73;7,5;8,6;8,1;8,8;9,2;8,5;;8,08;5;1;-1;2022;;Ativo
RA-687;0;D;Aluno-687;9;Masculino;2022;Pública;Ametista;7,7;8,5;9;8,1;8,3;9;7,5;;8;5;1;-1;2022;;Ativo
RA-688;0;D;Aluno-688;9;Masculino;2022;Pública;Ametista;7,77;8,5;9,7;7,5;7,9;8;7,8;;7,92;5;1;-1;2022;;Ativo
RA-689;0;D;Aluno-689;9;Feminino;2022;Pública;Ágata;6,43;7,4;7,9;5,6;5,8;6;5,5;;6,67;5;1;-1;2022;;Ativo
RA-690;0;D;Aluno-690;9;Feminino;2022;Pública;Ametista;7,54;9,5;9,5;7,5;7;7,2;6,8;;7,42;5;1;-1;2022;;Ativo
RA-691;0;D;Aluno-691;8;Feminino;2022;Pública;Topázio;8,68;10;9,2;8,1;9,4;9,6;9,3;;7,92;10;0;0;2022;;Ativo
RA-692;0;D;Aluno-692;9;Feminino;2021;Pública;Ametista;7,57;9,5;8,9;8,1;6,9;7;6,8;;7,92;5;1;-1;2022;;Ativo
RA-693;0;D;Aluno-693;7;Feminino;2022;Pública;Ametista;7,94;9,5;9,8;8,1;5,7;5;6,3;;7,67;10;0;0;2022;;Ativo
RA-694;0;D;Aluno-694;8;Masculino;2022;Pública;Topázio;8,38;10;9;8,1;8,1;8,2;8;;7,92;10;0;0;2022;;Ativo
RA-695;0;E;Aluno-695;8;Feminino;2021;Pública;Quartzo;4,28;9;3,1;7,5;2,5;2,2;2,8;;2,5;10;0;0;2022;;Ativo
RA-696;0;E;Aluno-696;9;Feminino;2021;Pública;Ametista;7,44;8,5;9;7,5;6,6;6,5;6,7;;8,17;5;1;-1;2022;;Ativo
RA-697;0;E;Aluno-697;11;Masculino;2021;Pública;Ametista;7,68;7;9,3;7,5;8,4;8,8;8;;8,08;5;2;-2;2022;;Ativo
RA-698;0;E;Aluno-698;9;Masculino;2021;Pública;Ametista;7,44;9;9,8;2,5;8,1;8;8,2;;8,08;5;1;-1;2022;;Ativo
RA-699;0;E;Aluno-699;9;Masculino;2022;Pública;Ágata;6,66;5,2;9,2;7,5;7,1;7,5;6,7;;6;5;1;-1;2022;;Ativo
RA-700;0;F;Aluno-700;9;Feminino;2022;Pública;Ametista;7,74;9;8,7;7,5;9,2;9,2;9,2;;7,08;5;1;-1;2022;;Ativo
RA-701;0;F;Aluno-701;10;Masculino;2021;Pública;Ametista;7,76;9;9,3;7,5;8,7;8,7;8,7;;7,42;5;2;-2;2022;;Ativo
RA-702;0;F;Aluno-702;8;Feminino;2022;Pública;Ametista;7,39;10;8,6;5;6,8;7;6,7;;7;10;0;0;2022;;Ativo
RA-703;0;F;Aluno-703;10;Masculino;2021;Pública;Ágata;6,1;7,5;7,4;5;5,1;5,3;4,8;;6,83;5;2;-2;2022;;Ativo
RA-704;0;F;Aluno-704;10;Masculino;2022;Pública;Ágata;6,74;9;8,6;5;7,2;7,7;6,6;;6,58;5;2;-2;2022;;Ativo
RA-705;0;F;Aluno-705;10;Masculino;2022;Pública;Ágata;6,63;9,5;6,2;7,5;7,1;7;7,2;;6,33;5;2;-2;2022;;Ativo
RA-706;0;F;Aluno-706;10;Feminino;2021;Pública;Ametista;7,66;9,5;6,7;7,5;9,1;9,1;9,1;;8,42;5;2;-2;2022;;Ativo
RA-707;0;F;Aluno-707;10;Feminino;2020;Pública;Ametista;7,68;10;8,1;6,9;8,5;8,8;8,2;;8,08;5;2;-2;2022;;Ativo
RA-708;0;F;Aluno-708;9;Masculino;2022;Pública;Ametista;7,28;8;8,4;7,5;7,3;7,1;7,6;;7,58;5;1;-1;2022;;Ativo
RA-709;0;F;Aluno-709;10;Feminino;2022;Pública;Quartzo;5,31;9,5;3,5;7,5;2,3;2,3;2,3;;7,08;5;2;-2;2022;;Ativo
RA-710;0;G;Aluno-710;10;Masculino;2020;Pública;Ametista;7,28;9,5;8,9;5;6,9;7;6,8;;8;5;2;-2;2022;;Ativo
RA-711;0;G;Aluno-711;9;Masculino;2022;Pública;Ágata;6,04;9;7,9;6,3;3,5;4;3;;6;5;1;-1;2022;;Ativo
RA-712;0;G;Aluno-712;11;Masculino;2019;Pública;Ágata;6,03;8;5,1;5;8;8,7;7,3;;5,83;5;2;-2;2022;;Ativo
RA-713;0;G;Aluno-713;9;Masculino;2021;Pública;Ametista;7,42;10;8,7;7,5;7,8;8;7,7;;7,25;5;1;-1;2022;;Ativo
RA-714;0;G;Aluno-714;11;Masculino;2019;Pública;Ágata;6,95;9;6,9;5,6;8;8,5;7,5;;7,25;5;2;-2;2022;;Ativo
RA-715;0;G;Aluno-715;9;Feminino;2022;Pública;Ágata;6,66;8,5;8,7;4,4;4,9;4,8;5;;7,92;5;1;-1;2022;;Ativo
RA-716;0;G;Aluno-716;9;Masculino;2022;Pública;Ágata;6,52;8,9;8,1;7,5;6,7;7,3;6;;5,42;5;1;-1;2022;;Ativo
RA-717;0;G;Aluno-717;10;Feminino;2021;Pública;Ágata;6,83;9;7,3;7,5;5,4;5;5,8;;7,92;5;2;-2;2022;;Ativo
RA-718;0;G;Aluno-718;8;Feminino;2022;Pública;Topázio;8,09;8;8,9;6,3;9,2;9,2;9,2;;7,42;10;0;0;2022;;Ativo
RA-719;0;G;Aluno-719;10;Feminino;2021;Pública;Quartzo;5,55;9;4,6;7,5;4,2;5;3,3;;6,08;5;2;-2;2022;;Ativo
RA-720;0;G;Aluno-720;9;Feminino;2021;Pública;Ágata;6,73;8;5,9;7,5;7,6;7,3;7,8;;7,08;5;1;-1;2022;;Ativo
RA-721;0;G;Aluno-721;8;Feminino;2021;Pública;Ametista;7,97;9,5;8,1;7,5;7,6;8,2;7;;7,92;10;0;0;2022;;Ativo
RA-722;0;G;Aluno-722;9;Feminino;2021;Pública;Ametista;7,41;10;8,1;4,4;8,1;7,8;8,3;;8,33;5;1;-1;2022;;Ativo
RA-723;0;H;Aluno-723;8;Feminino;2022;Pública;Ametista;7,43;10;6,6;8,1;5,5;5,3;5,7;;8,17;10;0;0;2022;;Ativo
RA-724;0;H;Aluno-724;8;Feminino;2022;Pública;Ágata;6,93;9,5;5,9;5,6;5,6;2,9;8,3;;8;10;0;0;2022;;Ativo
RA-725;0;H;Aluno-725;8;Masculino;2022;Pública;Ágata;6,33;8;5,9;8,1;5;4;6;;5,5;10;0;0;2022;;Ativo
RA-726;0;H;Aluno-726;7;Feminino;2022;Pública;Ágata;6,98;10;7,5;7,5;4,4;5,8;3;;6,58;10;0;0;2022;;Ativo
RA-727;0;H;Aluno-727;8;Masculino;2022;Pública;Ametista;7,74;9;7,7;8,1;8,4;9,3;7,4;;6,75;10;0;0;2022;;Ativo
RA-728;0;H;Aluno-728;8;Feminino;2022;Pública;Topázio;8,24;9,5;7,3;8,1;9,1;9,3;8,9;;8,17;10;0;0;2022;;Ativo
RA-729;0;H;Aluno-729;8;Feminino;2022;Pública;Topázio;8,15;10;8,7;8,1;8,1;8,5;7,8;;7,25;10;0;0;2022;;Ativo
RA-730;0;I;Aluno-730;10;Feminino;2021;Pública;Ametista;7,9;10;8,2;8,8;8,3;8,7;8;;8,25;5;2;-2;2022;;Ativo
RA-731;0;I;Aluno-731;10;Feminino;2019;Pública;Ametista;7,15;9;8,5;6,9;7,3;7,3;7,2;;7,08;5;2;-2;2022;;Ativo
RA-732;0;I;Aluno-732;9;Masculino;2022;Pública;Ametista;7,35;9;7,9;8,8;7,2;7,5;6,8;;7,5;5;1;-1;2022;;Ativo
RA-733;0;J;Aluno-733;9;Feminino;2022;Pública;Ágata;6,68;9,5;8,5;5,6;5,1;6;4,2;;6,92;5;1;-1;2022;;Ativo
RA-734;0;J;Aluno-734;10;Feminino;2022;Pública;Ágata;6,95;9,5;7,2;5,6;7,3;8;6,5;;7,42;5;2;-2;2022;;Ativo
RA-735;0;J;Aluno-735;10;Feminino;2021;Pública;Ametista;7,48;9;9;5,6;7,3;7,8;6,7;;8,58;5;2;-2;2022;;Ativo
RA-736;0;J;Aluno-736;10;Masculino;2022;Pública;Ágata;6,71;9;8,5;5,6;5,4;4,7;6,2;;7;5;2;-2;2022;;Ativo
RA-737;0;J;Aluno-737;9;Feminino;2022;Pública;Ametista;8,06;9,5;9,2;5,6;9;8,5;9,5;;9,17;5;1;-1;2022;;Ativo
RA-738;0;J;Aluno-738;8;Feminino;2022;Pública;Ametista;7,23;8,5;8,1;5,6;5,7;7,7;3,7;;7,5;10;0;0;2022;;Ativo
RA-739;0;J;Aluno-739;8;Masculino;2022;Pública;Ágata;6,82;6,4;7,3;5,6;5,9;6;5,8;;7,08;10;0;0;2022;;Ativo
RA-740;0;J;Aluno-740;9;Feminino;2022;Pública;Ametista;7,22;8,5;9;5,6;7,2;7,3;7;;7,5;5;1;-1;2022;;Ativo
RA-741;0;J;Aluno-741;10;Feminino;2022;Pública;Ágata;6,9;9,5;8,4;5,6;6,3;7,3;5,2;;7,42;5;2;-2;2022;;Ativo
RA-742;0;J;Aluno-742;9;Feminino;2022;Pública;Ametista;7,1;8,5;8,7;5;7,3;8,3;6,2;;7,5;5;1;-1;2022;;Ativo
RA-743;0;J;Aluno-743;9;Feminino;2022;Pública;Ágata;6,67;10;7,9;5,6;4,8;4,8;4,8;;7,5;5;1;-1;2022;;Ativo
RA-744;0;J;Aluno-744;8;Feminino;2022;Pública;Ametista;7,74;9,5;9,7;5,6;6,2;6;6,3;;7,5;10;0;0;2022;;Ativo
RA-745;0;J;Aluno-745;9;Masculino;2021;Privada;Ametista;7,38;9;8,5;5,6;8,1;8,5;7,7;;7,75;5;1;-1;2022;;Ativo
RA-746;0;J;Aluno-746;8;Masculino;2022;Pública;Ametista;7,66;8;9,1;5,6;7,2;7,7;6,7;;7,42;10;0;0;2022;;Ativo
RA-747;0;K;Aluno-747;11;Feminino;2022;Pública;Ametista;7,68;10;7,6;7,5;8,8;8,2;9,4;;7,92;5;2;-2;2022;;Ativo
RA-748;0;K;Aluno-748;9;Masculino;2022;Pública;Topázio;8,08;10;9;7,5;9,1;9,6;8,6;;8,25;5;1;-1;2022;;Ativo
RA-749;0;K;Aluno-749;9;Masculino;2022;Pública;Ametista;7,48;9,5;7,7;7,5;8,8;9,5;8,1;;7,25;5;1;-1;2022;;Ativo
RA-750;0;K;Aluno-750;10;Masculino;2019;Pública;Ágata;6,34;9,5;8,9;4,4;6,8;7,1;6,4;;5,17;5;2;-2;2022;;Ativo
RA-751;0;K;Aluno-751;11;Masculino;2022;Pública;Quartzo;5,25;8,5;5,8;7,5;3,8;2,7;4,9;;6,17;5;2;-2;2022;;Ativo
RA-752;0;K;Aluno-752;11;Feminino;2022;Pública;Topázio;8,2;10;9;7,5;9,5;9,6;9,4;;8,42;5;2;-2;2022;;Ativo
RA-753;0;K;Aluno-753;8;Feminino;2022;Pública;Topázio;8,48;9,5;8,6;7,5;9,1;9,4;8,8;;8,42;10;0;0;2022;;Ativo
RA-754;0;K;Aluno-754;9;Masculino;2022;Pública;Ágata;6,6;10;5,8;4,4;7,9;7,8;8,1;;6,92;5;1;-1;2022;;Ativo
RA-755;0;K;Aluno-755;8;Masculino;2022;Pública;Topázio;8,57;9,5;9,2;6,9;9,5;9,8;9,3;;8,08;10;0;0;2022;;Ativo
RA-756;0;K;Aluno-756;9;Masculino;2022;Pública;Ágata;6,98;10;7,9;7,5;5,7;5,6;5,8;;7,25;5;1;-1;2022;;Ativo
RA-757;0;K;Aluno-757;9;Feminino;2022;Pública;Topázio;8,26;9,5;9,3;7,5;9,7;9,9;9,6;;8,5;5;1;-1;2022;;Ativo
RA-758;0;L;Aluno-758;9;Masculino;2022;Pública;Ametista;7,91;9;9,1;7,5;8,1;8;8,2;;8,33;5;1;-1;2022;;Ativo
RA-759;0;L;Aluno-759;10;Feminino;2021;Pública;Ametista;7,56;9;8,6;7,5;7,5;8,3;6,7;;7,83;5;2;-2;2022;;Ativo
RA-760;0;L;Aluno-760;11;Masculino;2021;Pública;Topázio;8,17;9;9,2;7,5;8,8;9,3;8,2;;8,92;5;2;-2;2022;;Ativo
RA-761;0;L;Aluno-761;9;Masculino;2022;Pública;Topázio;8,06;10;9,4;7,5;8,2;8,8;7,5;;8,25;5;1;-1;2022;;Ativo
RA-762;0;L;Aluno-762;12;Masculino;2022;Pública;Ametista;7,28;10;9,7;7,5;6,7;7,3;6;;7,08;2,5;3;-3;2022;;Ativo
RA-763;0;L;Aluno-763;10;Feminino;2021;Pública;Ametista;7,4;9,5;9,7;7,5;6,5;6,3;6,7;;7,17;5;2;-2;2022;;Ativo
RA-764;0;L;Aluno-764;8;Masculino;2022;Pública;Ametista;8;9;8,8;7,5;7,5;7,2;7,8;;7,67;10;0;0;2022;;Ativo
RA-765;0;L;Aluno-765;9;Masculino;2022;Pública;Ágata;6,9;8,5;9,3;7,5;4,3;5;3,7;;7,42;5;1;-1;2022;;Ativo
RA-766;0;L;Aluno-766;11;Feminino;2020;Pública;Topázio;8,18;10;9,5;7,5;8,7;8,5;8,8;;8,33;5;2;-2;2022;;Ativo
RA-767;0;L;Aluno-767;10;Masculino;2021;Pública;Ametista;7,51;9,5;9;7,5;7;7,3;6,7;;7,58;5;2;-2;2022;;Ativo
RA-768;0;L;Aluno-768;10;Feminino;2021;Pública;Ametista;7,65;9;10;7,5;7,1;7;7,2;;7,58;5;2;-2;2022;;Ativo
RA-769;0;M;Aluno-769;9;Feminino;2022;Pública;Ametista;7,6;10;7,5;7,5;7,9;9,6;6,2;;8,5;5;1;-1;2022;;Ativo
RA-770;0;M;Aluno-770;7;Masculino;2022;Pública;Topázio;8,14;9,5;8,9;7,5;8,3;8,5;8,1;;7,33;10;0;0;2022;;Ativo
RA-771;0;M;Aluno-771;7;Feminino;2022;Pública;Ametista;7,87;10;8,3;7,5;7;7,2;6,9;;7,5;10;0;0;2022;;Ativo
RA-772;0;M;Aluno-772;11;Masculino;2021;Pública;Ágata;6,99;9;5,4;7,5;9,2;9,3;9,2;;7,25;5;2;-2;2022;;Ativo
RA-773;0;M;Aluno-773;9;Feminino;2022;Pública;Ágata;6,92;10;6,8;5;8,1;9,3;6,8;;7,08;5;1;-1;2022;;Ativo
RA-774;0;M;Aluno-774;8;Feminino;2022;Pública;Ametista;7,59;10;7,8;7,5;6,1;7,8;4,4;;7,42;10;0;0;2022;;Ativo
RA-775;0;N;Aluno-775;10;Masculino;2021;Pública;Quartzo;5,79;7,9;5,7;4,4;5,7;5,5;5,8;;6,42;5;2;-2;2022;;Ativo
RA-776;0;N;Aluno-776;9;Feminino;2022;Pública;Quartzo;3,9;0;4,3;4,4;1,7;0;3,3;;6,33;5;1;-1;2022;;Ativo
RA-777;0;N;Aluno-777;8;Masculino;2022;Pública;Ametista;7,1;8;7,7;7,5;5,3;6,5;4;;7;10;0;0;2022;;Ativo
RA-778;0;N;Aluno-778;9;Feminino;2021;Pública;Ametista;7,43;10;6,7;7,5;7,1;6;8,2;;8,83;5;1;-1;2022;;Ativo
RA-779;0;N;Aluno-779;10;Masculino;2022;Pública;Quartzo;5,7;9,5;5;7,5;2,6;2,2;3;;7,08;5;2;-2;2022;;Ativo
RA-780;0;N;Aluno-780;9;Feminino;2022;Pública;Ágata;6,96;8;7,6;7,5;6,9;6,3;7,5;;7,17;5;1;-1;2022;;Ativo
RA-781;0;N;Aluno-781;9;Feminino;2021;Pública;Ametista;7,79;10;8,9;7,5;8,3;8;8,5;;7,75;5;1;-1;2022;;Ativo
RA-782;0;N;Aluno-782;8;Masculino;2022;Pública;Ametista;7,48;9,5;8,4;7,5;6;5,7;6,3;;7;10;0;0;2022;;Ativo
RA-783;0;N;Aluno-783;8;Masculino;2021;Pública;Ágata;7;9,5;5,8;7,5;6;4,7;7,3;;6,92;10;0;0;2022;;Ativo
RA-784;0;O;Aluno-784;9;Masculino;2022;Pública;Topázio;8,34;9,5;10;7,5;8,2;7,8;8,5;;9,25;5;1;-1;2022;;Ativo
RA-785;0;O;Aluno-785;9;Feminino;2022;Pública;Ametista;7,64;9;8,6;7,5;8,4;8,8;8;;7,67;5;1;-1;2022;;Ativo
RA-786;0;O;Aluno-786;11;Masculino;2019;Pública;Ágata;7;9;9,5;5,6;6,1;6,3;5,8;;7,17;5;2;-2;2022;;Ativo
RA-787;0;O;Aluno-787;8;Masculino;2022;Pública;Ametista;7,2;8,5;9,5;7,5;3,4;4,2;2,7;;7,25;10;0;0;2022;;Ativo
RA-788;0;O;Aluno-788;8;Masculino;2021;Privada;Topázio;8,26;10;9,3;5,6;8;7,8;8,2;;8,67;10;0;0;2022;;Ativo
RA-789;0;O;Aluno-789;7;Feminino;2022;Pública;Ametista;7,4;9;9,4;7,5;4,2;3,7;4,7;;7,42;10;0;0;2022;;Ativo
RA-790;0;O;Aluno-790;11;Feminino;2022;Pública;Ametista;7,5;9;8,9;7,5;7,8;8,5;7,2;;7,42;5;2;-2;2022;;Ativo
RA-791;0;O;Aluno-791;11;Feminino;2022;Pública;Ametista;7,51;9,5;8,7;7,5;6,5;6,3;6,7;;8,5;5;2;-2;2022;;Ativo
RA-792;0;O;Aluno-792;9;Feminino;2022;Pública;Ágata;7,02;9,5;8;7,5;6,2;6,5;5,8;;7,17;5;1;-1;2022;;Ativo
RA-793;0;O;Aluno-793;10;Masculino;2022;Pública;Ágata;6,89;9,5;7,6;7,5;6;6;6;;7,33;5;2;-2;2022;;Ativo
RA-794;0;O;Aluno-794;8;Feminino;2022;Pública;Ametista;7,34;9,5;8,9;7,5;4,1;3,7;4,5;;7,33;10;0;0;2022;;Ativo
RA-795;0;O;Aluno-795;8;Feminino;2022;Pública;Topázio;8,06;9;9,7;7,5;7,3;8;6,5;;7,33;10;0;0;2022;;Ativo
RA-796;0;Q;Aluno-796;10;Feminino;2022;Pública;Ametista;7,23;9,5;9,3;7,5;5,4;5,8;5;;7,67;5;2;-2;2022;;Ativo
RA-797;0;Q;Aluno-797;10;Masculino;2021;Pública;Ametista;7,22;9;8,5;7,5;7,3;8,2;6,5;;7,5;5;2;-2;2022;;Ativo
RA-798;0;Q;Aluno-798;10;Masculino;2022;Pública;Ametista;7,05;8;8,3;7,5;6,3;7;5,7;;7,67;5;2;-2;2022;;Ativo
RA-799;0;Q;Aluno-799;10;Feminino;2022;Pública;Ametista;7,68;8;9,6;7,5;7,8;8,5;7,2;;7,92;5;2;-2;2022;;Ativo
RA-800;0;Q;Aluno-800;8;Masculino;2022;Pública;Ágata;6,82;8;5,4;7,5;6,1;6,3;5,8;;7,5;10;0;0;2022;;Ativo
RA-801;0;Q;Aluno-801;9;Masculino;2022;Pública;Ágata;6,64;7;6,6;7,5;6,8;7,2;6,3;;7,5;5;1;-1;2022;;Ativo
RA-802;0;Q;Aluno-802;9;Masculino;2021;Pública;Ametista;7,83;9;9;7,5;8,3;9;7,5;;8,33;5;1;-1;2022;;Ativo
RA-803;0;Q;Aluno-803;10;Feminino;2022;Pública;Ágata;6,98;10;7,2;7,5;6,3;6,5;6;;7,42;5;2;-2;2022;;Ativo
RA-804;0;Q;Aluno-804;10;Masculino;2022;Pública;Ágata;6,85;10;8,4;6,3;4,8;5,5;4;;7,67;5;2;-2;2022;;Ativo
RA-805;0;R;Aluno-805;8;Masculino;2021;Pública;Topázio;8,28;9,5;9;7,5;8,8;8,7;8,9;;7,33;10;0;0;2022;;Ativo
RA-806;0;R;Aluno-806;8;Masculino;2022;Pública;Ametista;7,56;9,5;7,3;7,5;6,6;5;8,2;;7,92;10;0;0;2022;;Ativo
RA-807;0;R;Aluno-807;8;Masculino;2022;Pública;Topázio;8,12;9,5;8,7;6,3;9;9,5;8,6;;7,5;10;0;0;2022;;Ativo
RA-808;0;R;Aluno-808;8;Masculino;2022;Pública;Topázio;8,36;10;9,1;6,3;9,3;9,7;8,8;;8;10;0;0;2022;;Ativo
RA-809;0;R;Aluno-809;7;Masculino;2022;Pública;Ametista;7,26;10;6,6;6,3;6,3;5,5;7,1;;7,42;10;0;0;2022;;Ativo
RA-810;0;R;Aluno-810;8;Masculino;2021;Pública;Ametista;7,89;8,5;9,1;5;9,6;9,7;9,5;;7,25;10;0;0;2022;;Ativo
RA-811;0;R;Aluno-811;9;Feminino;2021;Pública;Ágata;6,58;8,9;5,7;5,6;7,3;8,9;5,7;;7,67;5;1;-1;2022;;Ativo
RA-812;0;R;Aluno-812;8;Masculino;2022;Pública;Ametista;7,5;9;8,1;5,6;7,4;8,3;6,6;;7,33;10;0;0;2022;;Ativo
RA-813;0;S;Aluno-813;8;Masculino;2022;Pública;Ametista;7,09;9,5;6,5;6,9;6;6,7;5,3;;7,42;10;0;0;2022;;Ativo
RA-814;0;S;Aluno-814;9;Masculino;2022;Pública;Ametista;7,59;8,9;9;6,9;7,5;7,8;7,2;;8,42;5;1;-1;2022;;Ativo
RA-815;0;S;Aluno-815;9;Masculino;2022;Pública;Ágata;6,81;10;7,9;5,6;6,5;7,7;5,3;;7;5;1;-1;2022;;Ativo
RA-816;0;S;Aluno-816;9;Feminino;2022;Pública;Topázio;8,51;10;9,3;7,5;9,6;9,5;9,7;;9,42;5;1;-1;2022;;Ativo
RA-817;0;S;Aluno-817;8;Feminino;2022;Pública;Ametista;7,82;10;8,7;6,3;7,1;7,7;6,5;;7,42;10;0;0;2022;;Ativo
RA-818;0;S;Aluno-818;7;Masculino;2022;Pública;Ametista;7,48;9,5;7,3;7,5;6,2;6,5;5,8;;7,5;10;0;0;2022;;Ativo
RA-819;0;S;Aluno-819;8;Masculino;2022;Pública;Ametista;7,74;10;7,9;7,5;7,3;8;6,5;;7,33;10;0;0;2022;;Ativo
RA-820;0;T;Aluno-820;9;Masculino;2022;Pública;Ametista;7,42;9,5;10;6,9;6;7,7;4,3;;7,58;5;1;-1;2022;;Ativo
RA-821;0;T;Aluno-821;10;Masculino;2022;Pública;Ágata;6,34;9;7;7,5;4,6;5,2;4;;6,92;5;2;-2;2022;;Ativo
RA-822;0;T;Aluno-822;10;Masculino;2022;Pública;Ágata;6,92;8;8,4;7,5;6,1;6,5;5,7;;7,08;5;2;-2;2022;;Ativo
RA-823;0;T;Aluno-823;10;Feminino;2021;Pública;Quartzo;5,99;10;6;7,5;2,8;4;1,7;;7,17;5;2;-2;2022;;Ativo
RA-824;0;T;Aluno-824;8;Masculino;2022;Pública;Ágata;6,8;10;4,4;6,9;6;7;5;;7,33;10;0;0;2022;;Ativo
RA-825;0;T;Aluno-825;9;Feminino;2021;Pública;Ametista;7,25;7,5;8,2;6,9;7,6;8,3;6,8;;7,92;5;1;-1;2022;;Ativo
RA-826;0;U;Aluno-826;8;Masculino;2022;Pública;Ametista;7,78;9,5;9,6;7,5;5,4;4,3;6,5;;7,5;10;0;0;2022;;Ativo
RA-827;0;U;Aluno-827;10;Feminino;2022;Pública;Ametista;7,41;9,5;7;7,5;7,6;7,7;7,5;;8,67;5;2;-2;2022;;Ativo
RA-828;0;U;Aluno-828;9;Feminino;2022;Pública;Ametista;7,14;9,5;7,1;7,5;6,9;7,3;6,5;;7,83;5;1;-1;2022;;Ativo
RA-829;0;U;Aluno-829;8;Feminino;2022;Pública;Ametista;8;9;8,6;7,5;7,8;8,2;7,5;;7,5;10;0;0;2022;;Ativo
RA-830;0;U;Aluno-830;9;Feminino;2022;Pública;Ametista;7,23;10;8,6;7,5;6;5,8;6,2;;7,5;5;1;-1;2022;;Ativo
RA-831;0;U;Aluno-831;9;Masculino;2022;Pública;Ametista;7,41;9,5;9,2;7,5;7,2;7,3;7;;7,17;5;1;-1;2022;;Ativo
RA-832;0;U;Aluno-832;9;Masculino;2022;Pública;Topázio;8,18;10;9,2;7,5;8,8;8,8;8,8;;8,83;5;1;-1;2022;;Ativo
RA-833;0;U;Aluno-833;9;Masculino;2022;Pública;Ametista;7,79;10;9,5;7,5;7,8;8,2;7,5;;7,58;5;1;-1;2022;;Ativo
RA-834;0;U;Aluno-834;9;Masculino;2022;Pública;Topázio;8,14;9;9;7,5;9;9,2;8,8;;9,08;5;1;-1;2022;;Ativo
RA-835;0;V;Aluno-835;8;Masculino;2022;Pública;Ametista;7,26;6,9;7,3;7,5;7,5;7,6;7,3;;6,67;10;0;0;2022;;Ativo
RA-836;0;V;Aluno-836;9;Masculino;2022;Pública;Ametista;7,66;8,5;8,3;7,5;9,2;9;9,3;;7,58;5;1;-1;2022;;Ativo
RA-837;0;V;Aluno-837;8;Masculino;2022;Pública;Topázio;8,21;8,5;9;7,5;8,8;9,2;8,3;;7,5;10;0;0;2022;;Ativo
RA-838;0;V;Aluno-838;9;Masculino;2022;Pública;Ametista;7,46;10;7,4;7,5;6,3;6,6;5,9;;9,42;5;1;-1;2022;;Ativo
RA-839;0;V;Aluno-839;9;Feminino;2022;Pública;Quartzo;5,2;0;5,1;7,5;5,4;5,8;5;;6,58;5;1;-1;2022;;Ativo
RA-840;0;V;Aluno-840;8;Masculino;2022;Pública;Ametista;7,88;9;8,2;7,5;7,8;9,6;5,9;;7,5;10;0;0;2022;;Ativo
RA-841;0;V;Aluno-841;11;Masculino;2022;Pública;Ametista;7,3;8,5;8,5;7,5;7,2;8,6;5,8;;7,5;5;2;-2;2022;;Ativo
RA-842;0;Y;Aluno-842;8;Feminino;2022;Pública;Ametista;7,95;7,5;8,3;7,5;9,1;9,1;9,1;;8,25;10;0;0;2022;;Ativo
RA-843;0;Y;Aluno-843;8;Feminino;2022;Pública;Topázio;8,54;8,5;9;7,5;9,2;9,8;8,5;;8,42;10;0;0;2022;;Ativo
RA-844;0;Y;Aluno-844;8;Masculino;2022;Pública;Ágata;6,25;0;5;8,1;5,9;6;5,8;;8,33;10;0;0;2022;;Ativo
RA-845;0;Y;Aluno-845;8;Feminino;2022;Pública;Topázio;8,49;10;8,8;7,5;8,7;9,1;8,3;;8,42;10;0;0;2022;;Ativo
RA-846;0;Y;Aluno-846;7;Feminino;2022;Pública;Ametista;7,41;9;7,2;7,5;5,9;7,7;4;;7,92;10;0;0;2022;;Ativo
RA-847;0;Y;Aluno-847;9;Masculino;2022;Pública;Ágata;6,84;7,9;8,2;4,4;7,7;7,8;7,6;;7,42;5;1;-1;2022;;Ativo
RA-848;0;Y;Aluno-848;9;Masculino;2022;Pública;Ametista;7,49;9,5;7;7,5;9;9,8;8,1;;7,83;5;1;-1;2022;;Ativo
RA-849;0;Y;Aluno-849;9;Masculino;2022;Pública;Ametista;7,37;8,5;8,3;7,5;9,1;9,8;8,3;;7,42;5;1;-1;2022;;Ativo
RA-850;0;Y;Aluno-850;8;Masculino;2022;Pública;Ametista;7,64;10;7,3;7,5;8,5;8,1;8,8;;7,17;10;0;0;2022;;Ativo
RA-851;0;Y;Aluno-851;8;Masculino;2022;Pública;Ametista;7,52;9;7,9;7,5;8,3;7,9;8,7;;6,58;10;0;0;2022;;Ativo
RA-852;0;Z;Aluno-852;7;Feminino;2022;Pública;Quartzo;5,67;9;6,8;5;2,1;2,5;1,8;;5,5;10;0;0;2022;;Ativo
RA-853;0;Z;Aluno-853;8;Feminino;2022;Pública;Topázio;8,62;10;9,6;7,5;8,5;8,8;8,2;;8,5;10;0;0;2022;;Ativo
RA-854;0;Z;Aluno-854;8;Feminino;2022;Pública;Topázio;8,1;8;9;7,5;9,3;9,5;9;;7,17;10;0;0;2022;;Ativo
RA-855;0;Z;Aluno-855;9;Feminino;2022;Pública;Topázio;8,45;10;9,6;7,5;9,7;9,7;9,6;;9;5;1;-1;2022;;Ativo
RA-856;0;Z;Aluno-856;7;Masculino;2022;Pública;Topázio;8,4;10;9,1;7,5;8,4;8,5;8,2;;8;10;0;0;2022;;Ativo
RA-857;0;Z;Aluno-857;9;Feminino;2022;Pública;Topázio;8,15;8,5;8,9;7,5;9,5;9,6;9,3;;9,08;5;1;-1;2022;;Ativo
RA-858;0;Z;Aluno-858;7;Masculino;2022;Pública;Ametista;7,52;10;7,1;5,6;7,7;8,4;6,9;;7,33;10;0;0;2022;;Ativo
RA-859;0;Z;Aluno-859;7;Feminino;2022;Pública;Topázio;8,32;8,5;8,7;7,5;8,9;9,4;8,4;;8,25;10;0;0;2022;;Ativo
RA-860;0;Z;Aluno-860;7;Masculino;2022;Pública;Topázio;8,14;9,5;8,5;7,5;8,1;8,9;7,2;;7,75;10;0;0;2022;;Ativo
RA-861;0;A;Aluno-861;8;Feminino;2023;Pública;Topázio;9,31;9,5;10;8,13;9,6;9,8;9,4;;8,92;10;0;0;2023;8,44;Ativo
RA-862;0;A;Aluno-862;9;Masculino;2023;Pública;Topázio;8,22;8,5;9,1;8,14;8,9;8,5;9,2;;8,59;5;1;-1;2023;7,5;Ativo
RA-863;0;A;Aluno-863;7;Masculino;2023;Pública;Quartzo;5,93;0;7,6;3,14;6,3;7;5,5;;6,26;10;0;0;2023;5,94;Ativo
RA-864;0;A;Aluno-864;8;Feminino;2023;Pública;Ametista;7,03;0;7,6;8,14;6,3;7;5,5;;8,5;10;0;0;2023;7,5;Ativo
RA-865;0;A;Aluno-865;8;Masculino;2023;Pública;Topázio;8,16;8,5;8,7;7,52;7,4;7,3;7,5;;7,92;10;0;0;2023;7,5;Ativo
RA-866;0;A;Aluno-866;7;Feminino;2023;Pública;Ametista;7,68;0;8,3;8,76;8,6;8,2;8,9;;8,41;10;0;0;2023;7,5;Ativo
RA-867;0;A;Aluno-867;8;Masculino;2023;Pública;Topázio;8,7;9;8,6;8,76;8,9;8,7;9;;8,41;10;0;0;2023;7,5;Ativo
RA-868;0;A;Aluno-868;7;Masculino;2023;Pública;Topázio;8,64;10;9,5;8,76;7,1;7,8;6,3;;8,67;10;0;0;2023;7,19;Ativo
RA-869;0;A;Aluno-869;8;Feminino;2023;Pública;Topázio;9,26;9;10;8,76;9,6;9,8;9,4;;8,75;10;0;0;2023;8,12;Ativo
RA-870;0;A;Aluno-870;9;Feminino;2023;Pública;Quartzo;4,91;0;8,5;8,76;1,5;2;1;;5,16;5;1;-1;2023;5;Ativo
RA-871;0;B;Aluno-871;9;Masculino;2023;Pública;Ágata;6,86;9;9,5;3,76;6,9;6,8;7;;6,84;5;1;-1;2023;4,38;Ativo
RA-872;0;B;Aluno-872;10;Feminino;2023;Pública;Quartzo;5,27;0;6,7;2,52;4,3;5,5;3;;8,5;5;2;-2;2023;6,25;Ativo
RA-873;0;B;Aluno-873;11;Feminino;2023;Pública;Ametista;7,8;8,5;9,7;7,52;7;7,2;6,8;;8,67;5;2;-2;2023;6,25;Ativo
RA-874;0;B;Aluno-874;9;Masculino;2023;Pública;Quartzo;5,81;0;8,2;7,52;4,8;6,3;3,3;;6,67;5;1;-1;2023;6,25;Ativo
RA-875;0;B;Aluno-875;9;Masculino;2023;Pública;Topázio;8,27;9,5;9,5;7,52;7,3;7;7,5;;9,85;5;1;-1;2023;7,5;Ativo
RA-876;0;B;Aluno-876;8;Masculino;2023;Pública;Topázio;8,65;10;9,4;7,52;7,5;7,3;7,7;;8,84;10;0;0;2023;7,5;Ativo
RA-877;0;B;Aluno-877;9;Masculino;2023;Pública;Ametista;7,47;9,5;9,5;7,52;6,9;7,5;6,2;;7,5;5;1;-1;2023;5;Ativo
RA-878;0;B;Aluno-878;10;Masculino;2023;Pública;Ágata;6,24;0;9,5;2,52;8,1;8;8,2;;7,34;5;2;-2;2023;5;Ativo
RA-879;0;B;Aluno-879;9;Feminino;2023;Pública;Ágata;6,82;0;9,8;2,52;8,2;8,2;8,2;;8,91;5;1;-1;2023;6,88;Ativo
RA-880;0;B;Aluno-880;7;Feminino;2023;Pública;Ágata;6,72;0;9,4;2,52;6,3;6,3;6,2;;8,59;10;0;0;2023;6,25;Ativo
RA-881;0;B;Aluno-881;8;Masculino;2023;Pública;Ametista;7,73;10;8,9;7,52;7,3;7,5;7;;6,25;10;0;0;2023;5;Ativo
RA-882;0;C;Aluno-882;8;Feminino;2023;Pública;Ágata;6,01;9;8,6;2,52;4,7;4,8;4,5;;4,16;10;0;0;2023;3,75;Ativo
RA-883;0;C;Aluno-883;8;Feminino;2023;Pública;Topázio;8,51;9,5;9,7;6,89;8,4;8;8,7;;8,17;10;0;0;2023;6,25;Ativo
RA-884;0;C;Aluno-884;7;Feminino;2023;Pública;Topázio;8,46;9;9,7;4,39;8,8;8,4;9,2;;8,66;10;0;0;2023;6,88;Ativo
RA-885;0;C;Aluno-885;7;Masculino;2023;Pública;Topázio;8,83;9;9,8;7,52;8,7;8,5;8,8;;8,66;10;0;0;2023;7,5;Ativo
RA-886;0;C;Aluno-886;7;Feminino;2023;Pública;Topázio;8,64;8,5;9,4;7,52;8,1;7,6;8,5;;9;10;0;0;2023;7,5;Ativo
RA-887;0;C;Aluno-887;8;Masculino;2023;Pública;Topázio;8,67;8,9;8,9;7,52;8,4;7,8;9;;9,09;10;0;0;2023;7,5;Ativo
RA-888;0;C;Aluno-888;7;Masculino;2023;Pública;Topázio;8,92;9;10;7,52;8,8;8,2;9,3;;8,83;10;0;0;2023;7,5;Ativo
RA-889;0;C;Aluno-889;8;Masculino;2023;Pública;Topázio;8,81;8,5;9,5;6,89;9,1;8,7;9,5;;9;10;0;0;2023;7,5;Ativo
RA-890;0;C;Aluno-890;8;Masculino;2023;Pública;Ágata;6,99;0;9,1;2,52;8,3;8;8,6;;8,16;10;0;0;2023;6,25;Ativo
RA-891;0;C;Aluno-891;9;Feminino;2023;Pública;Ametista;7,89;9,5;9,5;6,89;7,5;6,2;8,8;;8;5;1;-1;2023;7,5;Ativo
RA-684;0;D;Aluno-684;8;Masculino;2022;Privada;Ametista;7,43;9;8,1;7,52;6,5;8,3;4,7;;5,84;10;0;0;2023;6,88;Ativo
RA-892;0;D;Aluno-892;8;Masculino;2023;Pública;Topázio;8,81;8;9,6;6,89;8,3;8,5;8;;10;10;0;0;2023;7,5;Ativo
RA-857;0;D;Aluno-857;9;Feminino;2022;Pública;Topázio;8,14;8,5;9;7,52;8,5;8,7;8,2;;9,01;5;1;-1;2023;7,5;Ativo
RA-893;0;D;Aluno-893;9;Masculino;2023;Pública;Topázio;8,8;9,5;10;7,52;9,3;9,5;9;;10;5;1;-1;2023;7,5;Ativo
RA-894;0;D;Aluno-894;9;Feminino;2023;Pública;Topázio;8,81;9,5;9,9;7,52;9,4;9,3;9,5;;10;5;1;-1;2023;7,5;Ativo
RA-690;0;D;Aluno-690;10;Feminino;2022;Pública;Topázio;8,61;9;9,8;6,89;9,1;9,3;8,8;;10;5;2;-2;2023;7,5;Ativo
RA-895;0;D;Aluno-895;8;Feminino;2023;Pública;Topázio;8,54;9,5;9,5;7,52;6,8;6,8;6,7;;9,5;10;0;0;2023;6,88;Ativo
RA-896;0;D;Aluno-896;7;Masculino;2023;Pública;Topázio;9,09;9,5;10;6,89;8,5;9;8;;10;10;0;0;2023;7,5;Ativo
RA-693;0;D;Aluno-693;8;Feminino;2022;Pública;Topázio;9,01;10;9,4;6,89;8,5;8,2;8,7;;10;10;0;0;2023;7,5;Ativo
RA-675;0;D;Aluno-675;8;Masculino;2022;Pública;Topázio;8,36;10;8;7,52;8,3;8,5;8;;8,34;10;0;0;2023;6,88;Ativo
RA-850;0;D;Aluno-850;9;Masculino;2022;Pública;Ágata;6,07;0;7,9;6,26;7,3;6,8;7,7;;6,26;5;1;-1;2023;6,56;Ativo
RA-897;0;D;Aluno-897;9;Masculino;2023;Pública;Quartzo;5,48;0;8,1;7,52;6,5;7,2;5,7;;3,32;5;1;-1;2023;6,56;Ativo
RA-842;0;E;Aluno-842;9;Feminino;2022;Pública;Ametista;7,21;9;8,5;3,77;7,9;8,2;7,5;;8,01;5;1;-1;2023;5,62;Ativo
RA-898;0;E;Aluno-898;9;Masculino;2023;Pública;Topázio;8,42;9;9,8;3,77;9,4;9,7;9;;10;5;1;-1;2023;8,12;Ativo
RA-899;0;E;Aluno-899;8;Masculino;2023;Pública;Topázio;8,85;10;9,8;3,77;9,5;9,3;9,6;;9,34;10;0;0;2023;7,5;Ativo
RA-900;0;E;Aluno-900;8;Feminino;2023;Pública;Topázio;8,89;9;9,8;9,38;7,8;8;7,5;;8,67;10;0;0;2023;8,12;Ativo
RA-846;0;E;Aluno-846;8;Feminino;2022;Pública;Ametista;7,46;9,5;8,2;3,77;6;6,3;5,7;;8,67;10;0;0;2023;5,62;Ativo
RA-901;0;E;Aluno-901;10;Masculino;2023;Pública;Ametista;7,31;8,5;8,7;3,77;7,5;7,7;7,3;;8,6;5;2;-2;2023;6,25;Ativo
RA-743;0;E;Aluno-743;10;Feminino;2022;Pública;Ágata;6,66;0;9,1;3,77;7,1;7,3;6,8;;9,01;5;2;-2;2023;7,5;Ativo
RA-681;0;E;Aluno-681;10;Masculino;2022;Pública;Ágata;6,3;0;7,8;3,77;8,3;8,8;7,8;;8,18;5;2;-2;2023;5,62;Ativo
RA-902;0;E;Aluno-902;12;Masculino;2023;Pública;Quartzo;5,97;10;9,3;2,52;3,9;4,5;3,3;;6,5;2,5;3;-3;2023;5,31;Ativo
RA-903;0;E;Aluno-903;8;Feminino;2023;Pública;Topázio;8,52;10;9,6;5,02;7,8;7,7;7,8;;9,01;10;0;0;2023;7,5;Ativo
RA-851;0;E;Aluno-851;9;Masculino;2022;Pública;Ágata;6,17;8,4;7,5;2,52;6,6;6,8;6,3;;6,01;5;1;-1;2023;5,62;Ativo
RA-847;0;E;Aluno-847;10;Masculino;2022;Pública;Ágata;6,54;7,9;9,1;2,52;7,6;7,5;7,6;;5,84;5;2;-2;2023;5;Ativo
RA-904;0;F;Aluno-904;7;Feminino;2023;Pública;Topázio;8,14;9;9,3;7,52;6,4;6;6,8;;7,84;10;0;0;2023;7,81;Ativo
RA-858;0;F;Aluno-858;8;Masculino;2022;Pública;Ametista;7,25;0;8,1;3,77;9,3;9,3;9,2;;7,95;10;0;0;2023;8,12;Ativo
RA-905;0;F;Aluno-905;9;Masculino;2023;Pública;Ametista;7,83;9,5;9,4;7,52;8,3;7,5;9;;7,06;5;1;-1;2023;6,88;Ativo
RA-702;0;F;Aluno-702;9;Feminino;2022;Pública;Topázio;8,24;10;10;5,63;9,3;9,3;9,3;;7,83;5;1;-1;2023;7,5;Ativo
RA-725;0;F;Aluno-725;9;Masculino;2022;Pública;Topázio;8,12;9,5;9;7,52;8,4;8,1;8,7;;8,11;5;1;-1;2023;8,12;Ativo
RA-906;0;F;Aluno-906;8;Masculino;2023;Pública;Topázio;8,19;7,5;9,2;7,52;8,6;7,7;9,4;;6,95;10;0;0;2023;7,5;Ativo
RA-907;0;F;Aluno-907;8;Feminino;2023;Privada;Topázio;8,96;9,5;9,6;7,52;9,3;9,2;9,4;;8,34;10;0;0;2023;8,12;Ativo
RA-908;0;F;Aluno-908;8;Feminino;2023;Pública;Topázio;8,48;9;9;7,52;7,9;6,7;9;;8,22;10;0;0;2023;8,12;Ativo
RA-909;0;F;Aluno-909;10;Feminino;2023;Pública;Topázio;8,49;10;9,9;7,52;9,2;9,1;9,2;;8,06;5;2;-2;2023;8,12;Ativo
RA-708;0;F;Aluno-708;9;Masculino;2022;Pública;Ametista;7,51;0;9,8;7,52;9,2;8,8;9,5;;8,28;5;1;-1;2023;8,12;Ativo
RA-910;0;F;Aluno-910;8;Masculino;2023;Pública;Ametista;7,8;0;8,8;7,52;8,9;8,8;9;;8,17;10;0;0;2023;8,75;Ativo
RA-671;0;G;Aluno-671;10;Masculino;2021;Pública;Ágata;6,51;7,9;8,3;3,14;7,8;8;7,5;;5,68;5;2;-2;2023;5,62;Ativo
RA-836;0;G;Aluno-836;10;Masculino;2022;Pública;Ametista;7,64;9,5;9,6;6,27;6,7;6,7;6,7;;8,09;5;2;-2;2023;6,88;Ativo
RA-911;0;G;Aluno-911;11;Masculino;2023;Pública;Quartzo;5,6;9;6,7;2,52;3,4;3,7;3;;7,01;5;2;-2;2023;5,31;Ativo
RA-860;0;G;Aluno-860;8;Masculino;2022;Pública;Topázio;8,24;7;9,8;6,89;7,4;7,2;7,5;;8,34;10;0;0;2023;7,5;Ativo
RA-727;0;G;Aluno-727;9;Masculino;2022;Pública;Ametista;7,68;9,5;8,8;2,52;8;8,3;7,7;;9,34;5;1;-1;2023;7,5;Ativo
RA-739;0;G;Aluno-739;9;Masculino;2022;Pública;Ametista;7,6;9;8,3;7,52;7,6;7,3;7,8;;8,25;5;1;-1;2023;6,25;Ativo
RA-740;0;G;Aluno-740;10;Feminino;2022;Privada;Ametista;7,28;0;8,7;7,52;9,1;9;9,2;;8,93;5;2;-2;2023;6,88;Ativo
RA-912;0;G;Aluno-912;9;Feminino;2023;Pública;Ametista;7,08;7;9,4;7,52;6,3;6,2;6,3;;7,18;5;1;-1;2023;5,62;Ativo
RA-706;0;G;Aluno-706;10;Feminino;2021;Pública;Ametista;7,15;9;7,8;4,39;7,3;6,7;7,8;;8,08;5;2;-2;2023;6,88;Ativo
RA-840;0;G;Aluno-840;9;Masculino;2022;Pública;Ametista;7,79;9,5;9;4,38;8,2;8,3;8;;8,59;5;1;-1;2023;7,5;Ativo
RA-841;0;G;Aluno-841;11;Masculino;2022;Pública;Ágata;6,78;0;7,2;7,52;6,9;6,7;7;;9,84;5;2;-2;2023;7,5;Ativo
RA-709;0;G;Aluno-709;11;Feminino;2022;Pública;Ágata;6,69;10;7,9;7,52;4,9;5,5;4,3;;6,59;5;2;-2;2023;5,62;Ativo
RA-913;0;H;Aluno-913;10;Feminino;2023;Pública;Ametista;7,74;8;8,5;6,89;7,9;9,5;6,3;;9,24;5;2;-2;2023;6,25;Ativo
RA-726;0;H;Aluno-726;8;Feminino;2022;Pública;Ametista;7,37;10;6,1;7,52;6;6,2;5,8;;8,17;10;0;0;2023;5,62;Ativo
RA-914;0;H;Aluno-914;8;Feminino;2023;Pública;Topázio;8,69;10;9,2;7,52;8,7;9;8,4;;8,67;10;0;0;2023;6,25;Ativo
RA-915;0;H;Aluno-915;8;Feminino;2023;Pública;Topázio;8,6;10;8,4;7,52;8,4;8,1;8,7;;8,67;10;0;0;2023;7,5;Ativo
RA-916;0;H;Aluno-916;9;Feminino;2023;Pública;Ametista;7,39;9,5;9,7;2,52;6,6;7,7;5,5;;9,01;5;1;-1;2023;6,25;Ativo
RA-917;0;H;Aluno-917;7;Feminino;2023;Pública;Quartzo;5,99;0;7,2;2,52;7;5,3;8,7;;6,35;10;0;0;2023;6,25;Ativo
RA-918;0;H;Aluno-918;7;Feminino;2023;Pública;Ametista;7,5;10;8,7;2,52;7,7;7,1;8,3;;7,01;10;0;0;2023;5,62;Ativo
RA-919;0;H;Aluno-919;9;Masculino;2023;Pública;Ágata;6,22;0;8,4;7,52;5,3;5,5;5;;8,09;5;1;-1;2023;6,25;Ativo
RA-920;0;H;Aluno-920;8;Feminino;2023;Pública;Ágata;6,96;9;6,3;7,52;6,1;6;6,2;;6,35;10;0;0;2023;5,62;Ativo
RA-921;0;I;Aluno-921;7;Feminino;2023;Pública;Ametista;7,74;9;9,7;7,52;6,3;6,5;6;;6,68;10;0;0;2023;5,62;Ativo
RA-922;0;I;Aluno-922;8;Feminino;2023;Pública;Topázio;8,53;8,5;9,7;3,14;8,4;8,5;8,2;;10;10;0;0;2023;7,5;Ativo
RA-715;0;I;Aluno-715;10;Feminino;2022;Pública;Quartzo;5,89;0;9,5;3,14;5,4;4,5;6,3;;7,68;5;2;-2;2023;5,62;Ativo
RA-822;0;I;Aluno-822;11;Masculino;2022;Pública;Ágata;6,45;8,5;8,4;2,52;7,1;8;6,2;;5,92;5;2;-2;2023;5,62;Ativo
RA-923;0;I;Aluno-923;8;Feminino;2023;Pública;Topázio;8,88;9,5;9,9;7,52;7,3;7,5;7;;10;10;0;0;2023;7,5;Ativo
RA-742;0;I;Aluno-742;10;Feminino;2022;Pública;Ametista;7,02;0;7,6;7,52;7,5;6,2;8,8;;10;5;2;-2;2023;7,5;Ativo
RA-924;0;I;Aluno-924;8;Masculino;2023;Pública;Ágata;6,52;9;5,6;7,52;5;5;5;;5,93;10;0;0;2023;5,62;Ativo
RA-925;0;I;Aluno-925;7;Masculino;2023;Pública;Ametista;7,18;9;8,9;7,52;5,4;5,2;5,5;;5,6;10;0;0;2023;5,62;Ativo
RA-853;0;J;Aluno-853;9;Feminino;2022;Pública;Ametista;7,84;10;9,5;3,77;7,4;7,2;7,5;;9,84;5;1;-1;2023;6,25;Ativo
RA-854;0;J;Aluno-854;8;Feminino;2022;Pública;Ágata;6,64;0;9,5;3,77;6;7,5;4,5;;8,01;10;0;0;2023;5,62;Ativo
RA-700;0;J;Aluno-700;9;Feminino;2022;Pública;Topázio;8,29;9,5;9,7;7,52;7,8;7,5;8;;9,84;5;1;-1;2023;6,25;Ativo
RA-701;0;J;Aluno-701;11;Masculino;2021;Pública;Ametista;7,4;9,5;9,9;3,77;7,2;7,3;7;;7,68;5;2;-2;2023;6,25;Ativo
RA-856;0;J;Aluno-856;8;Masculino;2022;Pública;Ametista;7,34;0;9,6;7,52;7,3;7,5;7;;8,26;10;0;0;2023;5,62;Ativo
RA-672;0;J;Aluno-672;10;Feminino;2021;Pública;Ágata;6,56;7,9;9,5;2,52;6,4;6;6,7;;6,43;5;2;-2;2023;5,62;Ativo
RA-859;0;J;Aluno-859;8;Feminino;2022;Pública;Topázio;8,6;8;9,2;7,52;7,3;6,8;7,8;;10;10;0;0;2023;7,5;Ativo
RA-704;0;J;Aluno-704;11;Masculino;2022;Pública;Ágata;6,83;10;9,9;3,14;6,1;6,5;5,7;;6,26;5;2;-2;2023;5,62;Ativo
RA-741;0;J;Aluno-741;11;Feminino;2022;Pública;Ágata;6,27;9,5;6,9;4,39;5,1;4,2;6;;7,1;5;2;-2;2023;5,62;Ativo
RA-719;0;J;Aluno-719;11;Masculino;2021;Pública;Ágata;6,41;9,5;5,3;7,52;5,9;7;4,7;;7,1;5;2;-2;2023;5,62;Ativo
RA-926;0;J;Aluno-926;9;Feminino;2023;Pública;Ametista;7,78;9;10;3,77;6,8;6,5;7;;9,51;5;1;-1;2023;7,5;Ativo
RA-927;0;J;Aluno-927;9;Feminino;2023;Pública;Ametista;7,6;9;9,7;3,77;6,4;7;5,8;;9,26;5;1;-1;2023;7,5;Ativo
RA-928;0;K;Aluno-928;8;Feminino;2023;Pública;Topázio;9,37;8,5;10;7,52;9,8;9,8;9,8;;9,67;10;0;0;2023;8,75;Ativo
RA-929;0;K;Aluno-929;8;Feminino;2023;Pública;Topázio;9,13;8,5;9,8;7,52;8,8;8,7;8,9;;9,67;10;0;0;2023;8,75;Ativo
RA-930;0;K;Aluno-930;8;Masculino;2023;Pública;Topázio;8,89;9;8,8;7,52;9;8,7;9,3;;9;10;0;0;2023;8,75;Ativo
RA-931;0;K;Aluno-931;8;Masculino;2023;Pública;Ametista;7,37;8,5;8,2;2,52;7,8;7;8,5;;7,6;10;0;0;2023;5,62;Ativo
RA-932;0;K;Aluno-932;7;Feminino;2023;Pública;Topázio;8,38;9,5;7,9;7,52;7,5;6,5;8,4;;9;10;0;0;2023;8,12;Ativo
RA-933;0;K;Aluno-933;8;Feminino;2023;Pública;Topázio;8,67;9;8,4;7,52;7,7;8;7,3;;9,67;10;0;0;2023;8,75;Ativo
RA-934;0;K;Aluno-934;8;Feminino;2023;Pública;Topázio;9,17;9;9,6;7,52;8,7;8,3;9;;9,67;10;0;0;2023;9,38;Ativo
RA-935;0;K;Aluno-935;9;Masculino;2023;Pública;Ametista;7,95;0;9,8;7,52;9,4;9,2;9,5;;9,67;5;1;-1;2023;9,38;Ativo
RA-936;0;K;Aluno-936;8;Feminino;2023;Pública;Topázio;8,55;9;10;7,52;6,5;5;8;;8,91;10;0;0;2023;8,12;Ativo
RA-937;0;K;Aluno-937;8;Feminino;2023;Pública;Topázio;9,32;9,5;9,6;7,52;9,2;9;9,3;;9,67;10;0;0;2023;9,38;Ativo
RA-756;0;K;Aluno-756;10;Masculino;2022;Pública;Ametista;7,09;10;8,7;7,52;6,1;5,4;6,8;;6,59;5;2;-2;2023;5,62;Ativo
RA-938;0;K;Aluno-938;9;Masculino;2023;Pública;Ágata;6,74;8,5;8,4;7,52;4,2;0;8,3;;7,5;5;1;-1;2023;6,25;Ativo
RA-939;0;L;Aluno-939;11;Feminino;2023;Pública;Ametista;7,97;9;10;7,52;5,4;5;5,7;;10;5;2;-2;2023;7,5;Ativo
RA-789;0;L;Aluno-789;8;Feminino;2022;Pública;Ametista;7,97;0;9,5;7,52;7,9;8,5;7,2;;10;10;0;0;2023;7,5;Ativo
RA-792;0;L;Aluno-792;10;Feminino;2022;Pública;Ametista;7,63;9;7,7;7,52;7,2;6,8;7,5;;9,09;5;2;-2;2023;6,88;Ativo
RA-940;0;L;Aluno-940;11;Masculino;2023;Pública;Ágata;6,61;9;8,4;2,52;6,3;6,8;5,7;;7,02;5;2;-2;2023;6,25;Ativo
RA-941;0;L;Aluno-941;8;Feminino;2023;Pública;Ametista;7,69;8;10;7,52;5;5;5;;8,18;10;0;0;2023;5;Ativo
RA-942;0;L;Aluno-942;10;Feminino;2023;Pública;Ágata;6,85;9,5;8,9;2,52;7,1;7,3;6,8;;7;5;2;-2;2023;5,62;Ativo
RA-943;0;L;Aluno-943;8;Feminino;2023;Pública;Topázio;8,92;9,5;9,4;7,52;8;8;8;;9,93;10;0;0;2023;7,5;Ativo
RA-782;0;L;Aluno-782;9;Masculino;2022;Pública;Ametista;7,68;8,5;9,8;2,52;7,5;8,3;6,7;;9,35;5;1;-1;2023;7,5;Ativo
RA-768;0;L;Aluno-768;11;Feminino;2021;Pública;Topázio;8,4;10;9,1;7,52;7,9;8;7,8;;10;5;2;-2;2023;7,5;Ativo
RA-794;0;L;Aluno-794;9;Feminino;2022;Pública;Ametista;7,98;9;9,2;7,52;6,2;5,2;7,2;;10;5;1;-1;2023;7,5;Ativo
RA-795;0;L;Aluno-795;9;Feminino;2022;Pública;Topázio;8,46;9;9,6;7,52;8,2;8,7;7,7;;10;5;1;-1;2023;7,5;Ativo
RA-944;0;M;Aluno-944;9;Feminino;2023;Pública;Ametista;7,07;9;7,6;7,52;7,5;9,2;5,8;;6,67;5;1;-1;2023;5,62;Ativo
RA-945;0;M;Aluno-945;8;Masculino;2023;Pública;Topázio;8,08;8,5;9,2;7,52;7,9;8;7,8;;6,84;10;0;0;2023;6,88;Ativo
RA-946;0;M;Aluno-946;7;Masculino;2023;Pública;Topázio;8,58;9,5;9,4;7,52;9,3;9;9,5;;7;10;0;0;2023;7,5;Ativo
RA-754;0;M;Aluno-754;10;Masculino;2022;Pública;Ágata;6,05;9,5;6,1;2,52;5,6;5,7;5,4;;6,67;5;2;-2;2023;6,88;Ativo
RA-947;0;M;Aluno-947;8;Masculino;2023;Pública;Ágata;6,35;9;7,9;7,52;3,3;1,7;4,9;;5,08;10;0;0;2023;4,38;Ativo
RA-948;0;M;Aluno-948;8;Feminino;2023;Pública;Ágata;6,53;9;7,6;7,52;0;0;0;;8,34;10;0;0;2023;6,88;Ativo
RA-949;0;M;Aluno-949;8;Feminino;2023;Pública;Topázio;8,02;9,5;8,1;7,52;8,9;9,1;8,6;;6,5;10;0;0;2023;6,25;Ativo
RA-950;0;M;Aluno-950;8;Feminino;2023;Pública;Topázio;8,89;9;10;7,52;9,3;9,5;9;;8,17;10;0;0;2023;7,5;Ativo
RA-773;0;M;Aluno-773;9;Feminino;2022;Pública;Ágata;6,93;10;7,5;2,52;7,9;8;7,8;;7,67;5;1;-1;2023;5,62;Ativo
RA-951;0;M;Aluno-951;7;Feminino;2023;Pública;Topázio;8,89;9,5;9,7;7,52;8,4;8,5;8,3;;9,09;10;0;0;2023;7,5;Ativo
RA-769;0;N;Aluno-769;10;Feminino;2022;Pública;Ametista;7,85;10;9,3;3,77;8;8,2;7,8;;8,68;5;2;-2;2023;7,81;Ativo
RA-952;0;N;Aluno-952;8;Masculino;2023;Pública;Topázio;8,37;9,5;9,2;3,77;9;8,8;9,2;;8,43;10;0;0;2023;7,19;Ativo
RA-826;0;N;Aluno-826;9;Masculino;2022;Pública;Ametista;7,78;10;10;3,77;7,3;7;7,5;;8,34;5;1;-1;2023;7,81;Ativo
RA-953;0;N;Aluno-953;8;Feminino;2023;Pública;Ametista;7,54;7,4;8,8;3,14;8,3;8,5;8;;7,09;10;0;0;2023;6,56;Ativo
RA-954;0;N;Aluno-954;8;Feminino;2023;Pública;Ágata;6,82;0;8,3;3,14;7,7;7,8;7,5;;8,01;10;0;0;2023;7,19;Ativo
RA-780;0;N;Aluno-780;10;Feminino;2022;Pública;Ametista;7,78;9,5;8,8;3,14;8,3;8;8,5;;8,68;5;2;-2;2023;8,75;Ativo
RA-955;0;N;Aluno-955;10;Feminino;2023;Pública;Ametista;7,13;9;8,8;3,14;7,8;8;7,5;;7,09;5;2;-2;2023;6,88;Ativo
RA-831;0;N;Aluno-831;9;Masculino;2022;Pública;Ametista;7,72;8;9,4;3,77;8,3;8,8;7,8;;8,59;5;1;-1;2023;7,81;Ativo
RA-783;0;N;Aluno-783;9;Masculino;2021;Pública;Ametista;7,29;9,5;6,8;3,77;8,9;9;8,7;;7,92;5;1;-1;2023;7,5;Ativo
RA-774;0;N;Aluno-774;9;Feminino;2022;Pública;Quartzo;5,85;0;9,5;3,14;6,9;7,7;6;;6,34;5;1;-1;2023;5;Ativo
RA-748;0;O;Aluno-748;10;Masculino;2022;Pública;Topázio;8,71;9,5;9,7;7,52;9,1;9;9,2;;10;5;2;-2;2023;7,5;Ativo
RA-749;0;O;Aluno-749;9;Masculino;2022;Pública;Ametista;7,76;10;9;7,52;7,3;7,3;7,3;;8,43;5;1;-1;2023;5,62;Ativo
RA-956;0;O;Aluno-956;11;Masculino;2023;Pública;Ametista;7,73;8;7,5;7,52;7,8;7,8;7,8;;9,35;5;2;-2;2023;7,5;Ativo
RA-787;0;O;Aluno-787;9;Masculino;2022;Pública;Ametista;7,52;9;9,8;7,52;5,9;6;5,8;;8,34;5;1;-1;2023;5,62;Ativo
RA-957;0;O;Aluno-957;8;Feminino;2023;Pública;Topázio;9,17;10;9,3;7,52;9,1;9;9,2;;9,93;10;0;0;2023;7,5;Ativo
RA-753;0;O;Aluno-753;9;Feminino;2022;Pública;Topázio;8,67;9;9,9;7,52;9;9;9;;9,93;5;1;-1;2023;7,5;Ativo
RA-958;0;O;Aluno-958;8;Feminino;2023;Pública;Topázio;9,29;10;9,8;7,52;9,3;9,3;9,3;;9,84;10;0;0;2023;7,5;Ativo
RA-755;0;O;Aluno-755;9;Masculino;2022;Pública;Topázio;8,74;10;9,5;7,52;9,2;9,2;9,2;;10;5;1;-1;2023;7,5;Ativo
RA-763;0;O;Aluno-763;10;Feminino;2021;Pública;Ágata;6,72;0;9,2;3,14;7,9;7,8;8;;9;5;2;-2;2023;6,88;Ativo
RA-757;0;O;Aluno-757;10;Feminino;2022;Pública;Topázio;8,67;9;9,6;7,52;9,3;9,5;9;;10;5;2;-2;2023;7,5;Ativo
RA-959;0;O;Aluno-959;8;Masculino;2023;Pública;Topázio;8,67;10;9,6;7,52;7,7;7,7;7,7;;8,84;10;0;0;2023;6,88;Ativo
RA-960;0;O;Aluno-960;10;Masculino;2023;Pública;Ametista;7,08;8,5;10;7,52;6,3;6,5;6;;5,85;5;2;-2;2023;5,62;Ativo
RA-961;0;O;Aluno-961;9;Masculino;2023;Pública;Quartzo;6;0;8,7;2,52;6,2;6,2;6,2;;8,66;5;1;-1;2023;5,31;Ativo
RA-962;0;Q;Aluno-962;9;Feminino;2023;Pública;Topázio;8,47;9;9,2;7,52;8,7;9,5;7,8;;10;5;1;-1;2023;7,5;Ativo
RA-805;0;Q;Aluno-805;9;Masculino;2021;Pública;Ágata;6,49;0;9,1;7,52;6,8;6,8;6,8;;7,18;5;1;-1;2023;6,25;Ativo
RA-806;0;Q;Aluno-806;9;Masculino;2022;Pública;Ametista;7,29;8,5;8,3;6,27;7,8;7,8;7,7;;7,1;5;1;-1;2023;6,88;Ativo
RA-807;0;Q;Aluno-807;9;Masculino;2022;Pública;Ametista;7,86;9,5;9,1;7,52;8;8,3;7,7;;8,08;5;1;-1;2023;6,25;Ativo
RA-963;0;Q;Aluno-963;9;Feminino;2023;Pública;Topázio;8,61;9,5;9,8;7,52;8,5;8,3;8,7;;10;5;1;-1;2023;7,5;Ativo
RA-964;0;Q;Aluno-964;9;Masculino;2023;Pública;Ametista;7,8;8,5;9,4;7,52;7,2;7,3;7;;8,5;5;1;-1;2023;6,88;Ativo
RA-965;0;Q;Aluno-965;9;Feminino;2023;Pública;Ágata;6,48;8,5;8,2;6,27;4,7;5,3;4;;7,18;5;1;-1;2023;5;Ativo
RA-966;0;Q;Aluno-966;9;Masculino;2023;Pública;Ametista;7,44;10;10;7,52;5;5;5;;7,68;5;1;-1;2023;6,56;Ativo
RA-967;0;Q;Aluno-967;10;Masculino;2023;Pública;Ametista;7,13;9,5;8;7,52;6,5;6,5;6,5;;7,35;5;2;-2;2023;5,62;Ativo
RA-968;0;Q;Aluno-968;9;Feminino;2023;Pública;Topázio;8,49;9;9,7;7,52;8,3;8;8,5;;10;5;1;-1;2023;7,5;Ativo
RA-812;0;Q;Aluno-812;8;Masculino;2022;Pública;Topázio;8,04;9,5;9,1;7,52;5,8;6,3;5,3;;8,33;10;0;0;2023;6,88;Ativo
RA-969;0;Q;Aluno-969;8;Masculino;2023;Pública;Ametista;7,77;8,5;9,7;7,52;5,5;6;5;;7,51;10;0;0;2023;6,25;Ativo
RA-970;0;R;Aluno-970;8;Feminino;2023;Pública;Topázio;9;8,5;8,1;7,52;9,4;9,2;9,5;;9,84;10;0;0;2023;9,38;Ativo
RA-971;0;R;Aluno-971;8;Masculino;2023;Pública;Ametista;7,02;7,8;6,4;3,77;6,9;5,5;8,3;;8,17;10;0;0;2023;5,62;Ativo
RA-972;0;R;Aluno-972;8;Masculino;2023;Pública;Ametista;7,54;9;9,1;3,77;6;6,2;5,7;;7,84;10;0;0;2023;6,88;Ativo
RA-973;0;R;Aluno-973;9;Masculino;2023;Pública;Quartzo;5,83;0;8,6;3,77;5,2;6,2;4,1;;7,42;5;1;-1;2023;7,19;Ativo
RA-974;0;R;Aluno-974;7;Masculino;2023;Pública;Topázio;8,48;9;9,1;3,77;8,8;8,8;8,8;;9,34;10;0;0;2023;7,5;Ativo
RA-975;0;R;Aluno-975;7;Feminino;2023;Pública;Ametista;7,78;7,9;9,2;7,52;6,5;7,2;5,8;;7,67;10;0;0;2023;5,62;Ativo
RA-976;0;R;Aluno-976;8;Masculino;2023;Pública;Topázio;8,4;9,5;9,2;6,27;8,6;9;8,2;;8,34;10;0;0;2023;5,94;Ativo
RA-977;0;R;Aluno-977;7;Feminino;2023;Pública;Ametista;7,17;8,5;7,4;5,02;5,8;5,7;5,9;;8,09;10;0;0;2023;5,62;Ativo
RA-978;0;R;Aluno-978;7;Feminino;2023;Pública;Topázio;8,39;9;9,8;3,77;8,6;8,7;8,5;;9,34;10;0;0;2023;5,62;Ativo
RA-979;0;S;Aluno-979;8;Masculino;2023;Pública;Topázio;8,16;9,5;9,6;6,27;6;6;6;;9,51;10;0;0;2023;5,62;Ativo
RA-980;0;S;Aluno-980;8;Feminino;2023;Pública;Ametista;7,14;0;9,8;5,02;6,3;6,5;6;;9,34;10;0;0;2023;5,62;Ativo
RA-808;0;S;Aluno-808;9;Masculino;2022;Pública;Topázio;8,19;10;10;2,52;8,7;8,7;8,7;;9,76;5;1;-1;2023;7,5;Ativo
RA-981;0;S;Aluno-981;7;Feminino;2023;Pública;Ametista;7,54;9,5;9,1;2,52;5,8;5,7;5,8;;9,01;10;0;0;2023;5,62;Ativo
RA-982;0;S;Aluno-982;7;Masculino;2023;Pública;Ametista;7,12;0;9,1;2,52;8,6;8,7;8,5;;8,84;10;0;0;2023;5,62;Ativo
RA-983;0;S;Aluno-983;8;Masculino;2023;Pública;Topázio;8,35;8,5;9,9;2,52;8,8;8,8;8,8;;9,41;10;0;0;2023;6,25;Ativo
RA-984;0;S;Aluno-984;8;Feminino;2023;Pública;Topázio;8,82;8;9,8;7,52;8,3;8,3;8,2;;9,84;10;0;0;2023;6,88;Ativo
RA-985;0;S;Aluno-985;8;Masculino;2023;Pública;Ametista;7,62;9;9,3;2,52;6,8;7,3;6,2;;8,5;10;0;0;2023;5,62;Ativo
RA-986;0;S;Aluno-986;8;Feminino;2023;Pública;Topázio;8,01;9,5;9,1;2,52;8,3;8,3;8,3;;8,83;10;0;0;2023;5,62;Ativo
RA-987;0;S;Aluno-987;8;Masculino;2023;Pública;Ametista;7,68;0;9,8;6,27;7,3;7,5;7;;9,76;10;0;0;2023;6,88;Ativo
RA-988;0;S;Aluno-988;9;Feminino;2023;Pública;Ametista;7,96;7,9;8,1;7,52;8,5;8,5;8,5;;9,84;5;1;-1;2023;6,25;Ativo
RA-989;0;S;Aluno-989;9;Masculino;2023;Pública;Ametista;7,72;9,5;8,1;2,52;8,3;8,7;7,8;;10;5;1;-1;2023;7,5;Ativo
RA-677;0;T;Aluno-677;9;Feminino;2021;Pública;Topázio;8,53;10;8,2;10;8,7;9;8,3;;9,84;5;1;-1;2023;6,88;Ativo
RA-990;0;T;Aluno-990;9;Masculino;2023;Pública;Ametista;7,25;0;8,5;7,52;7,8;8,3;7,2;;10;5;1;-1;2023;7,5;Ativo
RA-991;0;T;Aluno-991;9;Feminino;2023;Pública;Ametista;7,77;10;9,1;3,14;7,7;8;7,3;;9,59;5;1;-1;2023;6,88;Ativo
RA-992;0;T;Aluno-992;10;Masculino;2023;Pública;Ametista;7,27;9,5;8,2;3,14;8;8,2;7,8;;8,84;5;2;-2;2023;5;Ativo
RA-703;0;T;Aluno-703;11;Masculino;2021;Pública;Ágata;6,27;9,5;8,4;3,14;4,6;4,8;4,3;;6,16;5;2;-2;2023;6,88;Ativo
RA-993;0;T;Aluno-993;8;Feminino;2023;Pública;Topázio;8,76;9,5;9,8;3,77;8,6;8,5;8,7;;10;10;0;0;2023;7,5;Ativo
RA-674;0;T;Aluno-674;9;Masculino;2022;Pública;Ágata;6,63;7,9;8,5;3,77;5,2;5,3;5;;8,67;5;1;-1;2023;5;Ativo
RA-994;0;T;Aluno-994;8;Feminino;2023;Pública;Ametista;7,41;9,5;9,4;3,77;6;6,2;5,7;;7,26;10;0;0;2023;5,62;Ativo
RA-995;0;T;Aluno-995;11;Feminino;2023;Pública;Ágata;6,48;9,5;7,9;3,77;5,1;5,3;4,8;;7,18;5;2;-2;2023;6,25;Ativo
RA-996;0;T;Aluno-996;9;Masculino;2023;Pública;Topázio;8,19;10;9,2;3,77;8,6;8,7;8,5;;10;5;1;-1;2023;7,5;Ativo
RA-997;0;T;Aluno-997;8;Masculino;2023;Pública;Ametista;7,57;7,5;8,7;3,77;7,1;7,2;7;;8,6;10;0;0;2023;5,62;Ativo
RA-998;0;U;Aluno-998;11;Feminino;2023;Pública;Ametista;7,98;9,5;9,3;3,77;7,9;8;7,7;;9,84;5;2;-2;2023;7,5;Ativo
RA-999;0;U;Aluno-999;9;Masculino;2023;Pública;Topázio;8,04;9;9,4;3,77;8,3;8,3;8,3;;9,84;5;1;-1;2023;7,5;Ativo
RA-750;0;U;Aluno-750;11;Masculino;2019;Pública;Quartzo;5,69;9,5;7,7;3,14;3,4;3,3;3,5;;6,32;5;2;-2;2023;4,38;Ativo
RA-770;0;U;Aluno-770;8;Masculino;2022;Pública;Ágata;6,68;0;8,3;3,77;5,9;6;5,7;;8,92;10;0;0;2023;6,88;Ativo
RA-771;0;U;Aluno-771;7;Feminino;2022;Pública;Ametista;7,06;0;8,8;3,14;8,2;8,2;8,2;;8,59;10;0;0;2023;6,25;Ativo
RA-1000;0;U;Aluno-1000;8;Feminino;2023;Pública;Ametista;7,92;8,5;9,4;3,77;7;7;7;;8,92;10;0;0;2023;6,25;Ativo
RA-830;0;U;Aluno-830;9;Feminino;2022;Pública;Ágata;6,78;0;8,9;3,14;8,3;8,3;8,3;;9,51;5;1;-1;2023;6,25;Ativo
RA-1001;0;U;Aluno-1001;9;Feminino;2023;Pública;Topázio;8,12;9;9,1;7,52;7,8;8,3;7,3;;9,17;5;1;-1;2023;7,5;Ativo
RA-1002;0;U;Aluno-1002;9;Feminino;2023;Pública;Ametista;7,9;9;9,7;7,52;7;7;7;;8,92;5;1;-1;2023;6,25;Ativo
RA-1003;0;V;Aluno-1003;8;Masculino;2023;Pública;Ametista;7,65;9;8,5;7,52;4;8;0;;8,75;10;0;0;2023;7,5;Ativo
RA-835;0;V;Aluno-835;8;Masculino;2022;Pública;Topázio;8,25;8;8,5;7,52;8,7;8,5;8,9;;7,84;10;0;0;2023;6,88;Ativo
RA-1004;0;V;Aluno-1004;8;Feminino;2023;Pública;Topázio;8,31;9;9,6;7,52;7,9;6,5;9,2;;7,42;10;0;0;2023;6,88;Ativo
RA-1005;0;V;Aluno-1005;8;Masculino;2023;Pública;Topázio;8,43;9,5;7,9;7,52;8,8;8,4;9,2;;8,16;10;0;0;2023;7,5;Ativo
RA-1006;0;V;Aluno-1006;8;Feminino;2023;Pública;Topázio;8,59;9;9,3;7,52;8,7;8,7;8,6;;8;10;0;0;2023;7,5;Ativo
RA-705;0;V;Aluno-705;10;Masculino;2022;Pública;Ágata;6,98;0;8,3;6,89;8,8;8,9;8,6;;8,16;5;2;-2;2023;7,5;Ativo
RA-1007;0;V;Aluno-1007;8;Masculino;2023;Pública;Topázio;8,08;9;7,4;7,52;8,3;8,1;8,5;;7,68;10;0;0;2023;7,5;Ativo
RA-1008;0;V;Aluno-1008;8;Masculino;2023;Pública;Topázio;8,14;9;8,6;7,52;8,4;7,5;9,2;;7,5;10;0;0;2023;5,94;Ativo
RA-729;0;V;Aluno-729;9;Feminino;2022;Pública;Ametista;7,27;8;9,1;3,77;8,6;8,2;8,9;;7,01;5;1;-1;2023;6,56;Ativo
RA-1009;0;Y;Aluno-1009;8;Masculino;2023;Pública;Ametista;7,24;0;9;3,77;8,8;8,3;9,2;;7,84;10;0;0;2023;7,5;Ativo
RA-1010;0;Y;Aluno-1010;8;Masculino;2023;Pública;Topázio;8,71;9,5;10;3,77;9,4;9;9,8;;8,59;10;0;0;2023;7,81;Ativo
RA-1011;0;Y;Aluno-1011;7;Masculino;2023;Pública;Ametista;7,33;9,5;8,6;3,77;5,2;5,5;4,8;;7,68;10;0;0;2023;7,19;Ativo
RA-1012;0;Y;Aluno-1012;8;Feminino;2023;Pública;Ametista;7,96;10;9,9;3,77;6,6;7;6,2;;7,84;10;0;0;2023;7,19;Ativo
RA-1013;0;Y;Aluno-1013;7;Masculino;2023;Pública;Ametista;7,62;9;9,6;4,39;8,3;7;9,5;;5,76;10;0;0;2023;5,62;Ativo
RA-1014;0;Y;Aluno-1014;7;Feminino;2023;Pública;Topázio;8,26;9;9,7;3,77;8,2;7,7;8,7;;8,26;10;0;0;2023;7,5;Ativo
RA-1015;1;A;Aluno-1015;10;Feminino;2023;Pública;Ametista;7,54;10;9,3;6,27;6,3;5;7,6;;7,79;5;2;-1;2023;7,34;Ativo
RA-734;1;A;Aluno-734;11;Feminino;2022;Pública;Ametista;7,31;8,5;8;7,52;6,9;6,8;7;;7,45;5;2;-1;2023;7,34;Ativo
RA-687;1;A;Aluno-687;10;Masculino;2022;Pública;Ametista;7,62;8;9;7,52;6,9;6,7;7;;8,23;5;2;-1;2023;7,5;Ativo
RA-1016;1;A;Aluno-1016;10;Feminino;2023;Pública;Ametista;7,76;10;9,5;7,52;6,7;5,8;7,5;;7,73;5;2;-1;2023;7,34;Ativo
RA-1017;1;A;Aluno-1017;11;Masculino;2023;Pública;Ágata;6,51;0;8;5,02;7,7;7;8,3;;8,12;5;2;-1;2023;7,5;Ativo
RA-688;1;A;Aluno-688;10;Masculino;2022;Pública;Topázio;8,04;8,5;9,3;7,52;8,6;8,2;9;;8,06;5;2;-1;2023;7,5;Ativo
RA-1018;1;A;Aluno-1018;9;Masculino;2023;Pública;Ágata;6,82;0;8,5;5,02;6,3;5,8;6,8;;8,06;10;1;0;2023;7,5;Ativo
RA-696;1;A;Aluno-696;9;Feminino;2021;Pública;Ametista;7,17;0;9,4;5,02;6,7;5,2;8,2;;8,5;10;1;0;2023;7,5;Ativo
RA-1019;1;A;Aluno-1019;8;Feminino;2023;Pública;Ametista;7,18;7,5;9,1;5,02;4,3;0,5;8;;7,84;10;0;1;2023;6,88;Ativo
RA-514;1;A;Aluno-514;10;Feminino;2022;Pública;Quartzo;5,82;7,9;7,5;2,52;5,5;4,2;6,8;;5,9;5;2;-1;2023;5;Ativo
RA-1020;1;A;Aluno-1020;9;Feminino;2023;Pública;Ametista;7,61;10;9,1;2,52;6,1;4,3;7,8;;8,06;10;1;0;2023;7,19;Ativo
RA-1021;1;A;Aluno-1021;9;Masculino;2023;Pública;Ágata;6,96;8;9,2;3,77;3,3;2,5;4;;7,89;10;1;0;2023;7,19;Ativo
RA-1022;1;A;Aluno-1022;9;Masculino;2023;Pública;Ametista;7,16;8,5;8,5;3,77;4,7;4,7;4,7;;7,89;10;1;0;2023;7,19;Ativo
RA-1023;1;A;Aluno-1023;9;Feminino;2023;Pública;Topázio;9,13;10;10;6,27;9,1;8,5;9,7;;9,06;10;1;0;2023;8,75;Ativo
RA-699;1;A;Aluno-699;10;Masculino;2022;Pública;Ágata;6,39;8,5;8,3;3,77;6;5,7;6,2;;6,17;5;2;-1;2023;5,78;Ativo
RA-480;1;B;Aluno-480;11;Feminino;2021;Pública;Topázio;8,23;10;9,7;7,52;7,9;7,2;8,5;;8,34;5;2;-1;2023;7,97;Ativo
RA-678;1;B;Aluno-678;10;Masculino;2022;Pública;Ametista;7,57;8;8,8;6,27;7,3;6,8;7,7;;8,34;5;2;-1;2023;7,66;Ativo
RA-1024;1;B;Aluno-1024;10;Feminino;2023;Pública;Ametista;7,79;0;10;6,27;9,8;10;9,5;;8,95;5;2;-1;2023;9,22;Ativo
RA-502;1;B;Aluno-502;9;Feminino;2021;Privada;Topázio;8,75;8,5;9,8;7,52;8;6,7;9,3;;8,95;10;1;0;2023;7,97;Ativo
RA-1025;1;B;Aluno-1025;9;Masculino;2023;Pública;Topázio;8,22;8,5;8,9;7,52;7,5;7,5;7,5;;7,84;10;1;0;2023;7,66;Ativo
RA-680;1;B;Aluno-680;11;Feminino;2019;Pública;Ágata;6,59;0;9,1;7,52;6,4;5,2;7,5;;7,78;5;2;-1;2023;6,88;Ativo
RA-1026;1;B;Aluno-1026;14;Feminino;2023;Pública;Ágata;6,49;8,5;9,8;7,52;3,2;2,3;4;;7,06;2,5;4;-3;2023;6,41;Ativo
RA-698;1;B;Aluno-698;9;Masculino;2021;Pública;Ametista;7,55;8,5;9,9;2,52;5,7;4,3;7;;8,11;10;1;0;2023;7,19;Ativo
RA-533;1;B;Aluno-533;11;Masculino;2022;Pública;Ametista;7,43;9;9,3;7,52;5,8;4,8;6,7;;7,61;5;2;-1;2023;7,5;Ativo
RA-504;1;B;Aluno-504;9;Feminino;2021;Pública;Topázio;8,3;8;8,3;7,52;7,9;6,5;9,2;;8,84;10;1;0;2023;7,5;Ativo
RA-1027;1;B;Aluno-1027;10;Feminino;2023;Pública;Ametista;7,75;9,5;9,7;7,52;6;4,2;7,7;;8,33;5;2;-1;2023;7,5;Ativo
RA-529;1;B;Aluno-529;13;Masculino;2020;Pública;Ametista;7,28;8;9,6;7,52;6,8;4,8;8,7;;6,89;5;3;-2;2023;5,78;Ativo
RA-1028;1;B;Aluno-1028;11;Masculino;2023;Pública;Ágata;6,42;0;9,2;7,52;5;5;5;;7,95;5;2;-1;2023;7,34;Ativo
RA-686;1;C;Aluno-686;10;Feminino;2022;Pública;Ametista;7,96;8,5;9;7,52;8;7,3;8,7;;8,56;5;2;-1;2023;7,5;Ativo
RA-1029;1;C;Aluno-1029;9;Feminino;2023;Pública;Ametista;7,06;10;6,3;3,77;5,4;3,5;7,2;;8,01;10;1;0;2023;7,5;Ativo
RA-1030;1;C;Aluno-1030;11;Masculino;2023;Pública;Ametista;7,4;8,5;9,7;3,77;6,9;6,2;7,5;;8,39;5;2;-1;2023;6,88;Ativo
RA-522;1;C;Aluno-522;10;Masculino;2021;Pública;Ametista;7,89;7,5;9,2;7,52;8,3;8,3;8,2;;8,45;5;2;-1;2023;7,08;Ativo
RA-501;1;C;Aluno-501;10;Masculino;2021;Pública;Topázio;8,14;7;8,4;7,52;8,9;9,2;8,5;;9,4;5;2;-1;2023;8,54;Ativo
RA-692;1;C;Aluno-692;10;Feminino;2021;Privada;Ágata;6,59;7,4;7,7;7,52;4,6;2,8;6,3;;7,39;5;2;-1;2023;6,67;Ativo
RA-527;1;C;Aluno-527;10;Feminino;2022;Pública;Ametista;7,57;9;9,1;7,52;6,5;5,7;7,2;;7,78;5;2;-1;2023;7,5;Ativo
RA-1031;1;D;Aluno-1031;10;Masculino;2023;Pública;Ametista;7,06;8;8,8;7,52;5,9;4,8;7;;7,01;5;2;-1;2023;6,67;Ativo
RA-1032;1;D;Aluno-1032;10;Masculino;2023;Pública;Ametista;7,43;8,5;9,5;7,52;6;5,7;6,2;;7,56;5;2;-1;2023;7,29;Ativo
RA-1033;1;D;Aluno-1033;11;Feminino;2023;Pública;Topázio;8,13;9;8,9;7,52;7,9;7;8,8;;9,01;5;2;-1;2023;8,12;Ativo
RA-1034;1;D;Aluno-1034;10;Masculino;2023;Pública;Ametista;7,96;7,5;9;7,52;8,3;7,8;8,7;;8,39;5;2;-1;2023;8,33;Ativo
RA-1035;1;D;Aluno-1035;9;Masculino;2023;Pública;Ágata;6,89;0;8,3;7,52;5,8;4;7,5;;7,78;10;1;0;2023;7,71;Ativo
RA-730;1;F;Aluno-730;10;Feminino;2021;Privada;Ametista;7,98;10;8,7;5,02;7,8;7,8;7,7;;8,67;5;2;-1;2023;9,53;Ativo
RA-855;1;F;Aluno-855;9;Feminino;2022;Pública;Topázio;8,63;9,5;10;7,52;6,8;5,2;8,3;;8,67;10;1;0;2023;8,44;Ativo
RA-820;1;F;Aluno-820;10;Masculino;2022;Pública;Ametista;7,86;7,9;7,4;7,52;8,9;9,2;8,5;;8,28;5;2;-1;2023;9,06;Ativo
RA-738;1;F;Aluno-738;9;Feminino;2022;Pública;Topázio;8,12;8;9,3;7,52;6;4,2;7,8;;8,34;10;1;0;2023;8,44;Ativo
RA-1036;1;F;Aluno-1036;11;Feminino;2023;Pública;Ágata;6,97;0;9,6;3,77;8;9;7;;8,34;5;2;-1;2023;9,06;Ativo
RA-1037;1;F;Aluno-1037;10;Masculino;2023;Pública;Ametista;7,66;9;8,4;7,52;6,7;5;8,3;;8,17;5;2;-1;2023;8,59;Ativo
RA-576;1;F;Aluno-576;11;Feminino;2022;Pública;Ametista;7,98;9;9,3;5,02;8;6,5;9,5;;8,5;5;2;-1;2023;9,22;Ativo
RA-1038;1;F;Aluno-1038;10;Feminino;2023;Privada;Ametista;7,74;8;9,3;7,52;6,5;7,5;5,5;;8,17;5;2;-1;2023;8,91;Ativo
RA-1039;1;F;Aluno-1039;12;Masculino;2023;Pública;Ametista;7,69;8;9,9;7,52;6,2;6;6,3;;8,06;5;3;-2;2023;8,12;Ativo
RA-1040;1;F;Aluno-1040;11;Masculino;2023;Pública;Ametista;7,82;10;9,3;7,52;6,6;5,8;7,3;;8,06;5;2;-1;2023;7,81;Ativo
RA-1041;1;F;Aluno-1041;10;Feminino;2023;Pública;Ágata;6,72;10;7,2;7,52;3,3;1,8;4,7;;8;5;2;-1;2023;7,81;Ativo
RA-733;1;G;Aluno-733;9;Feminino;2022;Pública;Topázio;8,33;10;8,7;7,52;6,2;4,3;8;;8,89;10;1;0;2023;8,33;Ativo
RA-837;1;G;Aluno-837;9;Masculino;2022;Pública;Topázio;8,27;9;9,3;7,52;7;6,3;7,7;;7,84;10;1;0;2023;7,92;Ativo
RA-519;1;G;Aluno-519;10;Masculino;2022;Pública;Topázio;8,02;9;9,9;7,52;7,4;7,5;7,2;;8,22;5;2;-1;2023;7,71;Ativo
RA-521;1;G;Aluno-521;10;Masculino;2022;Pública;Ágata;6,77;0;9,9;3,77;7,9;7;8,7;;8,17;5;2;-1;2023;7,08;Ativo
RA-1042;1;G;Aluno-1042;10;Masculino;2023;Pública;Quartzo;5,33;0;6,5;3,77;4,3;4;4,5;;7,67;5;2;-1;2023;7,71;Ativo
RA-713;1;G;Aluno-713;10;Masculino;2021;Pública;Ametista;7,41;8;9,6;3,77;7,5;6,7;8,2;;8,17;5;2;-1;2023;6,88;Ativo
RA-736;1;G;Aluno-736;10;Masculino;2022;Pública;Ametista;7,6;8,5;9,5;6,27;6,7;4,8;8,5;;8,11;5;2;-1;2023;7,71;Ativo
RA-1043;1;G;Aluno-1043;10;Masculino;2023;Pública;Ágata;6,54;10;7,9;6,27;2,5;2;3;;7,83;5;2;-1;2023;7,71;Ativo
RA-716;1;G;Aluno-716;10;Masculino;2022;Pública;Ágata;6,81;9;8,7;3,77;5,6;5;6,2;;7,44;5;2;-1;2023;6,88;Ativo
RA-1044;1;G;Aluno-1044;10;Feminino;2023;Pública;Ametista;7,63;8;9,7;7,52;6,1;4,5;7,7;;8,34;5;2;-1;2023;7,5;Ativo
RA-745;1;G;Aluno-745;10;Masculino;2021;Privada;Ametista;7,67;9,5;9,3;3,77;7;5,7;8,2;;8,89;5;2;-1;2023;8,12;Ativo
RA-717;1;G;Aluno-717;11;Feminino;2021;Pública;Ágata;6,63;0;8,5;7,52;5,9;5,5;6,3;;8,45;5;2;-1;2023;8,12;Ativo
RA-718;1;G;Aluno-718;9;Feminino;2022;Pública;Topázio;8,17;9,5;9,1;3,77;7,8;6,3;9,2;;8,39;10;1;0;2023;7,92;Ativo
RA-721;1;G;Aluno-721;9;Feminino;2021;Pública;Topázio;8,68;8,5;9,5;7,52;8,4;7,5;9,3;;8,44;10;1;0;2023;8,12;Ativo
RA-746;1;G;Aluno-746;9;Masculino;2022;Pública;Ágata;6,52;0;8;3,77;7,2;6;8,3;;7,11;10;1;0;2023;6,88;Ativo
RA-1045;1;H;Aluno-1045;11;Feminino;2023;Pública;Topázio;8,09;9,5;9,4;7,52;7,9;6,8;9;;8,28;5;2;-1;2023;7,71;Ativo
RA-483;1;H;Aluno-483;12;Feminino;2019;Pública;Ágata;6,4;9;6;2,52;5,6;5;6,2;;8,17;5;3;-2;2023;7,92;Ativo
RA-1046;1;H;Aluno-1046;9;Masculino;2023;Pública;Ágata;6,84;0;8,5;3,77;6,3;6,3;6,3;;8,22;10;1;0;2023;8,54;Ativo
RA-1047;1;H;Aluno-1047;9;Masculino;2023;Pública;Ametista;7,85;10;8,5;3,77;6,9;5,8;8;;7,89;10;1;0;2023;8,12;Ativo
RA-570;1;H;Aluno-570;11;Feminino;2019;Pública;Ágata;6,78;8,5;7,3;3,77;5,9;5,7;6;;8,06;5;2;-1;2023;8,12;Ativo
RA-1048;1;H;Aluno-1048;10;Feminino;2023;Privada;Ametista;7,81;8,5;9,5;3,77;8,2;7,5;8,8;;8,5;5;2;-1;2023;8,54;Ativo
RA-1049;1;H;Aluno-1049;10;Masculino;2023;Pública;Ametista;7,44;10;7,7;7,52;6,3;5,5;7;;7,94;5;2;-1;2023;8,12;Ativo
RA-1050;1;H;Aluno-1050;11;Masculino;2023;Pública;Ametista;7,76;9;9,2;6,27;7,2;6,2;8,2;;8,22;5;2;-1;2023;8,12;Ativo
RA-1051;1;H;Aluno-1051;9;Feminino;2023;Pública;Topázio;8,53;8,5;8,9;6,27;8,4;7;9,8;;8,61;10;1;0;2023;8,75;Ativo
RA-707;1;H;Aluno-707;11;Feminino;2020;Pública;Ágata;6,52;0;9,8;3,77;6,5;5,5;7,5;;7,95;5;2;-1;2023;7,92;Ativo
RA-1052;1;H;Aluno-1052;9;Masculino;2023;Pública;Ágata;6,96;0;9;7,52;5,3;5;5,5;;7,83;10;1;0;2023;7,92;Ativo
RA-580;1;H;Aluno-580;11;Feminino;2020;Pública;Topázio;8,47;8,5;9,8;7,52;9;8,7;9,3;;8,67;5;2;-1;2023;8,75;Ativo
RA-581;1;H;Aluno-581;11;Masculino;2019;Pública;Ametista;7,72;8;9,8;7,52;7,9;7;8,8;;7,39;5;2;-1;2023;6,46;Ativo
RA-735;1;J;Aluno-735;11;Feminino;2021;Pública;Ametista;7,18;0;9;7,52;8,1;7,7;8,5;;8,39;5;2;-1;2023;8,33;Ativo
RA-710;1;J;Aluno-710;11;Masculino;2020;Pública;Ametista;7,06;9,5;9;3,77;6,5;5,7;7,3;;7,11;5;2;-1;2023;7,08;Ativo
RA-712;1;J;Aluno-712;12;Masculino;2019;Pública;Ágata;6,33;9,5;5,6;3,14;6,7;5,5;7,8;;6,84;5;3;-2;2023;7,5;Ativo
RA-549;1;J;Aluno-549;11;Masculino;2021;Pública;Ametista;7,03;9,5;8,1;5,02;6,4;5,5;7,2;;7,5;5;2;-1;2023;6,88;Ativo
RA-679;1;J;Aluno-679;11;Masculino;2020;Pública;Ágata;6,14;7,5;7,5;5,02;3,6;2;5,2;;7,39;5;2;-1;2023;6,88;Ativo
RA-571;1;J;Aluno-571;12;Feminino;2019;Privada;Ágata;6,61;9;7,9;3,77;5;3,8;6,2;;7,62;5;3;-2;2023;7,29;Ativo
RA-714;1;J;Aluno-714;12;Masculino;2019;Pública;Ágata;6,08;0;8;3,14;7,4;6,7;8;;7,22;5;3;-2;2023;7,5;Ativo
RA-737;1;J;Aluno-737;9;Feminino;2022;Pública;Topázio;8,05;9,5;7,8;7,52;7,5;7;8;;7,78;10;1;0;2023;7,29;Ativo
RA-577;1;J;Aluno-577;11;Feminino;2022;Pública;Ametista;7,22;10;8,2;3,77;7,4;6,5;8,3;;7,67;5;2;-1;2023;6,88;Ativo
RA-1053;1;J;Aluno-1053;9;Masculino;2023;Pública;Ametista;7,78;0;9,1;6,27;8,6;7,8;9,3;;8,62;10;1;0;2023;8,96;Ativo
RA-731;1;J;Aluno-731;11;Feminino;2019;Pública;Ágata;6,77;8,5;7,6;3,14;6,8;6,2;7,3;;7,45;5;2;-1;2023;7,5;Ativo
RA-552;1;J;Aluno-552;12;Masculino;2022;Pública;Quartzo;5,25;0;5,6;3,14;6,4;6,5;6,2;;6,89;5;3;-2;2023;6,67;Ativo
RA-1054;1;J;Aluno-1054;12;Masculino;2023;Pública;Ametista;7,46;8,5;8,6;7,52;6,6;5;8,2;;7,84;5;3;-2;2023;7,5;Ativo
RA-1055;1;J;Aluno-1055;11;Masculino;2023;Pública;Quartzo;5,98;0;7,2;7,52;5,5;6;5;;7,28;5;2;-1;2023;7,29;Ativo
RA-597;1;K;Aluno-597;10;Masculino;2022;Pública;Topázio;8,49;10;9,6;7,52;8,5;7,8;9,2;;8,56;5;2;-1;2023;9,06;Ativo
RA-624;1;K;Aluno-624;11;Masculino;2022;Pública;Topázio;8,27;9;9,2;7,52;8,6;8,3;8,8;;8,39;5;2;-1;2023;8,91;Ativo
RA-776;1;K;Aluno-776;10;Feminino;2022;Privada;Quartzo;5,57;0;7;7,52;3,5;4,2;2,7;;7,22;5;2;-1;2023;7,81;Ativo
RA-600;1;K;Aluno-600;10;Feminino;2021;Pública;Ametista;7,65;8,5;8,4;7,52;7,2;6,5;7,8;;8,06;5;2;-1;2023;8,28;Ativo
RA-1056;1;K;Aluno-1056;9;Masculino;2023;Pública;Topázio;8,55;8,5;9,6;7,52;8,1;7,8;8,3;;8,11;10;1;0;2023;7,97;Ativo
RA-791;1;K;Aluno-791;12;Feminino;2022;Pública;Ágata;6,25;0;8,1;7,52;5,3;6;4,5;;7,72;5;3;-2;2023;7,81;Ativo
RA-601;1;K;Aluno-601;9;Masculino;2021;Pública;Topázio;8,96;9;10;7,52;8,7;8;9,3;;8,34;10;1;0;2023;9,06;Ativo
RA-762;1;K;Aluno-762;13;Masculino;2022;Pública;Ametista;7,1;10;9,1;3,14;5,8;6,2;5,3;;7,67;5;3;-2;2023;7,81;Ativo
RA-778;1;K;Aluno-778;10;Feminino;2021;Pública;Ametista;7,93;8,5;7,9;7,52;8,2;7,3;9;;8,62;5;2;-1;2023;8,91;Ativo
RA-628;1;K;Aluno-628;12;Masculino;2022;Pública;Topázio;8,37;9,5;8,9;7,52;9,4;9;9,7;;8,45;5;3;-2;2023;8,28;Ativo
RA-606;1;K;Aluno-606;10;Masculino;2022;Pública;Ametista;7,4;8,5;8,5;7,52;6;4,7;7,2;;8,22;5;2;-1;2023;7,66;Ativo
RA-766;1;K;Aluno-766;11;Feminino;2020;Pública;Topázio;8,01;10;8,7;4,39;8,7;9,2;8,2;;8,34;5;2;-1;2023;9,22;Ativo
RA-607;1;K;Aluno-607;11;Masculino;2022;Pública;Ametista;7,33;8;7,5;7,52;6,8;4,8;8,7;;8,17;5;2;-1;2023;7,97;Ativo
RA-608;1;K;Aluno-608;10;Masculino;2022;Pública;Ametista;7,4;10;7,5;7,52;6,2;6;6,3;;8,11;5;2;-1;2023;7,97;Ativo
RA-788;1;K;Aluno-788;9;Masculino;2021;Pública;Ametista;7,81;7,9;9,8;2,52;6,9;6;7,8;;8,28;10;1;0;2023;7,66;Ativo
RA-784;1;L;Aluno-784;10;Feminino;2022;Pública;Topázio;8,17;10;9,5;7,52;7,3;6,5;8;;8,78;5;2;-1;2023;8,12;Ativo
RA-785;1;L;Aluno-785;10;Feminino;2022;Pública;Topázio;8,14;9;8,5;7,52;8,8;8,2;9,4;;8,67;5;2;-1;2023;7,92;Ativo
RA-587;1;L;Aluno-587;11;Masculino;2022;Pública;Ágata;6,03;8,5;7;7,52;2,7;2,2;3,2;;6,72;5;2;-1;2023;6,46;Ativo
RA-790;1;L;Aluno-790;12;Masculino;2022;Pública;Ágata;6,71;0;8,1;7,52;7,4;7,2;7,5;;8,29;5;3;-2;2023;7,08;Ativo
RA-663;1;L;Aluno-663;11;Masculino;2022;Pública;Ágata;6,97;6,9;7,4;7,52;7;6,7;7,3;;7,39;5;2;-1;2023;6,67;Ativo
RA-664;1;L;Aluno-664;11;Feminino;2022;Pública;Topázio;8,09;9;9,6;7,52;8;8;8;;8,12;5;2;-1;2023;7,92;Ativo
RA-761;1;L;Aluno-761;10;Masculino;2022;Pública;Topázio;8,22;9;9,7;7,52;8,4;8,7;8;;8,12;5;2;-1;2023;8,33;Ativo
RA-1057;1;L;Aluno-1057;9;Feminino;2023;Pública;Topázio;8,48;10;10;7,52;6,3;6,5;6;;8,34;10;1;0;2023;8,12;Ativo
RA-629;1;L;Aluno-629;10;Feminino;2022;Pública;Topázio;8,01;10;9,4;7,52;7,5;7;8;;7,95;5;2;-1;2023;7,92;Ativo
RA-832;1;L;Aluno-832;10;Masculino;2022;Pública;Topázio;8,27;10;9,5;7,52;8,5;9,2;7,7;;8,28;5;2;-1;2023;7,71;Ativo
RA-594;1;L;Aluno-594;11;Masculino;2022;Pública;Ágata;6,7;8,5;7,1;6,27;5,8;6,2;5,3;;7,34;5;2;-1;2023;6,88;Ativo
RA-617;1;L;Aluno-617;11;Feminino;2021;Pública;Ágata;6,82;0;9;7,52;6,9;5,5;8,2;;8,12;5;2;-1;2023;7,71;Ativo
RA-767;1;L;Aluno-767;11;Masculino;2021;Pública;Ametista;7,38;10;8,3;7,52;6,3;6,5;6;;7,45;5;2;-1;2023;7,29;Ativo
RA-1058;1;L;Aluno-1058;9;Feminino;2023;Pública;Ametista;7,36;10;8,7;3,14;5,4;4;6,7;;7,62;10;1;0;2023;7,08;Ativo
RA-747;1;L;Aluno-747;11;Feminino;2022;Pública;Ágata;6,03;10;8;3,14;3,1;1,2;5;;6,94;5;2;-1;2023;6,04;Ativo
RA-827;1;M;Aluno-827;11;Feminino;2022;Pública;Ametista;7,42;7,9;8,1;3,14;8,1;7,7;8,5;;8,73;5;2;-1;2023;8,28;Ativo
RA-1059;1;M;Aluno-1059;10;Masculino;2023;Pública;Ametista;7,76;10;9,8;2,52;7,6;6,2;9;;8,67;5;2;-1;2023;7,97;Ativo
RA-612;1;M;Aluno-612;11;Feminino;2021;Privada;Topázio;8,41;9;9,7;3,77;9,7;9,3;10;;9,29;5;2;-1;2023;9,06;Ativo
RA-1060;1;M;Aluno-1060;10;Masculino;2023;Pública;Ametista;7,1;9;8,6;3,14;5,7;4,3;7;;8,67;5;2;-1;2023;7,97;Ativo
RA-665;1;M;Aluno-665;11;Feminino;2022;Pública;Ágata;6,19;9,5;4,9;2,52;5,2;5;5,3;;8,23;5;2;-1;2023;8,28;Ativo
RA-829;1;M;Aluno-829;9;Feminino;2022;Pública;Topázio;8,53;9;9,4;3,14;8,4;7,5;9,2;;9,23;10;1;0;2023;9,22;Ativo
RA-1061;1;M;Aluno-1061;10;Masculino;2023;Pública;Topázio;8,2;9,5;9,7;3,14;9,3;8,8;9,7;;8,84;5;2;-1;2023;8,75;Ativo
RA-1062;1;M;Aluno-1062;9;Masculino;2023;Pública;Ametista;7,45;7,4;7,7;3,77;6,2;4,8;7,5;;8,5;10;1;0;2023;8,59;Ativo
RA-615;1;M;Aluno-615;10;Feminino;2020;Pública;Ametista;7,82;10;9,7;3,14;7,6;6,8;8,3;;8,62;5;2;-1;2023;8,28;Ativo
RA-833;1;M;Aluno-833;10;Masculino;2022;Pública;Ametista;7,81;10;9,5;3,77;7,4;7,3;7,5;;8,56;5;2;-1;2023;8,44;Ativo
RA-630;1;M;Aluno-630;10;Masculino;2022;Pública;Ametista;7,2;9;8,6;3,77;5,7;4,2;7,2;;8,67;5;2;-1;2023;8,28;Ativo
RA-752;1;N;Aluno-752;11;Feminino;2022;Pública;Topázio;8,07;9,5;9,9;7,52;6,4;4,8;8;;9,23;5;2;-1;2023;7,66;Ativo
RA-777;1;N;Aluno-777;9;Feminino;2022;Pública;Ametista;7,47;0;9,3;7,52;6,3;5,3;7,3;;8,84;10;1;0;2023;8,28;Ativo
RA-1063;1;N;Aluno-1063;11;Masculino;2023;Privada;Ametista;7,49;9,5;9,5;7,52;5,9;4,7;7;;7,89;5;2;-1;2023;6,41;Ativo
RA-764;1;N;Aluno-764;9;Masculino;2022;Pública;Ametista;7,68;0;9,2;7,52;7,8;6;9,5;;8,56;10;1;0;2023;8,28;Ativo
RA-1064;1;N;Aluno-1064;10;Masculino;2023;Pública;Topázio;8,48;8,5;9,8;7,52;8,6;8,3;8,8;;8,84;5;2;-1;2023;9,38;Ativo
RA-1065;1;N;Aluno-1065;10;Feminino;2023;Pública;Topázio;8,03;8,5;9,6;7,52;7;7,7;6,3;;8,84;5;2;-1;2023;8,44;Ativo
RA-772;1;N;Aluno-772;12;Masculino;2021;Pública;Quartzo;5,93;0;7,2;7,52;4,8;5,2;4,3;;8;5;3;-2;2023;6,88;Ativo
RA-781;1;N;Aluno-781;10;Feminino;2021;Pública;Topázio;8,21;7,5;9,8;7,52;7,9;7;8,8;;9,12;5;2;-1;2023;8,44;Ativo
RA-1066;1;N;Aluno-1066;10;Feminino;2023;Pública;Ametista;7,26;8,5;6,6;7,52;6,2;4,2;8,2;;8,78;5;2;-1;2023;8,44;Ativo
RA-1067;1;N;Aluno-1067;10;Masculino;2023;Pública;Ágata;6,54;0;7,9;7,52;5,4;4,5;6,3;;9,01;5;2;-1;2023;8,28;Ativo
RA-834;1;N;Aluno-834;10;Masculino;2022;Pública;Topázio;8,66;9;9,9;6,27;9,2;9;9,3;;9,28;5;2;-1;2023;9,69;Ativo
RA-722;1;N;Aluno-722;10;Feminino;2021;Pública;Ametista;7,34;8,5;9,6;2,52;6,4;4,5;8,2;;8,67;5;2;-1;2023;8,12;Ativo
RA-1068;1;P;Aluno-1068;10;Masculino;2023;Pública;Topázio;8,47;8,5;9,3;6,89;9;8,3;9,7;;9,28;5;2;-1;2023;9,17;Ativo
RA-796;1;P;Aluno-796;11;Feminino;2022;Pública;Ametista;7,46;9;9,8;6,27;5,5;5;6;;8,34;5;2;-1;2023;7,08;Ativo
RA-1069;1;P;Aluno-1069;11;Masculino;2023;Pública;Ametista;7,59;9;7,8;7,52;7,1;7,5;6,7;;8,23;5;2;-1;2023;8,12;Ativo
RA-797;1;P;Aluno-797;11;Masculino;2021;Pública;Ametista;7,37;8,5;8,6;7,52;7,5;7;8;;7,23;5;2;-1;2023;6,04;Ativo
RA-647;1;P;Aluno-647;10;Feminino;2022;Privada;Ametista;7,1;7,3;8,7;6,27;5,2;4,7;5,7;;8,45;5;2;-1;2023;7,71;Ativo
RA-814;1;P;Aluno-814;10;Masculino;2022;Pública;Topázio;8,37;9,5;9,6;6,89;8,2;7,8;8,5;;9,23;5;2;-1;2023;8,33;Ativo
RA-652;1;P;Aluno-652;10;Feminino;2022;Pública;Ametista;7,87;9;9,4;6,89;7;6,2;7,8;;8,45;5;2;-1;2023;8,12;Ativo
RA-816;1;P;Aluno-816;10;Feminino;2022;Pública;Topázio;8,56;7,5;9,8;7,52;8,9;7,8;10;;9,28;5;2;-1;2023;9,58;Ativo
RA-640;1;P;Aluno-640;12;Feminino;2022;Pública;Ágata;6,11;0;7,3;7,52;4,9;4;5,8;;8,45;5;3;-2;2023;7,29;Ativo
RA-810;1;P;Aluno-810;9;Masculino;2021;Pública;Ametista;7,78;8;8,5;7,52;6,9;6,3;7,5;;7,84;10;1;0;2023;5,83;Ativo
RA-643;1;P;Aluno-643;11;Masculino;2022;Pública;Ametista;7,39;9,5;8,2;7,52;7,1;7;7,2;;7,61;5;2;-1;2023;6,04;Ativo
RA-819;1;P;Aluno-819;9;Masculino;2022;Pública;Ametista;7,94;0;8,3;7,52;9,5;9,7;9,3;;8,89;10;1;0;2023;8,54;Ativo
RA-1070;1;P;Aluno-1070;11;Masculino;2023;Pública;Ágata;6,94;9;7,8;3,14;5,8;5,3;6,3;;8,67;5;2;-1;2023;7,71;Ativo
RA-813;1;R;Aluno-813;9;Masculino;2022;Pública;Ametista;7,59;9,5;8,4;7,52;3,9;2,3;5,5;;8,06;10;1;0;2023;8,12;Ativo
RA-636;1;R;Aluno-636;11;Masculino;2022;Pública;Ágata;6,84;0;8,3;5,64;9;9,2;8,7;;7,45;5;2;-1;2023;8,33;Ativo
RA-798;1;R;Aluno-798;11;Masculino;2022;Privada;Ametista;7,02;9;8,1;7,52;6,1;4,3;7,8;;6,95;5;2;-1;2023;6,46;Ativo
RA-799;1;R;Aluno-799;10;Feminino;2022;Pública;Topázio;8,06;9,5;9,6;5,64;8,3;7,8;8,8;;8,17;5;2;-1;2023;8,33;Ativo
RA-815;1;R;Aluno-815;10;Masculino;2022;Pública;Ágata;6,12;0;8,6;5,02;6,5;7;6;;7,06;5;2;-1;2023;6,88;Ativo
RA-637;1;R;Aluno-637;11;Feminino;2021;Pública;Topázio;8,11;8;9,5;7,52;8,5;8,7;8,2;;8,17;5;2;-1;2023;8,33;Ativo
RA-638;1;R;Aluno-638;10;Feminino;2020;Pública;Ametista;7,75;9;9,4;7,52;6,5;6,8;6,2;;7,95;5;2;-1;2023;8,33;Ativo
RA-801;1;R;Aluno-801;9;Masculino;2022;Pública;Ágata;6,87;0;7,5;7,52;7,6;6,8;8,3;;7,12;10;1;0;2023;6,88;Ativo
RA-802;1;R;Aluno-802;10;Masculino;2021;Pública;Topázio;8,13;8;9,3;7,52;9,4;9,3;9,5;;7,51;5;2;-1;2023;8,33;Ativo
RA-1071;1;R;Aluno-1071;11;Masculino;2023;Pública;Ágata;6,41;9;8,6;7,52;3,5;1,7;5,3;;6,4;5;2;-1;2023;5,62;Ativo
RA-817;1;R;Aluno-817;9;Feminino;2022;Pública;Ametista;7,86;9,5;8,8;6,89;5,4;5;5,7;;7,89;10;1;0;2023;8,12;Ativo
RA-818;1;R;Aluno-818;8;Masculino;2022;Pública;Ametista;8;10;8,4;7,52;6,2;5,5;6,8;;7,61;10;0;1;2023;8,12;Ativo
RA-804;1;R;Aluno-804;11;Masculino;2022;Pública;Ametista;7,24;10;8,6;6,27;6,9;6,2;7,5;;7,17;5;2;-1;2023;5,83;Ativo
RA-645;1;R;Aluno-645;11;Feminino;2022;Pública;Ametista;7,61;9;8,5;6,27;7,3;6,5;8;;8,12;5;2;-1;2023;8,12;Ativo
RA-479;2;A;Aluno-479;11;Masculino;2020;Privada;Topázio;8,99;9;10;2,52;9,7;9,3;10;;9,64;10;2;0;2023;9,79;Ativo
RA-493;2;A;Aluno-493;10;Feminino;2020;Pública;Ametista;7,93;9,5;9,6;2,52;6;4,7;7,2;;8,84;10;2;0;2023;8,54;Ativo
RA-1072;2;A;Aluno-1072;11;Masculino;2023;Pública;Topázio;8,02;9;8,6;5;6,7;5,2;8,2;;8,71;10;2;0;2023;8,12;Ativo
RA-536;2;A;Aluno-536;10;Feminino;2020;Pública;Ametista;7,76;8;9,3;2,52;5,9;5;6,8;;9,17;10;2;0;2023;8,33;Ativo
RA-1073;2;A;Aluno-1073;12;Feminino;2023;Pública;Ágata;6,38;0;8,8;2,52;6,2;4,8;7,5;;9,04;5;3;-1;2023;8,33;Ativo
RA-494;2;A;Aluno-494;12;Feminino;2022;Privada;Ametista;7,12;6,9;9;2,52;6,8;6,3;7,3;;8,71;5;3;-1;2023;7,71;Ativo
RA-496;2;A;Aluno-496;12;Masculino;2018;Privada;Ágata;6,6;0;7,1;5;8,3;7,5;9;;8,71;5;3;-1;2023;7,92;Ativo
RA-497;2;A;Aluno-497;14;Feminino;2016;Privada;Quartzo;5,72;5,3;8,7;2,52;3,5;1,7;5,3;;6,88;5;4;-2;2023;6,25;Ativo
RA-1074;2;A;Aluno-1074;12;Feminino;2023;Pública;Ágata;6,2;0;9,8;2,52;6;8;4;;7,88;5;3;-1;2023;7,08;Ativo
RA-486;2;A;Aluno-486;11;Feminino;2020;Privada;Ametista;7,1;8,4;6,4;2,52;6,2;3,3;9;;8,75;10;2;0;2023;7,5;Ativo
RA-1075;2;A;Aluno-1075;12;Feminino;2023;Pública;Ágata;6,59;0;9,6;5;5,5;5;6;;9;5;3;-1;2023;7,71;Ativo
RA-578;2;A;Aluno-578;11;Masculino;2019;Privada;Topázio;9,01;9;10;2,52;9,7;9,8;9,5;;9,76;10;2;0;2023;9,79;Ativo
RA-513;2;A;Aluno-513;10;Masculino;2021;Privada;Topázio;8,3;9,5;9,7;2,52;7,5;7,2;7,8;;9,01;10;2;0;2023;8,54;Ativo
RA-487;2;A;Aluno-487;11;Feminino;2019;Privada;Topázio;8,99;8,5;9,9;5;9,5;9,2;9,7;;9,26;10;2;0;2023;9,17;Ativo
RA-1076;2;A;Aluno-1076;12;Feminino;2023;Pública;Ametista;7,9;9;9,7;2,52;8,5;9;8;;8,88;5;3;-1;2023;8,33;Ativo
RA-490;2;A;Aluno-490;11;Feminino;2022;Privada;Ametista;7,43;7,9;7,9;2,52;5,8;2,8;8,7;;9,01;10;2;0;2023;8,54;Ativo
RA-491;2;A;Aluno-491;11;Masculino;2022;Pública;Ametista;7,56;9,5;9,6;2,52;5;3,3;6,7;;8,34;10;2;0;2023;7,71;Ativo
RA-1077;2;B;Aluno-1077;11;Masculino;2023;Pública;Ametista;7,21;0;9,7;2,52;7,3;6,8;7,8;;8,42;10;2;0;2023;8,75;Ativo
RA-484;2;B;Aluno-484;12;Masculino;2022;Pública;Quartzo;5,52;6,4;7,5;2,52;3,6;3,2;4;;6,8;5;3;-1;2023;5,42;Ativo
RA-508;2;B;Aluno-508;10;Masculino;2022;Pública;Ametista;7,67;6,4;8,6;2,52;7,5;6,2;8,7;;8,67;10;2;0;2023;8,33;Ativo
RA-495;2;B;Aluno-495;12;Masculino;2022;Privada;Ametista;7,42;9;8,4;2,52;7,4;6;8,8;;8,76;5;3;-1;2023;8,54;Ativo
RA-1078;2;B;Aluno-1078;14;Masculino;2023;Pública;Ágata;6,47;5,3;6,8;2,52;6,4;4,3;8,5;;8,3;5;4;-2;2023;8,96;Ativo
RA-340;2;B;Aluno-340;12;Masculino;2017;Pública;Ametista;7,06;0;9,6;2,52;8,9;9;8,7;;8,51;5;3;-1;2023;9,17;Ativo
RA-1079;2;B;Aluno-1079;12;Masculino;2023;Pública;Ágata;6,92;9;8,1;2,52;7,6;7,3;7,8;;7,13;5;3;-1;2023;7,08;Ativo
RA-1080;2;B;Aluno-1080;12;Masculino;2023;Pública;Ágata;6,57;7,9;10;5;1,5;0;3;;8,13;5;3;-1;2023;8,54;Ativo
RA-1081;2;B;Aluno-1081;14;Feminino;2023;Pública;Ametista;7,67;10;10;2,52;6,5;8;5;;8,59;5;4;-2;2023;8,96;Ativo
RA-1082;2;B;Aluno-1082;12;Feminino;2023;Pública;Ametista;7,16;9,5;9,5;2,52;5;3,5;6,5;;8,42;5;3;-1;2023;8,75;Ativo
RA-1083;2;B;Aluno-1083;10;Feminino;2023;Pública;Topázio;8,23;6,8;10;5;7,5;7;8;;8,38;10;2;0;2023;8,75;Ativo
RA-531;2;B;Aluno-531;11;Masculino;2022;Pública;Topázio;8,33;9,5;10;2,52;7,7;6,3;9;;8,59;10;2;0;2023;8,75;Ativo
RA-1084;2;B;Aluno-1084;11;Feminino;2023;Pública;Ametista;7,99;8,4;10;2,52;6,8;5;8,5;;8,38;10;2;0;2023;8,75;Ativo
RA-516;2;B;Aluno-516;10;Masculino;2019;Privada;Topázio;8,68;10;9,8;2,52;9,3;9;9,5;;8,72;10;2;0;2023;8,75;Ativo
RA-348;2;B;Aluno-348;13;Masculino;2022;Pública;Ágata;6,82;10;8,7;2,52;4,4;2;6,7;;8,01;5;3;-1;2023;8,54;Ativo
RA-1085;2;C;Aluno-1085;12;Feminino;2023;Pública;Ágata;6,56;0;9,8;2,52;6,7;6;7,3;;8,13;5;3;-1;2023;8,96;Ativo
RA-1086;2;C;Aluno-1086;12;Feminino;2023;Pública;Ametista;7,24;8,5;9,4;2,52;5,7;6;5,3;;8,76;5;3;-1;2023;8,75;Ativo
RA-1087;2;C;Aluno-1087;12;Feminino;2023;Pública;Ametista;7,21;10;9,5;2,52;5,4;3,7;7;;8,05;5;3;-1;2023;8,75;Ativo
RA-509;2;C;Aluno-509;12;Feminino;2018;Pública;Ametista;7,61;8,5;8,1;2,52;8,6;8,2;9;;8,84;5;3;-1;2023;8,96;Ativo
RA-499;2;C;Aluno-499;11;Masculino;2020;Pública;Ametista;7,89;7,9;10;2,52;6,6;5,3;7,8;;8,3;10;2;0;2023;8,75;Ativo
RA-500;2;C;Aluno-500;11;Feminino;2020;Pública;Topázio;8,43;9,5;10;2,52;7,9;8,5;7,2;;8,8;10;2;0;2023;8,96;Ativo
RA-1088;2;C;Aluno-1088;13;Masculino;2023;Pública;Ametista;7,47;9,5;9,8;2,52;6,8;6;7,5;;7,92;5;3;-1;2023;8,75;Ativo
RA-1089;2;C;Aluno-1089;11;Feminino;2023;Pública;Ametista;7,99;9;9,5;2,52;7;6;8;;8,34;10;2;0;2023;8,75;Ativo
RA-1090;2;C;Aluno-1090;13;Masculino;2023;Pública;Ametista;7,84;9;9,6;2,52;9;8,7;9,3;;7,88;5;3;-1;2023;8,96;Ativo
RA-503;2;C;Aluno-503;11;Masculino;2020;Pública;Topázio;8,47;9,5;10;2,52;8,7;8,7;8,7;;8,26;10;2;0;2023;8,75;Ativo
RA-1091;2;C;Aluno-1091;12;Masculino;2023;Pública;Topázio;8,03;8,5;9;2,52;9,5;9,3;9,7;;9,17;5;3;-1;2023;8,96;Ativo
RA-1092;2;C;Aluno-1092;12;Masculino;2023;Pública;Ametista;7,41;7,8;9,8;2,52;6,9;6;7,8;;8,3;5;3;-1;2023;8,75;Ativo
RA-1093;2;C;Aluno-1093;11;Masculino;2023;Pública;Topázio;8,2;7;9,3;2,52;9,2;9,3;9;;8,3;10;2;0;2023;8,96;Ativo
RA-1094;2;C;Aluno-1094;11;Feminino;2023;Pública;Topázio;8,18;7,8;9,5;2,52;8,5;7,8;9,2;;8,34;10;2;0;2023;8,75;Ativo
RA-1095;2;C;Aluno-1095;13;Masculino;2023;Pública;Ágata;6,24;0;9,8;2,52;5,3;5,8;4,7;;8,01;5;3;-1;2023;8,75;Ativo
RA-324;2;D;Aluno-324;11;Feminino;2022;Pública;Ametista;7,64;5,8;9;2,52;8,4;8;8,7;;7,59;10;2;0;2023;8,12;Ativo
RA-350;2;D;Aluno-350;12;Feminino;2022;Pública;Ametista;7,97;10;9,7;2,52;9;8,8;9,2;;7,92;5;3;-1;2023;8,96;Ativo
RA-517;2;D;Aluno-517;13;Feminino;2017;Pública;Ágata;6,31;4,1;9;2,52;6,6;4,5;8,7;;6,71;5;3;-1;2023;6,88;Ativo
RA-325;2;D;Aluno-325;11;Masculino;2022;Pública;Ágata;6,24;0;7,1;5;5,6;3,8;7,3;;7;10;2;0;2023;8,12;Ativo
RA-518;2;D;Aluno-518;11;Masculino;2022;Pública;Ametista;7,58;8,5;8,5;5;6,7;5,5;7,8;;6,92;10;2;0;2023;8,12;Ativo
RA-530;2;D;Aluno-530;11;Masculino;2019;Pública;Ametista;7,65;10;8,8;5;5,7;5,8;5,5;;7,46;10;2;0;2023;7,71;Ativo
RA-524;2;D;Aluno-524;12;Masculino;2019;Pública;Ametista;7,33;6,4;9,2;2,52;8,9;9;8,8;;7,42;5;3;-1;2023;8,33;Ativo
RA-1096;2;D;Aluno-1096;10;Feminino;2023;Pública;Topázio;8,62;9,5;9,9;2,52;9,6;9,5;9,7;;8,09;10;2;0;2023;8,96;Ativo
RA-526;2;D;Aluno-526;13;Masculino;2022;Pública;Topázio;8,1;9,5;9,8;5;8,8;8,3;9,3;;7,75;5;3;-1;2023;8,75;Ativo
RA-528;2;D;Aluno-528;12;Masculino;2021;Pública;Ametista;7,69;9;8,5;5;8,2;7,5;8,8;;7,92;5;3;-1;2023;8,75;Ativo
RA-534;2;D;Aluno-534;13;Masculino;2021;Pública;Quartzo;5,84;0;8,1;2,52;5,4;3,7;7;;7,92;5;3;-1;2023;8,12;Ativo
RA-1097;2;D;Aluno-1097;14;Masculino;2023;Pública;Ágata;6,95;9,5;8,6;5;5,4;4,3;6,5;;6,96;5;4;-2;2023;8,12;Ativo
RA-1098;2;D;Aluno-1098;13;Feminino;2023;Pública;Ametista;7,28;9,5;9,5;2,52;6,4;6,3;6,5;;7,92;5;3;-1;2023;8,12;Ativo
RA-506;2;D;Aluno-506;13;Masculino;2020;Pública;Ametista;7,75;9,5;8,1;5;8,5;7,3;9,7;;7,92;5;3;-1;2023;8,96;Ativo
RA-1099;2;F;Aluno-1099;13;Feminino;2023;Pública;Ametista;7,11;9;9,6;2,52;5,2;5,7;4,7;;8,34;5;3;-1;2023;8,33;Ativo
RA-1100;2;F;Aluno-1100;11;Masculino;2023;Pública;Topázio;8,26;10;9,2;5;7,1;6,3;7,8;;8,28;10;2;0;2023;8,54;Ativo
RA-1101;2;F;Aluno-1101;10;Masculino;2023;Pública;Ágata;6,45;0;7,2;5;5,3;4,2;6,3;;8,12;10;2;0;2023;8,33;Ativo
RA-1102;2;F;Aluno-1102;11;Masculino;2023;Pública;Topázio;8,12;9,5;9,5;5;7,5;5,7;9,2;;7,56;10;2;0;2023;7,71;Ativo
RA-363;2;F;Aluno-363;13;Masculino;2022;Pública;Ágata;6,68;0;9,9;2,52;6,8;6,8;6,8;;8,67;5;3;-1;2023;8,54;Ativo
RA-1103;2;F;Aluno-1103;10;Masculino;2023;Pública;Ametista;7,57;9;8,7;5;5;4,5;5,5;;8,01;10;2;0;2023;8,33;Ativo
RA-539;2;F;Aluno-539;12;Feminino;2022;Pública;Ametista;7,8;9,5;8,6;2,52;8,5;7,2;9,7;;8,84;5;3;-1;2023;9,17;Ativo
RA-540;2;F;Aluno-540;11;Feminino;2019;Pública;Topázio;8,22;8,5;8,8;5;7,1;6,5;7,7;;8,95;10;2;0;2023;8,96;Ativo
RA-574;2;F;Aluno-574;11;Masculino;2022;Pública;Ametista;7,88;6,9;8,2;5;8,1;7,7;8,5;;8,17;10;2;0;2023;7,92;Ativo
RA-369;2;F;Aluno-369;12;Masculino;2022;Pública;Ágata;6,02;10;4,1;5;4;5;3;;7,73;5;3;-1;2023;8,54;Ativo
RA-375;2;F;Aluno-375;12;Masculino;2019;Pública;Ametista;7,07;0;9,9;5;7,9;6,8;9;;8,28;5;3;-1;2023;8,54;Ativo
RA-376;2;F;Aluno-376;13;Feminino;2019;Pública;Ametista;7,14;8,5;9,6;2,52;5,9;4,3;7,5;;8,23;5;3;-1;2023;7,92;Ativo
RA-535;2;G;Aluno-535;11;Feminino;2019;Pública;Topázio;8;9;9,4;5;5,6;4,7;6,5;;8,95;10;2;0;2023;8,12;Ativo
RA-547;2;G;Aluno-547;12;Feminino;2019;Pública;Ágata;6,47;0;9,1;2,52;6,2;5;7,3;;8,95;5;3;-1;2023;8,75;Ativo
RA-548;2;G;Aluno-548;12;Masculino;2019;Pública;Ametista;7,43;9;9,1;2,52;7,4;6,2;8,5;;8,28;5;3;-1;2023;8,33;Ativo
RA-538;2;G;Aluno-538;13;Masculino;2022;Pública;Ágata;6,41;7,4;8,6;2,52;4,7;3,5;5,8;;7,39;5;3;-1;2023;7,92;Ativo
RA-365;2;G;Aluno-365;10;Feminino;2022;Pública;Topázio;8,66;10;9,9;2,52;8,7;8,2;9,2;;8,95;10;2;0;2023;8,96;Ativo
RA-559;2;G;Aluno-559;12;Masculino;2021;Pública;Ametista;7,95;10;9,4;5;7,4;6,5;8,2;;8,51;5;3;-1;2023;8,96;Ativo
RA-1104;2;G;Aluno-1104;13;Feminino;2023;Pública;Ametista;7,27;5,7;10;2,52;6,4;5,5;7,3;;9,06;5;3;-1;2023;8,54;Ativo
RA-563;2;G;Aluno-563;11;Feminino;2020;Pública;Ametista;7,68;6,4;9,7;2,52;6,2;6;6,3;;8,73;10;2;0;2023;8,75;Ativo
RA-573;2;G;Aluno-573;12;Masculino;2020;Pública;Ametista;7,77;9,5;9,8;5;6,6;5,7;7,5;;8,45;5;3;-1;2023;8,54;Ativo
RA-551;2;G;Aluno-551;12;Feminino;2018;Pública;Ametista;7,08;10;8,6;2,52;5,4;4,5;6,2;;8,39;5;3;-1;2023;8,54;Ativo
RA-566;2;G;Aluno-566;12;Feminino;2022;Pública;Ametista;7,72;9;8,8;2,52;8,4;8,8;8;;8,67;5;3;-1;2023;8,96;Ativo
RA-555;2;G;Aluno-555;13;Masculino;2019;Pública;Quartzo;5,9;7,4;8,1;2,52;3,9;1,5;6,2;;6,95;5;3;-1;2023;6,25;Ativo
RA-373;2;G;Aluno-373;12;Masculino;2022;Pública;Ágata;6,8;0;9,7;2,52;8,4;7,7;9;;7,84;5;3;-1;2023;8,75;Ativo
RA-1105;2;G;Aluno-1105;13;Feminino;2023;Pública;Ágata;6,3;0;9;2,52;6;5;7;;8,67;5;3;-1;2023;8,12;Ativo
RA-546;2;H;Aluno-546;12;Feminino;2021;Pública;Ágata;6,03;0;7,2;2,52;5,7;3,5;7,8;;9,17;5;3;-1;2023;8,75;Ativo
RA-557;2;H;Aluno-557;11;Masculino;2019;Pública;Topázio;8,77;10;8,2;5;8,9;8;9,7;;9,62;10;2;0;2023;9,38;Ativo
RA-1106;2;H;Aluno-1106;12;Masculino;2023;Pública;Ametista;7,16;8,5;9,3;5;5,1;5,2;5;;8;5;3;-1;2023;8,33;Ativo
RA-558;2;H;Aluno-558;15;Masculino;2022;Pública;Ágata;6,62;7,8;9,4;5;6;5,7;6,3;;6,78;2,5;5;-3;2023;6,46;Ativo
RA-560;2;H;Aluno-560;12;Masculino;2020;Pública;Quartzo;4,93;0;8,4;2,52;4;2,3;5,7;;6;5;3;-1;2023;5;Ativo
RA-1107;2;H;Aluno-1107;12;Feminino;2023;Pública;Ametista;7,93;9;9,4;5;7,5;8;7;;8,78;5;3;-1;2023;8,96;Ativo
RA-1108;2;H;Aluno-1108;12;Masculino;2023;Pública;Ágata;6,31;0;9,3;5;4,7;3,7;5,7;;8,28;5;3;-1;2023;8,54;Ativo
RA-542;2;H;Aluno-542;12;Feminino;2019;Pública;Ametista;7,82;9,5;9,7;5;6,3;5,2;7,3;;9,01;5;3;-1;2023;8,75;Ativo
RA-543;2;H;Aluno-543;11;Feminino;2022;Pública;Ametista;7,97;7,8;9,8;2,52;6,5;5,5;7,5;;9,01;10;2;0;2023;8,75;Ativo
RA-556;2;H;Aluno-556;12;Feminino;2018;Pública;Ametista;7,75;8,5;9,6;2,52;7,2;6,5;7,8;;9,4;5;3;-1;2023;9,17;Ativo
RA-1109;2;H;Aluno-1109;14;Masculino;2023;Pública;Ágata;6,28;10;6,4;5;3,4;3,5;3,3;;7,84;5;4;-2;2023;7,5;Ativo
RA-389;2;H;Aluno-389;12;Masculino;2019;Pública;Ágata;6,69;0;8,2;2,52;8,2;6,8;9,5;;8,95;5;3;-1;2023;8,75;Ativo
RA-1110;2;H;Aluno-1110;12;Feminino;2023;Pública;Ametista;7,25;4,6;9,2;5;6,8;6,5;7;;8,73;5;3;-1;2023;8,54;Ativo
RA-568;2;I;Aluno-568;15;Masculino;2018;Pública;Ágata;6,96;7;7,9;5;7,6;8,5;6,7;;8,01;2,5;5;-3;2023;8,12;Ativo
RA-562;2;I;Aluno-562;12;Feminino;2021;Pública;Ágata;6,82;0;8,5;2,52;8,7;7,7;9,7;;8,89;5;3;-1;2023;8,54;Ativo
RA-1111;2;I;Aluno-1111;11;Feminino;2023;Pública;Ágata;6,56;0;8,9;2,52;5,4;4,8;6;;8,17;10;2;0;2023;8,12;Ativo
RA-1112;2;I;Aluno-1112;12;Masculino;2023;Pública;Ametista;7,09;9,5;7,9;2,52;6,3;5,2;7,3;;8,62;5;3;-1;2023;8,33;Ativo
RA-525;2;I;Aluno-525;12;Feminino;2021;Pública;Ametista;7,91;8;8,6;2,52;9,2;8,8;9,5;;9,57;5;3;-1;2023;8,96;Ativo
RA-357;2;I;Aluno-357;13;Masculino;2022;Pública;Topázio;8,28;8,5;9,6;7,52;8,7;8,7;8,7;;8,23;5;3;-1;2023;8,75;Ativo
RA-583;2;I;Aluno-583;13;Feminino;2019;Pública;Ametista;7,84;9;9,4;7,52;6,3;5,5;7;;8,62;5;3;-1;2023;8,33;Ativo
RA-584;2;I;Aluno-584;11;Feminino;2019;Pública;Ametista;7,7;9,5;9;2,52;5,8;5;6,5;;8,56;10;2;0;2023;8,33;Ativo
RA-586;2;K;Aluno-586;10;Feminino;2021;Privada;Topázio;8,42;8;10;2,52;8,4;7,5;9,2;;9,34;10;2;0;2023;8,33;Ativo
RA-1113;2;K;Aluno-1113;12;Masculino;2023;Pública;Quartzo;5,64;0;6;7,52;5;5;5;;7,17;5;3;-1;2023;7,5;Ativo
RA-413;2;K;Aluno-413;13;Feminino;2022;Pública;Ágata;6,8;7,9;8,9;2,52;6,3;5,8;6,7;;7,5;5;3;-1;2023;7,29;Ativo
RA-599;2;K;Aluno-599;10;Masculino;2022;Pública;Topázio;8,53;10;9,5;2,52;8,5;8,2;8,7;;9,29;10;2;0;2023;8,33;Ativo
RA-1114;2;K;Aluno-1114;11;Feminino;2023;Pública;Ametista;7,57;8,5;9,8;2,52;4,9;4,3;5,5;;8,56;10;2;0;2023;8,12;Ativo
RA-401;2;K;Aluno-401;12;Feminino;2021;Pública;Ágata;6,36;4;8,1;2,52;7,3;6,3;8,3;;7,12;5;3;-1;2023;7,08;Ativo
RA-1115;2;K;Aluno-1115;11;Feminino;2023;Pública;Ágata;6,47;0;8,3;7,52;4;6;2;;7,56;10;2;0;2023;7,5;Ativo
RA-1116;2;K;Aluno-1116;13;Masculino;2023;Pública;Ágata;6,96;9,5;9,2;5;4,9;3,8;6;;7,39;5;3;-1;2023;7,08;Ativo
RA-604;2;K;Aluno-604;11;Feminino;2021;Pública;Topázio;8,55;9;9,3;7,52;7,5;6;9;;8,62;10;2;0;2023;8,12;Ativo
RA-605;2;K;Aluno-605;12;Feminino;2021;Pública;Ametista;7,71;9;9,5;7,52;6,8;4,8;8,8;;7,84;5;3;-1;2023;7,29;Ativo
RA-668;2;K;Aluno-668;12;Masculino;2022;Pública;Ágata;6,02;6,3;6,3;7,52;3,4;2,7;4;;7,62;5;3;-1;2023;6,88;Ativo
RA-1117;2;K;Aluno-1117;11;Feminino;2023;Pública;Topázio;8,38;9;9,6;7,52;7,3;6;8,5;;7,95;10;2;0;2023;7,71;Ativo
RA-1118;2;K;Aluno-1118;12;Feminino;2023;Pública;Ametista;7,16;5,3;8,8;7,52;6;4,8;7,2;;8,28;5;3;-1;2023;7,71;Ativo
RA-610;2;K;Aluno-610;10;Feminino;2022;Pública;Topázio;8,29;10;10;2,52;7;6,3;7,7;;8,9;10;2;0;2023;8,54;Ativo
RA-409;2;K;Aluno-409;12;Feminino;2022;Pública;Ametista;7,62;8,4;9,5;2,52;8;6,2;9,7;;8,73;5;3;-1;2023;7,92;Ativo
RA-466;2;L;Aluno-466;14;Masculino;2022;Pública;Ágata;6,6;9,5;7,6;6,89;4,5;2,5;6,5;;7,06;5;4;-2;2023;6,25;Ativo
RA-760;2;L;Aluno-760;12;Masculino;2021;Pública;Ágata;6,55;0;8,8;7,52;6,3;5,8;6,8;;7,84;5;3;-1;2023;7,08;Ativo
RA-404;2;L;Aluno-404;13;Feminino;2020;Pública;Ágata;6,71;7,9;8,3;5,02;6;4,7;7,2;;6,89;5;3;-1;2023;6,88;Ativo
RA-590;2;L;Aluno-590;11;Feminino;2020;Privada;Ametista;7,65;6,3;9,7;3,77;6,5;5,7;7,3;;8,34;10;2;0;2023;7,29;Ativo
RA-469;2;L;Aluno-469;12;Feminino;2022;Pública;Ametista;7,48;7,5;9,3;2,52;7,8;6,8;8,8;;8,84;5;3;-1;2023;7,92;Ativo
RA-1119;2;L;Aluno-1119;13;Feminino;2023;Pública;Ametista;7,19;7,3;9,7;3,77;5,9;3;8,8;;8,45;5;3;-1;2023;7,71;Ativo
RA-1120;2;L;Aluno-1120;11;Feminino;2023;Pública;Topázio;9,1;9,5;9,6;7,52;8,3;7,3;9,2;;9,68;10;2;0;2023;8,96;Ativo
RA-472;2;L;Aluno-472;13;Feminino;2022;Pública;Ágata;6,69;5,1;7,1;7,52;5,5;3,7;7,2;;8,22;5;3;-1;2023;7,71;Ativo
RA-1121;2;L;Aluno-1121;11;Masculino;2023;Pública;Topázio;8,05;0;9,9;6,26;8;6,5;9,5;;9,84;10;2;0;2023;8,75;Ativo
RA-1122;2;L;Aluno-1122;11;Masculino;2023;Pública;Ametista;7,37;0;9,3;6,89;6,9;5,2;8,5;;8,62;10;2;0;2023;7,29;Ativo
RA-438;2;L;Aluno-438;11;Masculino;2022;Pública;Ágata;6,99;6,9;7,5;6,26;5,4;3,5;7,3;;7,22;10;2;0;2023;6,46;Ativo
RA-408;2;L;Aluno-408;13;Feminino;2022;Pública;Ametista;7,24;7,9;8,5;3,77;6,8;6;7,5;;8,45;5;3;-1;2023;8,33;Ativo
RA-1123;2;L;Aluno-1123;12;Masculino;2023;Pública;Ágata;6,96;7,3;8,9;7,52;5,3;3,8;6,8;;7,11;5;3;-1;2023;7,08;Ativo
RA-1124;2;M;Aluno-1124;14;Feminino;2023;Pública;Ágata;6,67;9,5;8;7,52;3;1;5;;7,79;5;4;-2;2023;7,08;Ativo
RA-623;2;M;Aluno-623;14;Masculino;2022;Pública;Ametista;7,83;10;9,5;7,52;7,3;5,8;8,8;;7,45;5;4;-2;2023;7,29;Ativo
RA-661;2;M;Aluno-661;11;Masculino;2022;Pública;Ágata;6,85;0;7,7;6,89;6,5;4,3;8,7;;7,84;10;2;0;2023;7,5;Ativo
RA-626;2;M;Aluno-626;12;Masculino;2021;Pública;Ametista;7,23;9;9,2;4,39;6,5;4,7;8,3;;7,61;5;3;-1;2023;7,29;Ativo
RA-433;2;M;Aluno-433;13;Masculino;2022;Pública;Ágata;6,6;8,5;7,2;7,52;4,8;1,8;7,7;;7,61;5;3;-1;2023;5,83;Ativo
RA-614;2;M;Aluno-614;13;Masculino;2021;Pública;Topázio;8,23;9;9,1;7,52;8,6;8,8;8,3;;8,56;5;3;-1;2023;8,33;Ativo
RA-434;2;M;Aluno-434;12;Masculino;2022;Pública;Ametista;7,07;6,3;8;7,52;6,6;5,2;8;;7,61;5;3;-1;2023;7,5;Ativo
RA-603;2;M;Aluno-603;11;Masculino;2022;Pública;Ágata;6,75;0;8,9;2,52;7;5,7;8,2;;7,78;10;2;0;2023;7,71;Ativo
RA-436;2;M;Aluno-436;12;Masculino;2022;Pública;Quartzo;5,32;7,5;4,7;2,52;3,4;3,7;3;;7,61;5;3;-1;2023;6,88;Ativo
RA-616;2;M;Aluno-616;13;Masculino;2019;Pública;Quartzo;5,61;0;6,6;5,02;6,8;5,5;8;;6,78;5;3;-1;2023;5,83;Ativo
RA-437;2;M;Aluno-437;14;Masculino;2022;Pública;Ágata;6,95;8;8,4;7,52;4,7;2,5;6,8;;7,78;5;4;-2;2023;7,29;Ativo
RA-1125;2;M;Aluno-1125;11;Feminino;2023;Pública;Ágata;6,66;4,7;7,9;7,52;4;1;7;;6,95;10;2;0;2023;6,67;Ativo
RA-619;2;M;Aluno-619;11;Feminino;2021;Pública;Ametista;7,89;9;7,1;3,77;9;8,5;9,5;;8,12;10;2;0;2023;7,71;Ativo
RA-620;2;M;Aluno-620;13;Masculino;2021;Pública;Ametista;7,04;6,8;8,4;7,52;6,2;5,2;7,2;;7,5;5;3;-1;2023;6,88;Ativo
RA-1127;2;N;Aluno-1127;11;Feminino;2023;Pública;Topázio;8,32;8,5;9,9;5,02;6,9;5;8,7;;9,01;10;2;0;2023;8,12;Ativo
RA-1128;2;N;Aluno-1128;12;Masculino;2023;Pública;Ágata;6,4;9,5;7,3;5,02;3,5;3;4;;7,5;5;3;-1;2023;7,92;Ativo
RA-1129;2;N;Aluno-1129;11;Masculino;2023;Pública;Ametista;7,31;0;9,2;6,27;7,8;6,8;8,7;;7,5;10;2;0;2023;7,92;Ativo
RA-1130;2;N;Aluno-1130;11;Masculino;2023;Pública;Topázio;8;8,5;8,4;7,52;7,3;6,3;8,2;;7,5;10;2;0;2023;7,71;Ativo
RA-1131;2;N;Aluno-1131;12;Feminino;2023;Pública;Topázio;8,32;7,9;9,9;5,02;9,1;8,3;9,8;;9,29;5;3;-1;2023;8,75;Ativo
RA-1132;2;N;Aluno-1132;12;Masculino;2023;Pública;Ágata;6,83;10;6,3;6,27;5,8;5,2;6,3;;7,5;5;3;-1;2023;7,92;Ativo
RA-1133;2;N;Aluno-1133;10;Feminino;2023;Pública;Topázio;8,6;9,5;10;6,27;6,5;5;8;;9,34;10;2;0;2023;8,54;Ativo
RA-1134;2;N;Aluno-1134;11;Masculino;2023;Pública;Ametista;7,77;8;9,7;3,76;6,8;5,5;8;;7,56;10;2;0;2023;7,92;Ativo
RA-618;2;N;Aluno-618;14;Masculino;2020;Pública;Ágata;6,47;0;9,2;5,02;6,2;4,5;7,8;;7,95;5;4;-2;2023;8,12;Ativo
RA-631;2;N;Aluno-631;13;Masculino;2022;Pública;Quartzo;5,95;0;6,4;6,27;7;6;8;;6,78;5;3;-1;2023;7,92;Ativo
RA-646;2;P;Aluno-646;13;Masculino;2019;Pública;Topázio;8,35;10;8,9;7,52;8,4;8,2;8,5;;8,78;5;3;-1;2023;8,96;Ativo
RA-451;2;P;Aluno-451;14;Feminino;2019;Pública;Topázio;8,39;8,5;9,5;4,39;8,9;7,8;10;;9,9;5;4;-2;2023;9,38;Ativo
RA-1135;2;P;Aluno-1135;11;Masculino;2023;Pública;Ametista;7,45;0;9,4;7,52;7,2;4,8;9,5;;7,9;10;2;0;2023;8,12;Ativo
RA-649;2;P;Aluno-649;13;Feminino;2019;Pública;Ametista;7,58;9;9,3;3,77;6,5;3,8;9,2;;8,84;5;3;-1;2023;8,75;Ativo
RA-651;2;P;Aluno-651;11;Feminino;2022;Pública;Ametista;7,33;0;8,2;3,77;9,3;9,8;8,7;;7,95;10;2;0;2023;8,75;Ativo
RA-1136;2;P;Aluno-1136;13;Feminino;2023;Pública;Ágata;6,74;6,8;8,1;2,52;6,6;4,8;8,3;;7,72;5;3;-1;2023;8,33;Ativo
RA-653;2;P;Aluno-653;12;Feminino;2022;Pública;Ametista;7,39;0;9,8;6,27;7,9;7,7;8;;9,06;5;3;-1;2023;9,17;Ativo
RA-456;2;P;Aluno-456;12;Feminino;2022;Pública;Ametista;7,52;0;8,3;4,39;9,9;9,7;10;;9,95;5;3;-1;2023;9,58;Ativo
RA-655;2;P;Aluno-655;13;Feminino;2019;Pública;Topázio;8,32;7,4;9,9;7,52;8,3;7,2;9,3;;8,9;5;3;-1;2023;9,17;Ativo
RA-656;2;P;Aluno-656;12;Feminino;2020;Pública;Ágata;6,78;0;8,9;7,52;7,3;5,8;8,8;;7,17;5;3;-1;2023;8,54;Ativo
RA-657;2;P;Aluno-657;12;Feminino;2021;Pública;Topázio;8,35;8,5;10;7,52;8,2;7;9,3;;8,73;5;3;-1;2023;8,75;Ativo
RA-644;2;P;Aluno-644;12;Feminino;2021;Pública;Ágata;6,9;10;5,6;7,52;5,9;4;7,7;;7,5;5;3;-1;2023;8,54;Ativo
RA-461;2;P;Aluno-461;12;Feminino;2018;Pública;Ametista;7,24;7,3;7,9;3,77;7,4;5,7;9;;8,62;5;3;-1;2023;8,54;Ativo
RA-632;2;R;Aluno-632;11;Feminino;2022;Pública;Ametista;7,88;4,7;9,1;5,64;7,4;6,8;8;;8,56;10;2;0;2023;8,33;Ativo
RA-633;2;R;Aluno-633;12;Feminino;2020;Pública;Ágata;6,66;1,7;8,1;6,27;7,2;5,3;9;;7,29;5;3;-1;2023;8,54;Ativo
RA-1137;2;R;Aluno-1137;10;Feminino;2023;Pública;Topázio;8,74;9,5;9,8;6,27;6,5;6;7;;9,84;10;2;0;2023;9,38;Ativo
RA-1138;2;R;Aluno-1138;12;Feminino;2023;Pública;Topázio;8,35;9;9,2;6,27;9,3;9;9,5;;8,57;5;3;-1;2023;9,17;Ativo
RA-1139;2;R;Aluno-1139;11;Masculino;2023;Pública;Ametista;7,66;8,5;9,1;5,64;5,3;6,3;4,3;;7,79;10;2;0;2023;8,12;Ativo
RA-1140;2;R;Aluno-1140;11;Feminino;2023;Pública;Ametista;7,7;4,7;8,7;7,52;7,3;8,5;6;;7,62;10;2;0;2023;7,71;Ativo
RA-445;2;R;Aluno-445;13;Masculino;2022;Pública;Ametista;7,91;8;8,8;6,89;8,4;7,7;9;;8,18;5;3;-1;2023;8,54;Ativo
RA-1141;2;R;Aluno-1141;12;Feminino;2023;Pública;Ametista;7,28;9;8,8;7,52;5,9;5,5;6,2;;7,11;5;3;-1;2023;7,71;Ativo
RA-639;2;R;Aluno-639;11;Feminino;2021;Pública;Ametista;7,59;7,4;8,1;6,27;6,3;4,8;7,8;;7,62;10;2;0;2023;8,12;Ativo
RA-1142;2;R;Aluno-1142;11;Feminino;2023;Pública;Topázio;9,18;9;10;7,52;10;10;10;;8,34;10;2;0;2023;8,54;Ativo
RA-642;2;R;Aluno-642;11;Feminino;2021;Pública;Topázio;8,42;9,5;9,2;6,27;6,5;5,7;7,2;;9,17;10;2;0;2023;8,75;Ativo
RA-658;2;U;Aluno-658;10;Feminino;2022;Pública;Topázio;8,44;9,5;9,5;7,52;6,1;5,3;6,8;;9,17;10;2;0;2023;7,92;Ativo
RA-588;2;U;Aluno-588;10;Feminino;2021;Privada;Topázio;8,35;8;9,6;2,52;7,8;7,5;8;;9,67;10;2;0;2023;8,96;Ativo
RA-662;2;U;Aluno-662;12;Feminino;2022;Pública;Ágata;6,73;6,8;7,6;6,27;6,7;4,3;9;;6,72;5;3;-1;2023;7,29;Ativo
RA-403;2;U;Aluno-403;13;Masculino;2020;Pública;Ametista;7,72;8,5;8,8;6,27;7,8;6,8;8,8;;8,45;5;3;-1;2023;7,29;Ativo
RA-591;2;U;Aluno-591;12;Masculino;2021;Pública;Ametista;7,15;9;8,5;6,27;6,9;6,2;7,5;;7,33;5;3;-1;2023;5,83;Ativo
RA-592;2;U;Aluno-592;11;Feminino;2020;Privada;Ametista;7,94;6,2;9,2;3,77;7,6;5,5;9,7;;8,95;10;2;0;2023;7,92;Ativo
RA-602;2;U;Aluno-602;12;Masculino;2019;Pública;Topázio;8,56;10;9,6;7,52;8,1;7,3;8,8;;9,51;5;3;-1;2023;8,75;Ativo
RA-666;2;U;Aluno-666;11;Masculino;2022;Pública;Topázio;8,72;9,5;9,1;7,52;7,1;6,7;7,5;;9,62;10;2;0;2023;8,54;Ativo
RA-667;2;U;Aluno-667;12;Masculino;2021;Pública;Ágata;6,77;9;6,9;6,89;5,2;3;7,3;;7,84;5;3;-1;2023;7,08;Ativo
RA-422;2;U;Aluno-422;13;Masculino;2022;Pública;Quartzo;5,57;0;7,8;7,52;4,4;3;5,7;;6,11;5;3;-1;2023;6,67;Ativo
RA-595;2;U;Aluno-595;13;Masculino;2018;Pública;Quartzo;5,08;0;7;7,52;3,3;3,2;3,3;;5,55;5;3;-1;2023;6,67;Ativo
RA-423;2;U;Aluno-423;13;Feminino;2022;Pública;Ágata;6,61;8;8,7;6,89;3,4;2,3;4,5;;7,45;5;3;-1;2023;7,08;Ativo
RA-669;2;U;Aluno-669;11;Masculino;2022;Pública;Ametista;7,35;8,5;7,8;7,52;5;3,3;6,7;;7,06;10;2;0;2023;7,71;Ativo
RA-670;2;U;Aluno-670;11;Feminino;2022;Pública;Topázio;8,61;9,5;8,7;7,52;7;5,8;8,2;;9,34;10;2;0;2023;8,96;Ativo
RA-609;2;U;Aluno-609;12;Masculino;2019;Pública;Ágata;6,46;9,5;6,4;7,52;5,3;3,2;7,3;;6,22;5;3;-1;2023;6,88;Ativo
RA-326;3;A;Aluno-326;13;Feminino;2022;Privada;Topázio;8,65;9,6;9,4;3,14;8,2;8,3;7,5;8,8;9,76;10;3;0;2023;9,06;Ativo
RA-179;3;A;Aluno-179;12;Masculino;2022;Pública;Topázio;8,44;8,8;9,4;7,52;6,4;8,7;6,3;4,3;8,92;10;3;0;2023;8,59;Ativo
RA-1143;3;A;Aluno-1143;15;Feminino;2023;Pública;Ágata;6,45;8,8;7;6,26;5,3;6;6,3;3,5;6,21;5;5;-2;2023;7,5;Ativo
RA-330;3;A;Aluno-330;15;Feminino;2018;Pública;Ágata;6,08;9,6;7,2;6,89;3,3;3,8;3,8;2,3;5,83;5;5;-2;2023;6,72;Ativo
RA-332;3;A;Aluno-332;14;Masculino;2017;Privada;Topázio;8;9,2;8,4;8,76;6,8;6,3;7,7;6,5;9,18;5;4;-1;2023;8,28;Ativo
RA-199;3;A;Aluno-199;14;Masculino;2022;Privada;Ametista;7,89;9,2;7,6;7,51;8,5;8,2;8,2;9,2;8,51;5;4;-1;2023;7,97;Ativo
RA-1144;3;B;Aluno-1144;13;Feminino;2023;Pública;Ametista;7,41;0;9,4;5,02;8;7;8,2;8,8;8;10;3;0;2023;8,28;Ativo
RA-352;3;B;Aluno-352;12;Masculino;2019;Pública;Ametista;7,84;9,2;8,1;6,26;7,2;8,2;6;7,5;7,17;10;3;0;2023;7,97;Ativo
RA-1145;3;B;Aluno-1145;11;Feminino;2023;Pública;Ametista;7,48;0;9,5;4,39;7,8;7,7;7,7;8;8,63;10;2;1;2023;8,59;Ativo
RA-1146;3;B;Aluno-1146;14;Feminino;2023;Pública;Ágata;6,69;9,6;8,8;6,26;3,7;5;3,3;2,7;6,96;5;4;-1;2023;7,19;Ativo
RA-331;3;B;Aluno-331;13;Feminino;2019;Pública;Ametista;7,04;9,6;8,6;2,52;5,2;5,7;4,8;5,2;6,8;10;3;0;2023;7,03;Ativo
RA-227;3;B;Aluno-227;12;Masculino;2022;Pública;Ametista;7,72;9,6;7,5;5,63;6,9;7,2;6,5;7;7,46;10;3;0;2023;8,28;Ativo
RA-247;3;B;Aluno-247;13;Feminino;2021;Pública;Ametista;7,22;0;8,5;7,52;7,2;6,5;6,7;8,3;7,54;10;3;0;2023;8,28;Ativo
RA-343;3;B;Aluno-343;15;Masculino;2020;Pública;Ágata;6,78;9,2;7,2;6,26;5,7;4,5;6,7;6;6,92;5;5;-2;2023;7,66;Ativo
RA-1147;3;B;Aluno-1147;14;Feminino;2023;Pública;Ametista;7,07;8,3;8,3;6,26;6,7;5;7,5;7,5;7,01;5;4;-1;2023;7,19;Ativo
RA-345;3;B;Aluno-345;14;Masculino;2021;Pública;Ágata;6,53;8,8;6,8;6,26;4,6;5,7;5,7;2,5;7,17;5;4;-1;2023;8,12;Ativo
RA-336;3;B;Aluno-336;14;Masculino;2016;Pública;Quartzo;5,89;0;7,5;6,89;5,1;6,7;5,2;3,3;7,26;5;4;-1;2023;7,34;Ativo
RA-346;3;B;Aluno-346;11;Masculino;2022;Pública;Ametista;7,31;0;9,4;8,14;6,2;6,7;5,5;6,5;7,84;10;2;1;2023;7,97;Ativo
RA-1148;3;B;Aluno-1148;11;Feminino;2023;Pública;Ametista;7,23;7,9;8,6;3,77;5,7;5,7;5,3;6,2;7,21;10;2;1;2023;7,5;Ativo
RA-1149;3;C;Aluno-1149;14;Feminino;2023;Pública;Ametista;7,41;8,3;9,8;2,52;7,2;6;6,8;8,7;8,17;5;4;-1;2023;7,97;Ativo
RA-1150;3;C;Aluno-1150;16;Masculino;2023;Pública;Ametista;7,08;9,2;9,8;2,52;6,7;7;6,5;6,5;7,84;2,5;6;-3;2023;7,97;Ativo
RA-1151;3;C;Aluno-1151;12;Feminino;2023;Pública;Ametista;7,83;7,5;9,5;2,52;8,3;7,3;8,8;8,7;7,54;10;3;0;2023;7,66;Ativo
RA-356;3;C;Aluno-356;13;Masculino;2019;Pública;Ágata;6,45;9,2;8,5;2,52;3,4;4,3;4,5;1,3;6,5;10;3;0;2023;6,09;Ativo
RA-1152;3;C;Aluno-1152;14;Masculino;2023;Pública;Ágata;6,54;0;9,4;5;6,8;6,7;6;7,8;7,58;5;4;-1;2023;7,81;Ativo
RA-221;3;C;Aluno-221;15;Masculino;2022;Pública;Ágata;6,96;9,6;9;5;5;5,5;4,8;4,8;7,38;5;5;-2;2023;7,19;Ativo
RA-359;3;C;Aluno-359;13;Feminino;2019;Pública;Ametista;7,63;9,6;9,2;2,52;5,8;6;6,7;4,7;8,26;10;3;0;2023;7,66;Ativo
RA-360;3;C;Aluno-360;13;Feminino;2019;Pública;Quartzo;5,79;0;7,3;2,52;4,3;5,3;4,8;2,8;7,42;10;3;0;2023;7,34;Ativo
RA-338;3;D;Aluno-338;13;Masculino;2019;Pública;Topázio;8,29;8,3;9,1;7,52;6,7;8,7;7;4,5;8,38;10;3;0;2023;8,59;Ativo
RA-339;3;D;Aluno-339;12;Feminino;2019;Pública;Ametista;7,38;0;8,9;7,52;7,1;7,7;5,7;7,8;8,26;10;3;0;2023;7,81;Ativo
RA-353;3;D;Aluno-353;12;Feminino;2022;Pública;Topázio;8,31;8,8;9,9;2,52;8,4;8,5;7,3;9,5;8,67;10;3;0;2023;7,81;Ativo
RA-1153;3;D;Aluno-1153;14;Feminino;2023;Pública;Ametista;7,97;7,9;10;7,52;7,2;6,7;7,8;7;8,63;5;4;-1;2023;7,66;Ativo
RA-183;3;D;Aluno-183;14;Feminino;2022;Pública;Ametista;7,59;7,9;9,7;2,52;7,7;7;8;8,2;8,8;5;4;-1;2023;7,97;Ativo
RA-342;3;D;Aluno-342;15;Feminino;2021;Pública;Ametista;7,54;7,5;8,6;7,52;6,6;6,3;7,8;5,7;8,51;5;5;-2;2023;7,97;Ativo
RA-187;3;D;Aluno-187;13;Feminino;2019;Privada;Ametista;7,81;7,5;9,9;2,52;6,9;7,3;8,7;4,7;8,26;10;3;0;2023;7,97;Ativo
RA-190;3;D;Aluno-190;14;Feminino;2022;Pública;Ágata;6,93;7,9;9,5;2,52;5,7;5,8;5,2;6;7,96;5;4;-1;2023;7,66;Ativo
RA-347;3;D;Aluno-347;13;Feminino;2019;Pública;Ametista;7,62;6,7;9,5;2,52;7,3;6,7;6,2;9;7,79;10;3;0;2023;7,81;Ativo
RA-234;3;D;Aluno-234;13;Masculino;2022;Pública;Ágata;6,25;6,7;8;2,52;5,6;6,3;5,3;5,3;5,6;10;3;0;2023;4,84;Ativo
RA-1154;3;F;Aluno-1154;13;Masculino;2023;Pública;Ametista;7,7;9,6;9,3;5,63;5,1;5,3;5;5;7,67;10;3;0;2023;7,66;Ativo
RA-249;3;F;Aluno-249;15;Masculino;2017;Pública;Quartzo;5,44;0;8,2;5;4,9;6,2;5,3;3,2;6,54;5;5;-2;2023;5,16;Ativo
RA-380;3;F;Aluno-380;14;Masculino;2017;Pública;Quartzo;4,91;0;6,4;2,52;4,5;7;4;2,5;6,54;5;4;-1;2023;6,72;Ativo
RA-250;3;F;Aluno-250;13;Feminino;2022;Pública;Ametista;7,6;0;9,3;5,63;8,3;7,7;8,8;8,3;8,62;10;3;0;2023;7,97;Ativo
RA-367;3;F;Aluno-367;12;Feminino;2018;Pública;Ametista;7,39;8,8;8,7;2,52;5,9;7;5,5;5,2;7,79;10;3;0;2023;7,81;Ativo
RA-1155;3;F;Aluno-1155;14;Feminino;2023;Pública;Ametista;7,82;9,2;9,2;5,63;8;6,7;8,2;9;8,29;5;4;-1;2023;7,5;Ativo
RA-1156;3;F;Aluno-1156;12;Feminino;2023;Pública;Ametista;7,34;8,3;9,2;2,52;5,3;6,2;6;3,7;7,79;10;3;0;2023;7,97;Ativo
RA-368;3;F;Aluno-368;14;Masculino;2018;Pública;Quartzo;5,8;0;7,7;2,52;6,7;5;7,2;7,8;7,34;5;4;-1;2023;7,03;Ativo
RA-387;3;F;Aluno-387;14;Masculino;2019;Pública;Quartzo;4,79;0;6,8;2,52;3;4,3;2,8;1,8;7,01;5;4;-1;2023;6,88;Ativo
RA-388;3;F;Aluno-388;15;Feminino;2019;Pública;Quartzo;5,63;0;7,4;5,63;4,2;6;4,3;2,2;7,84;5;5;-2;2023;6,88;Ativo
RA-374;3;F;Aluno-374;13;Feminino;2021;Privada;Ametista;7,53;8,8;8,3;5,63;5,4;6,3;6,3;3,7;7,92;10;3;0;2023;7,66;Ativo
RA-377;3;F;Aluno-377;13;Feminino;2021;Pública;Ametista;7,21;9,6;7,6;5;4,8;6;5,7;2,8;7,63;10;3;0;2023;7,34;Ativo
RA-223;3;G;Aluno-223;14;Feminino;2022;Pública;Quartzo;5,09;0;4,5;7,52;3,8;5,5;4;1,8;7,17;5;4;-1;2023;7,5;Ativo
RA-236;3;G;Aluno-236;13;Feminino;2022;Pública;Ametista;7,34;10;7,5;7,52;4,5;6,3;4;3,3;7,3;10;3;0;2023;7,19;Ativo
RA-362;3;G;Aluno-362;13;Feminino;2018;Pública;Ágata;6,39;0;7,5;7,52;5,1;5,7;6,8;2,8;7,09;10;3;0;2023;7,03;Ativo
RA-381;3;G;Aluno-381;14;Masculino;2018;Pública;Quartzo;5,76;0;8,4;6,89;3,9;5,3;5,3;1,2;6,84;5;4;-1;2023;7,34;Ativo
RA-364;3;G;Aluno-364;12;Masculino;2019;Pública;Ametista;7,73;8,8;9;6,89;5,8;8;5,2;4,3;7,5;10;3;0;2023;7,03;Ativo
RA-382;3;G;Aluno-382;15;Masculino;2017;Pública;Ágata;6,22;0;9,4;6,26;5,2;5;5,8;4,7;7,17;5;5;-2;2023;7,5;Ativo
RA-383;3;G;Aluno-383;12;Masculino;2019;Pública;Ametista;7,54;9,2;8,8;3,14;6,5;6,3;6,2;7;7,5;10;3;0;2023;7,5;Ativo
RA-384;3;G;Aluno-384;13;Feminino;2017;Pública;Ágata;6,76;0;9,1;2,52;7,3;6,3;7,2;8,3;7,34;10;3;0;2023;7,66;Ativo
RA-1157;3;G;Aluno-1157;14;Masculino;2023;Pública;Ametista;7,09;9,2;8,8;6,26;5,7;5;6,3;5,7;7;5;4;-1;2023;7,5;Ativo
RA-386;3;G;Aluno-386;14;Masculino;2019;Pública;Quartzo;5,76;9,2;7;2,52;3,3;5;3,7;1,2;6,63;5;4;-1;2023;7,03;Ativo
RA-260;3;G;Aluno-260;13;Feminino;2019;Pública;Topázio;8,08;9,2;9,9;7,52;6,1;6,3;5,2;6,7;7,42;10;3;0;2023;7,34;Ativo
RA-390;3;G;Aluno-390;12;Feminino;2022;Pública;Ágata;6,91;7,9;8,8;2,52;4,8;5,7;5,8;3;7;10;3;0;2023;7,34;Ativo
RA-1158;3;G;Aluno-1158;14;Feminino;2023;Pública;Ágata;6,31;7,5;8,6;2,52;4,3;5,3;5;2,7;7,34;5;4;-1;2023;7,5;Ativo
RA-391;3;I;Aluno-391;13;Feminino;2022;Pública;Ágata;6,51;7,9;7,5;2,52;3,5;4,2;5;1,3;7,58;10;3;0;2023;7,5;Ativo
RA-1159;3;I;Aluno-1159;12;Feminino;2023;Pública;Quartzo;5,91;5,8;6,6;2,52;3,1;5,2;1,5;2,5;7,13;10;3;0;2023;7,19;Ativo
RA-392;3;I;Aluno-392;15;Masculino;2022;Pública;Ágata;6,57;9,6;9,5;2,52;4,6;6,2;4,7;2,8;7,17;5;5;-2;2023;6,09;Ativo
RA-1160;3;I;Aluno-1160;13;Masculino;2023;Pública;Ágata;6,64;9,6;8,7;2,52;2,7;4,8;2,7;0,7;7,26;10;3;0;2023;6,88;Ativo
RA-1161;3;I;Aluno-1161;13;Feminino;2023;Pública;Ametista;7,32;6,3;8,1;2,52;6,3;7,3;6,5;5,2;8,63;10;3;0;2023;8,28;Ativo
RA-395;3;I;Aluno-395;12;Feminino;2018;Pública;Ametista;7,47;9,2;8,6;2,52;6;6,7;5,3;6;7,92;10;3;0;2023;7,97;Ativo
RA-450;3;K;Aluno-450;14;Masculino;2021;Pública;Ágata;6,82;9,6;8,4;2,52;5,4;7;6,5;2,7;7,92;5;4;-1;2023;7,66;Ativo
RA-463;3;K;Aluno-463;13;Feminino;2020;Pública;Ágata;6,38;9,2;5,4;2,52;4;6,3;4,3;1,3;7,8;10;3;0;2023;7,81;Ativo
RA-298;3;K;Aluno-298;14;Masculino;2019;Pública;Ágata;6,82;9,6;8,6;2,52;5,5;7,7;4,5;4,2;7,75;5;4;-1;2023;7,5;Ativo
RA-464;3;K;Aluno-464;14;Feminino;2022;Pública;Ágata;6,08;9,2;7,7;2,52;3;4,8;3,7;0,5;7,38;5;4;-1;2023;7,97;Ativo
RA-465;3;K;Aluno-465;12;Masculino;2019;Pública;Topázio;8,01;7,5;9,4;2,52;8,5;8,3;8,2;9;8,17;10;3;0;2023;7,97;Ativo
RA-442;3;K;Aluno-442;12;Feminino;2022;Pública;Ágata;6,81;0;7,6;7,52;5,8;6,7;6,5;4,3;8,13;10;3;0;2023;7,5;Ativo
RA-300;3;K;Aluno-300;15;Masculino;2022;Pública;Quartzo;5,62;5;7,5;2,52;4,5;4,5;5,3;3,8;6,59;5;5;-2;2023;6,41;Ativo
RA-467;3;K;Aluno-467;14;Feminino;2022;Pública;Ágata;6,55;6,3;9,2;3,14;5,2;6;6;3,7;7,54;5;4;-1;2023;7,19;Ativo
RA-468;3;K;Aluno-468;14;Masculino;2022;Pública;Quartzo;5,91;8,3;6;6,27;3,4;4,8;3;2,3;6,72;5;4;-1;2023;7,34;Ativo
RA-1162;3;K;Aluno-1162;13;Feminino;2023;Pública;Ametista;7,44;8,3;8,5;3,77;6;7,3;5,5;5,2;7,75;10;3;0;2023;7,81;Ativo
RA-470;3;K;Aluno-470;14;Feminino;2019;Pública;Ágata;6,99;8,8;9,2;5;4,9;6;4,3;4,5;7,71;5;4;-1;2023;7,5;Ativo
RA-474;3;K;Aluno-474;14;Masculino;2019;Pública;Quartzo;5,28;0;7,8;5;3,3;4,8;3,8;1,2;6,76;5;4;-1;2023;7,19;Ativo
RA-476;3;K;Aluno-476;13;Feminino;2019;Pública;Ágata;6,49;7,9;7;2,52;4,1;5;4,5;2,7;7,5;10;3;0;2023;7,34;Ativo
RA-478;3;K;Aluno-478;12;Feminino;2019;Pública;Ágata;6,44;6,7;7,3;2,52;4,4;4,3;4,7;4,3;7,3;10;3;0;2023;7,19;Ativo
RA-410;3;K;Aluno-410;14;Masculino;2018;Pública;Ágata;6,14;8,8;5,8;7,52;4,9;5;4,8;4,8;6,04;5;4;-1;2023;6,72;Ativo
RA-411;3;L;Aluno-411;13;Feminino;2019;Privada;Ametista;7,78;6,2;9;7,52;6,6;5,7;6,7;7,3;7,54;10;3;0;2023;7,81;Ativo
RA-412;3;L;Aluno-412;13;Feminino;2018;Pública;Ametista;7,37;8,8;8,9;2,52;6,2;5,8;5,2;7,7;7,58;10;3;0;2023;7,03;Ativo
RA-400;3;L;Aluno-400;14;Masculino;2018;Pública;Ágata;6,53;9,2;9;2,52;4,1;4,8;4,7;2,8;7,38;5;4;-1;2023;7,66;Ativo
RA-414;3;L;Aluno-414;13;Feminino;2021;Pública;Ametista;7,25;0;9,5;7,52;6,5;6;7;6,5;7,58;10;3;0;2023;7,81;Ativo
RA-415;3;L;Aluno-415;12;Feminino;2019;Pública;Ametista;7,19;7,1;8,2;7,52;3,7;2,8;4;4,3;7,83;10;3;0;2023;7,81;Ativo
RA-1163;3;L;Aluno-1163;14;Masculino;2023;Pública;Ametista;7,75;8,8;9,3;7,52;7,2;7;6,7;8;7,75;5;4;-1;2023;7,66;Ativo
RA-273;3;L;Aluno-273;14;Feminino;2018;Pública;Ágata;6,34;7,9;7,4;2,52;5;5,3;6,8;3;7,63;5;4;-1;2023;7,81;Ativo
RA-471;3;L;Aluno-471;13;Feminino;2020;Pública;Ágata;6,86;0;9;6,27;5;6,3;4;4,8;8,12;10;3;0;2023;7,97;Ativo
RA-416;3;L;Aluno-416;13;Masculino;2018;Privada;Topázio;8,14;9,2;9,8;2,52;7,6;7;7;8,8;8,34;10;3;0;2023;8,28;Ativo
RA-417;3;L;Aluno-417;13;Feminino;2022;Pública;Topázio;8,26;5,4;9,7;7,52;7,8;6,7;8,3;8,3;8,21;10;3;0;2023;8,28;Ativo
RA-305;3;L;Aluno-305;15;Masculino;2019;Pública;Ágata;6,39;0;8,9;7,52;5,2;5,2;4,8;5,7;7,75;5;5;-2;2023;7,66;Ativo
RA-418;3;L;Aluno-418;11;Feminino;2020;Privada;Topázio;8,17;8,8;10;2,52;8,1;6,7;8,3;9,3;8,04;10;2;1;2023;8,12;Ativo
RA-419;3;L;Aluno-419;13;Feminino;2019;Privada;Ametista;7,73;6,7;9,5;2,52;7,6;7;7,3;8,5;7,88;10;3;0;2023;8,12;Ativo
RA-421;3;L;Aluno-421;12;Masculino;2021;Pública;Topázio;8,03;9,2;9,9;2,52;7,3;8;6,2;7,8;8,17;10;3;0;2023;7,81;Ativo
RA-407;3;L;Aluno-407;14;Masculino;2022;Pública;Ametista;7,67;9,6;8,6;7,52;7,3;7,3;7,2;7,3;7,5;5;4;-1;2023;7,81;Ativo
RA-425;3;L;Aluno-425;13;Masculino;2022;Pública;Topázio;8,11;9,2;9,9;2,52;7,5;6,7;7,3;8,5;8,38;10;3;0;2023;7,81;Ativo
RA-426;3;M;Aluno-426;14;Feminino;2022;Pública;Ágata;6,33;5,4;7,6;5;5;4,7;5,2;5;7,54;5;4;-1;2023;7,66;Ativo
RA-430;3;M;Aluno-430;14;Masculino;2022;Pública;Ametista;7,15;9,2;9,3;2,52;6,4;7,3;5,5;6,5;7,75;5;4;-1;2023;7,81;Ativo
RA-1164;3;M;Aluno-1164;13;Masculino;2023;Pública;Ágata;6,91;9,2;7,5;2,52;4,8;7;7,5;;7,54;10;3;0;2023;7,66;Ativo
RA-1165;3;M;Aluno-1165;12;Feminino;2023;Pública;Ametista;7,88;9,2;9,1;5;7,3;7;6;9;7,29;10;3;0;2023;7,19;Ativo
RA-432;3;M;Aluno-432;15;Feminino;2019;Pública;Ágata;6,85;8,8;9;2,52;5,2;5;6,3;4,2;8,04;5;5;-2;2023;7,81;Ativo
RA-303;3;M;Aluno-303;15;Masculino;2019;Pública;Quartzo;5,91;0;7,3;7,52;5,1;5,7;5,2;4,5;7,05;5;5;-2;2023;7,66;Ativo
RA-420;3;M;Aluno-420;12;Feminino;2019;Privada;Ametista;7,36;8,3;9,3;2,52;5,3;5,7;5,8;4,3;7,96;10;3;0;2023;7,66;Ativo
RA-1166;3;M;Aluno-1166;15;Feminino;2023;Pública;Ametista;7,31;8,3;9,6;7,52;4,8;5,3;2,8;6,2;7,92;5;5;-2;2023;7,66;Ativo
RA-1167;3;M;Aluno-1167;16;Masculino;2023;Pública;Ágata;6,02;8,8;7,6;2,52;3,8;6;3,7;1,8;7,96;2,5;6;-3;2023;7,66;Ativo
RA-424;3;M;Aluno-424;13;Feminino;2022;Pública;Ametista;7,73;8,8;9,9;2,52;6,4;5;6,7;7,5;7,79;10;3;0;2023;7,81;Ativo
RA-398;3;N;Aluno-398;11;Feminino;2022;Pública;Ametista;7,15;6,7;8,1;2,52;6,5;9,3;5,8;4,5;7,79;10;2;1;2023;7,5;Ativo
RA-399;3;N;Aluno-399;13;Feminino;2022;Pública;Ametista;7;7,9;8,2;2,52;4,7;5;4,2;4,8;8,16;10;3;0;2023;7,5;Ativo
RA-428;3;N;Aluno-428;13;Masculino;2022;Pública;Ametista;7,82;8,3;9,5;2,52;7,2;9,3;4,7;7,7;8,04;10;3;0;2023;7,81;Ativo
RA-315;3;N;Aluno-315;14;Feminino;2022;Pública;Quartzo;5,98;0;6,8;5;6,3;5,7;6,8;6,3;7,84;5;4;-1;2023;7,97;Ativo
RA-402;3;N;Aluno-402;13;Feminino;2019;Pública;Ágata;6,63;9,2;7,3;2,52;4,2;4,7;4;4;6,88;10;3;0;2023;7,81;Ativo
RA-1168;3;N;Aluno-1168;13;Feminino;2023;Pública;Quartzo;5,89;0;8,8;2,52;3,5;5;2;3,5;7,04;10;3;0;2023;7,66;Ativo
RA-613;3;N;Aluno-613;14;Masculino;2020;Pública;Ágata;6,86;9,2;9,4;5;4,8;4,3;6,2;3,8;7,21;5;4;-1;2023;6,72;Ativo
RA-304;3;N;Aluno-304;15;Masculino;2020;Pública;Ágata;6,24;0;8,8;5;5,7;7;3,7;6,3;7,84;5;5;-2;2023;7,81;Ativo
RA-457;3;N;Aluno-457;13;Feminino;2022;Pública;Topázio;8,26;7,5;8,6;7,52;8,1;6,7;8,5;9;8,04;10;3;0;2023;8,12;Ativo
RA-307;3;N;Aluno-307;15;Masculino;2022;Pública;Ágata;6,05;0;6,5;7,52;6,3;6,3;7,3;5,2;7,46;5;5;-2;2023;7,5;Ativo
RA-283;3;N;Aluno-283;15;Masculino;2020;Pública;Ametista;7,55;8,3;9,5;7,52;6,8;6,8;4,8;8,8;7,5;5;5;-2;2023;7,03;Ativo
RA-459;3;N;Aluno-459;13;Masculino;2019;Pública;Topázio;8,24;6,7;9,3;7,52;8,3;8,3;9,2;7,5;7,88;10;3;0;2023;7,19;Ativo
RA-440;3;P;Aluno-440;12;Masculino;2022;Pública;Ágata;6,99;0;8,2;7,52;6,2;7,3;7;4,2;7,84;10;3;0;2023;7,97;Ativo
RA-443;3;P;Aluno-443;14;Feminino;2019;Pública;Ágata;6,9;7,1;7,5;2,52;7,6;7;8,7;7;8,12;5;4;-1;2023;7,97;Ativo
RA-454;3;P;Aluno-454;15;Masculino;2018;Pública;Quartzo;4,6;0;7,5;5;2,6;4,2;1,2;2,5;5,54;5;5;-2;2023;4,69;Ativo
RA-444;3;P;Aluno-444;11;Masculino;2018;Pública;Quartzo;5,96;0;7,9;5;4,7;4,7;5,8;3,7;6,46;10;2;1;2023;6,41;Ativo
RA-170;3;P;Aluno-170;15;Feminino;2018;Privada;Ametista;7,06;8,8;8,9;2,52;7,2;6,3;8,7;6,5;7,67;5;5;-2;2023;6,88;Ativo
RA-1169;3;P;Aluno-1169;14;Feminino;2023;Pública;Ametista;7,21;7,5;9,5;5;6,3;6,8;7,3;4,8;8;5;4;-1;2023;7,03;Ativo
RA-458;3;P;Aluno-458;14;Masculino;2019;Pública;Ágata;6,31;9,6;6,9;7,52;3,8;4,3;4,8;2,2;6,25;5;4;-1;2023;7,19;Ativo
RA-1170;3;P;Aluno-1170;14;Masculino;2023;Pública;Ágata;6,87;8,8;7,7;7,52;5,9;6;6,8;4,8;6,58;5;4;-1;2023;7,19;Ativo
RA-1171;3;P;Aluno-1171;14;Masculino;2023;Pública;Ametista;7,86;7,9;8,4;5;8,7;7,3;9;9,7;8,88;5;4;-1;2023;8,75;Ativo
RA-449;3;P;Aluno-449;12;Feminino;2022;Pública;Ametista;7,4;7,1;7,2;7,52;7;5,5;7,7;7,7;6,84;10;3;0;2023;7,34;Ativo
RA-462;3;P;Aluno-462;15;Feminino;2022;Pública;Ágata;6,23;10;8,1;5;2,7;4;2,8;1,3;6,58;5;5;-2;2023;7,5;Ativo
RA-176;4;A;Aluno-176;14;Feminino;2018;Privada;Topázio;8,32;9,6;9,5;2,52;8;7,3;7,3;9,3;9;10;4;0;2023;8,12;Ativo
RA-178;4;A;Aluno-178;14;Feminino;2016;Privada;Ametista;7,41;7,9;8,7;2,52;5,9;6,3;5,8;5,5;8,42;10;4;0;2023;7,66;Ativo
RA-193;4;A;Aluno-193;13;Masculino;2016;Privada;Ametista;7,72;8,3;9,4;2,52;6,5;6;6,3;7,3;8,17;10;3;1;2023;8,12;Ativo
RA-1172;4;A;Aluno-1172;16;Feminino;2023;Pública;Ametista;7,03;8,3;7,8;2,52;6,7;6;5,7;8,3;8,46;5;6;-2;2023;8,59;Ativo
RA-180;4;A;Aluno-180;13;Masculino;2018;Privada;Topázio;8,28;9,2;9,4;2,52;8;8,3;7,3;8,5;8,92;10;3;1;2023;8,44;Ativo
RA-181;4;A;Aluno-181;14;Feminino;2019;Privada;Ametista;7,67;9,6;8,3;2,52;6,8;8,3;6,5;5,5;8,25;10;4;0;2023;7,97;Ativo
RA-195;4;A;Aluno-195;14;Feminino;2017;Privada;Ametista;7,6;7,1;9,2;2,52;6;6,3;6,2;5,5;8,79;10;4;0;2023;8,44;Ativo
RA-196;4;A;Aluno-196;13;Masculino;2018;Privada;Ametista;7,56;7,9;9;2,52;6,2;7;6;5,7;8,21;10;3;1;2023;8,28;Ativo
RA-211;4;A;Aluno-211;14;Masculino;2021;Privada;Topázio;8,02;9,6;9,4;2,52;7,1;7,7;8;5,7;8,71;10;4;0;2023;7,66;Ativo
RA-197;4;A;Aluno-197;13;Feminino;2021;Privada;Ametista;7,97;8,3;9,8;2,52;7,2;7;7,3;7,2;8,46;10;3;1;2023;7,97;Ativo
RA-229;4;A;Aluno-229;13;Masculino;2022;Privada;Topázio;8,21;9,2;9,8;2,52;7,8;8;8,2;7,3;8,42;10;3;1;2023;8,28;Ativo
RA-186;4;A;Aluno-186;14;Feminino;2019;Privada;Ametista;7,82;7,5;9,7;2,52;6,9;6,8;7;7;8,46;10;4;0;2023;7,97;Ativo
RA-189;4;A;Aluno-189;14;Masculino;2018;Privada;Ametista;7,73;7,9;9,4;2,52;6,5;6,3;6,5;6,7;8,38;10;4;0;2023;8,28;Ativo
RA-191;4;A;Aluno-191;14;Masculino;2019;Privada;Ametista;7,26;0;9,7;2,52;7,8;8,7;7;7,8;8,46;10;4;0;2023;8,12;Ativo
RA-1173;4;A;Aluno-1173;14;Masculino;2023;Pública;Ametista;7,67;8,8;9,7;2,52;6;7;5;6;8,12;10;4;0;2023;7,81;Ativo
RA-217;4;B;Aluno-217;15;Feminino;2021;Pública;Ágata;6,97;8,3;8,6;2,52;5,6;6,7;5,3;4,8;8,5;5;5;-1;2023;8,44;Ativo
RA-1174;4;B;Aluno-1174;15;Feminino;2023;Pública;Ametista;7,33;9,2;8,7;2,52;6,8;6,5;7,2;6,8;8,34;5;5;-1;2023;8,91;Ativo
RA-192;4;B;Aluno-192;16;Masculino;2021;Privada;Ágata;6,62;8,8;6,2;5;6,5;6;5,8;7,8;7,38;5;6;-2;2023;7,19;Ativo
RA-184;4;B;Aluno-184;13;Masculino;2019;Pública;Topázio;8,43;7,9;9,5;7,52;7,1;7,3;6,3;7,8;8,5;10;3;1;2023;8,59;Ativo
RA-200;4;B;Aluno-200;16;Masculino;2018;Privada;Quartzo;5,66;9,6;4,5;2,52;4,3;4,3;4,2;4,5;7,17;5;6;-2;2023;7,5;Ativo
RA-1175;4;B;Aluno-1175;17;Feminino;2023;Pública;Quartzo;5,94;8,3;5,3;2,52;6,3;6,3;6,3;6,2;7,63;2,5;7;-3;2023;7,66;Ativo
RA-204;4;B;Aluno-204;14;Feminino;2019;Pública;Ametista;7,56;8,8;7,9;2,52;7,1;4,7;8;8,5;8,04;10;4;0;2023;8,28;Ativo
RA-1176;4;B;Aluno-1176;13;Masculino;2023;Pública;Topázio;8,88;8,3;9,3;7,52;8,2;8;7,8;8,7;9,17;10;3;1;2023;9,69;Ativo
RA-1177;4;B;Aluno-1177;14;Feminino;2023;Pública;Topázio;8,35;10;9,9;2,52;7,2;7;6,7;8;8,88;10;4;0;2023;8,91;Ativo
RA-215;4;C;Aluno-215;14;Feminino;2021;Pública;Ametista;7,17;8,8;6,6;2,52;6,9;5,7;6,7;8,3;7,71;10;4;0;2023;7,97;Ativo
RA-1178;4;C;Aluno-1178;16;Masculino;2023;Pública;Ametista;7,07;8,8;9,3;2,52;5,7;6,3;4,5;6,3;8,21;5;6;-2;2023;7,97;Ativo
RA-149;4;C;Aluno-149;16;Feminino;2022;Pública;Quartzo;5,62;8,8;4,2;2,52;4,7;5,7;3,5;5;7,29;5;6;-2;2023;7,5;Ativo
RA-1179;4;C;Aluno-1179;15;Masculino;2023;Pública;Ágata;6,63;9,6;8,1;4,38;5;6,7;3,7;4,5;7,17;5;5;-1;2023;6,88;Ativo
RA-218;4;C;Aluno-218;15;Feminino;2022;Pública;Quartzo;5,81;0;6,7;2,52;6,7;5,7;7;7,5;7,88;5;5;-1;2023;7,97;Ativo
RA-220;4;C;Aluno-220;14;Feminino;2022;Pública;Ametista;7,1;8,8;7,6;2,52;6,1;6,3;5,8;6,3;7,55;10;4;0;2023;7,19;Ativo
RA-202;4;C;Aluno-202;15;Feminino;2017;Pública;Ágata;6,79;8,8;7,9;2,52;5,9;6,3;4,8;6,7;8,01;5;5;-1;2023;7,97;Ativo
RA-1180;4;C;Aluno-1180;15;Masculino;2023;Pública;Ametista;7,07;8,3;9,5;5;5,4;6;4,8;5,3;7,71;5;5;-1;2023;7,19;Ativo
RA-1181;4;C;Aluno-1181;14;Feminino;2023;Pública;Ágata;6,97;8,8;8,3;2,52;4,8;5,7;4,3;4,5;7,34;10;4;0;2023;7,5;Ativo
RA-1182;4;C;Aluno-1182;16;Feminino;2023;Pública;Quartzo;5,71;7,5;6,3;2,52;4,2;5,3;2;5,2;7,21;5;6;-2;2023;6,72;Ativo
RA-205;4;C;Aluno-205;15;Masculino;2020;Pública;Ágata;6,86;9,6;7,6;4,38;6,6;7;5,5;7,3;7,09;5;5;-1;2023;7,03;Ativo
RA-1183;4;C;Aluno-1183;15;Masculino;2023;Pública;Ágata;6,27;7,5;8,7;2,52;5,3;6;4;6;6,76;5;5;-1;2023;6,09;Ativo
RA-237;4;F;Aluno-237;15;Feminino;2022;Privada;Ametista;7,44;8,3;9,5;2,52;6,7;7,7;7;5,5;8,96;5;5;-1;2023;8,12;Ativo
RA-147;4;F;Aluno-147;15;Feminino;2022;Pública;Quartzo;5,54;0;7;5,63;4,5;5;6;2,5;7,46;5;5;-1;2023;6,88;Ativo
RA-240;4;F;Aluno-240;14;Feminino;2017;Privada;Ágata;6,34;7,1;6,7;2,52;4,8;7;3,3;4,2;6,92;10;4;0;2023;6,88;Ativo
RA-1184;4;F;Aluno-1184;16;Masculino;2023;Pública;Ametista;7,38;8,3;8,3;5;7,3;8;5,5;8,5;8,04;5;6;-2;2023;8,12;Ativo
RA-241;4;F;Aluno-241;15;Masculino;2016;Privada;Ametista;7,02;0;9,9;2,52;7,5;9,3;7;6,2;9,54;5;5;-1;2023;8,75;Ativo
RA-242;4;F;Aluno-242;14;Masculino;2018;Privada;Topázio;8,22;7,1;9,7;2,52;7,9;9,3;7,3;7,2;9,38;10;4;0;2023;8,59;Ativo
RA-138;4;F;Aluno-138;16;Masculino;2016;Pública;Ágata;6,78;10;7,9;6,26;4,3;4;3,7;5,2;7,42;5;6;-2;2023;7,34;Ativo
RA-244;4;F;Aluno-244;13;Feminino;2018;Privada;Ametista;7,04;0;8,8;2,52;7,3;7;8;6,8;8,83;10;3;1;2023;8,12;Ativo
RA-245;4;F;Aluno-245;15;Masculino;2016;Privada;Ametista;7,17;0;10;2,52;8,1;9,3;7,8;7,3;9,59;5;5;-1;2023;8,75;Ativo
RA-246;4;F;Aluno-246;14;Masculino;2022;Privada;Topázio;8,26;8,8;9,9;4,39;6,8;7,7;7;5,8;8,92;10;4;0;2023;8,12;Ativo
RA-141;4;F;Aluno-141;15;Masculino;2017;Pública;Ágata;6,72;9,6;8,4;5,63;4,5;6;5,3;2,3;7,04;5;5;-1;2023;7,03;Ativo
RA-239;4;G;Aluno-239;16;Feminino;2021;Pública;Ágata;6,41;0;8,4;5;7;6;7,2;7,7;7,63;5;6;-2;2023;8,12;Ativo
RA-1185;4;G;Aluno-1185;13;Feminino;2023;Pública;Topázio;8,03;7,5;9,1;5;7,5;6,7;6,3;9,5;8,38;10;3;1;2023;7,81;Ativo
RA-262;4;G;Aluno-262;16;Masculino;2021;Privada;Quartzo;4,41;0;3,7;5;3,8;5;3,3;3;6,05;5;6;-2;2023;7,03;Ativo
RA-1186;4;G;Aluno-1186;16;Feminino;2023;Pública;Ametista;7,28;8,8;9,8;6,89;5,5;6,7;5,2;4,5;7,38;5;6;-2;2023;6,88;Ativo
RA-397;4;G;Aluno-397;15;Feminino;2017;Pública;Ágata;6,21;7,5;7,9;2,52;4,6;6,7;5;2;7,46;5;5;-1;2023;7,19;Ativo
RA-1187;4;G;Aluno-1187;13;Feminino;2023;Pública;Ágata;6,64;8,8;6,9;2,52;5,3;4,7;5;6,2;6,72;10;3;1;2023;7,34;Ativo
RA-295;4;L;Aluno-295;15;Feminino;2022;Pública;Ametista;7,64;8,8;8,8;2,52;7,7;7,3;7,2;8,7;9,01;5;5;-1;2023;9,06;Ativo
RA-269;4;L;Aluno-269;14;Masculino;2022;Pública;Topázio;8,12;9,6;9;2,52;7,4;8;7,3;7;8,8;10;4;0;2023;8,59;Ativo
RA-313;4;L;Aluno-313;14;Feminino;2022;Pública;Ametista;7,01;9,2;8,7;2,52;3,9;4;2,8;5;7,75;10;4;0;2023;7,66;Ativo
RA-1190;4;L;Aluno-1190;14;Masculino;2023;Pública;Ágata;6,33;0;9,2;5;4,2;3;4,2;5,5;7,04;10;4;0;2023;7,34;Ativo
RA-301;4;L;Aluno-301;14;Feminino;2019;Pública;Ágata;6,76;9,2;5,4;7,52;5,2;4,7;6,5;4,5;6,46;10;4;0;2023;6,72;Ativo
RA-286;4;L;Aluno-286;15;Feminino;2022;Pública;Quartzo;5,71;0;7,5;5;4,7;3,7;5;5,3;7,34;5;5;-1;2023;8,12;Ativo
RA-1191;4;L;Aluno-1191;14;Masculino;2023;Pública;Ágata;6,18;7,5;7,2;5;3,7;2,3;2,5;6,2;6,26;10;4;0;2023;5;Ativo
RA-1192;4;L;Aluno-1192;15;Feminino;2023;Pública;Ágata;6,78;7,9;8,7;2,52;5,8;4,7;6;6,8;7,67;5;5;-1;2023;7,97;Ativo
RA-174;4;L;Aluno-174;16;Feminino;2019;Pública;Ágata;6,12;7,9;5,6;5;5,1;3,7;7,3;4,3;7,21;5;6;-2;2023;7,5;Ativo
RA-1193;4;L;Aluno-1193;14;Feminino;2023;Pública;Ágata;6,02;0;7,8;5;4,1;3,7;3,5;5;7,13;10;4;0;2023;7,19;Ativo
RA-308;4;L;Aluno-308;14;Masculino;2019;Pública;Ágata;6,58;5,4;6,8;5;4,9;4,7;5,2;4,7;7,5;10;4;0;2023;7,03;Ativo
RA-152;4;M;Aluno-152;16;Feminino;2022;Pública;Ágata;6,31;7,9;7,7;2,52;4,5;4;5;4,5;7,71;5;6;-2;2023;7,81;Ativo
RA-270;4;M;Aluno-270;14;Feminino;2019;Privada;Ametista;7,98;9,2;9;2,52;6,6;7,7;6,2;5,8;9,13;10;4;0;2023;8,75;Ativo
RA-271;4;M;Aluno-271;16;Feminino;2022;Pública;Ágata;6,14;0;9,3;2,52;5,9;4,3;7;6,3;7,71;5;6;-2;2023;8,12;Ativo
RA-299;4;M;Aluno-299;14;Feminino;2019;Privada;Ágata;6,8;0;9,6;2,52;6,1;5;7,2;6,2;8,01;10;4;0;2023;7,97;Ativo
RA-316;4;M;Aluno-316;14;Feminino;2022;Pública;Topázio;8,44;10;9,5;7,52;5,7;6,3;5,7;5;8,96;10;4;0;2023;8,59;Ativo
RA-318;4;M;Aluno-318;15;Feminino;2019;Pública;Ágata;6,86;7,9;8,1;6,26;4,9;5;5;4,7;7,71;5;5;-1;2023;7,97;Ativo
RA-274;4;M;Aluno-274;12;Feminino;2019;Privada;Topázio;8,14;7,5;9,5;5,63;7,5;7;7,7;7,8;8,3;10;3;1;2023;7,66;Ativo
RA-320;4;M;Aluno-320;14;Feminino;2022;Pública;Topázio;8,39;9,2;9,9;7,52;5,5;5,7;6;4,7;8,96;10;4;0;2023;8,59;Ativo
RA-277;4;M;Aluno-277;15;Masculino;2021;Pública;Ametista;7,73;8,3;9,9;7,52;5,5;5,7;6;4,8;8,75;5;5;-1;2023;8,12;Ativo
RA-278;4;M;Aluno-278;13;Masculino;2018;Pública;Ametista;7,19;0;9,8;5,63;5,6;6;5,3;5,5;8,38;10;3;1;2023;8,75;Ativo
RA-291;4;M;Aluno-291;14;Masculino;2022;Privada;Topázio;8,49;8,8;8,6;7,52;7,1;8;6,5;6,7;9,21;10;4;0;2023;8,91;Ativo
RA-306;4;M;Aluno-306;15;Feminino;2021;Pública;Quartzo;5,73;0;7,9;6,26;4;4,7;4,5;2,8;7,46;5;5;-1;2023;7,34;Ativo
RA-279;4;M;Aluno-279;14;Masculino;2019;Pública;Topázio;9,01;8,8;10;6,27;8,9;9;8,5;9,3;9,21;10;4;0;2023;8,75;Ativo
RA-280;4;M;Aluno-280;14;Feminino;2021;Privada;Topázio;8,19;6,7;9,5;7,52;6,5;6,3;7,7;5,5;8,71;10;4;0;2023;8,28;Ativo
RA-276;4;M;Aluno-276;14;Feminino;2017;Privada;Ágata;6,69;6,3;8,5;2,52;5,5;3,7;4,7;8;6,58;10;4;0;2023;7,03;Ativo
RA-285;4;N;Aluno-285;17;Feminino;2020;Pública;Quartzo;5,38;8,3;4,6;2,52;4,7;4;6;4;7,13;2,5;7;-3;2023;7,66;Ativo
RA-1194;4;N;Aluno-1194;13;Masculino;2023;Pública;Ametista;7,67;8,8;9;5;6,1;6;4,2;8;7,67;10;3;1;2023;7,5;Ativo
RA-287;4;N;Aluno-287;18;Feminino;2022;Pública;Quartzo;3,75;0;4,8;2,52;3,9;3;2,3;6,5;5,38;2,5;8;-4;2023;4,22;Ativo
RA-319;4;N;Aluno-319;14;Masculino;2022;Outros;Topázio;8,37;9,6;9,2;5;7,2;5,7;5,8;10;8,88;10;4;0;2023;8,59;Ativo
RA-321;4;N;Aluno-321;13;Feminino;2022;Pública;Ametista;7,7;8,3;9,4;2,52;6,2;6;5,8;6,7;8,42;10;3;1;2023;8,12;Ativo
RA-1195;4;N;Aluno-1195;17;Feminino;2022;Pública;Quartzo;5,68;0;8,3;2,52;5,4;4,3;4,7;7,3;8;2,5;7;-3;2023;8,28;Ativo
RA-159;4;N;Aluno-159;16;Feminino;2021;Pública;Ágata;6,81;7,9;8,1;2,52;6,3;5;6;7,8;7,88;5;6;-2;2023;8,12;Ativo
RA-322;4;N;Aluno-322;14;Feminino;2022;Pública;Ametista;7,04;6,7;8,3;2,52;5,3;4;5,5;6,3;8,04;10;4;0;2023;7,97;Ativo
RA-251;4;N;Aluno-251;15;Masculino;2018;Pública;Ágata;6,67;9,6;8;2,52;5,3;5;5,5;5,3;7,84;5;5;-1;2023;7,34;Ativo
RA-116;5;A;Aluno-116;17;Feminino;2019;Pública;Ágata;6,43;6,7;7,6;5;4,7;2,3;5;6,8;7,55;5;7;-2;2023;7,97;Ativo
RA-103;5;A;Aluno-103;14;Feminino;2020;Privada;Topázio;8,02;8,3;9,2;5;7,1;7,3;6,3;7,7;8,09;10;4;1;2023;8,12;Ativo
RA-42;5;A;Aluno-42;16;Masculino;2019;Privada;Ágata;6,79;8,8;8,6;5,63;5,7;6,3;4,2;6,7;6,67;5;6;-1;2023;6,56;Ativo
RA-121;5;A;Aluno-121;16;Feminino;2021;Pública;Ágata;6,81;6,3;8,8;5;6;5;5,7;7,3;7,46;5;6;-1;2023;7,34;Ativo
RA-106;5;A;Aluno-106;15;Feminino;2016;Privada;Ametista;7,77;7,9;9,1;5;7,3;6,7;6,8;8,3;7,51;10;5;0;2023;7,03;Ativo
RA-123;5;A;Aluno-123;17;Masculino;2017;Privada;Ágata;6,07;0;9,4;5;5,7;5;5,3;6,7;6,84;5;7;-2;2023;6,88;Ativo
RA-46;5;A;Aluno-46;18;Feminino;2022;Pública;Quartzo;5,55;7,1;7,4;2,52;4,4;2,8;3;7,3;6,63;2,5;8;-3;2023;6,56;Ativo
RA-125;5;A;Aluno-125;16;Feminino;2022;Privada;Ágata;6,99;9,2;7,7;5;5,8;3,3;5,8;8,2;7,84;5;6;-1;2023;8,12;Ativo
RA-110;5;A;Aluno-110;15;Masculino;2017;Privada;Topázio;8,09;8,3;8,6;5;7,5;8,3;6,2;8;8,3;10;5;0;2023;8,75;Ativo
RA-128;5;A;Aluno-128;16;Masculino;2019;Privada;Ágata;6,5;6,7;7,3;5;5,7;6,3;4;6,7;7,55;5;6;-1;2023;7,34;Ativo
RA-143;5;A;Aluno-143;14;Masculino;2019;Privada;Ametista;7,79;8,3;9,6;2,52;6,5;9,2;5;5,2;8,34;10;4;1;2023;8,28;Ativo
RA-111;5;A;Aluno-111;14;Feminino;2020;Privada;Ametista;7,57;7,5;8,7;5;6;6;5,2;6,7;8,09;10;4;1;2023;7,66;Ativo
RA-112;5;A;Aluno-112;16;Feminino;2016;Privada;Ametista;7,14;6,7;8,1;5;7,4;7,3;6,5;8,3;7,92;5;6;-1;2023;7,97;Ativo
RA-115;5;A;Aluno-115;16;Feminino;2019;Pública;Ágata;6,32;8,8;7,1;5;4,2;3,7;3,8;5,2;7,22;5;6;-1;2023;7,34;Ativo
RA-1196;5;B;Aluno-1196;15;Masculino;2023;Privada;Ametista;7,03;0;8,2;5;7,5;8;6,2;8,3;8,04;10;5;0;2023;7,81;Ativo
RA-52;5;B;Aluno-52;14;Masculino;2018;Privada;Ametista;7,96;10;9,8;2,52;6,4;7,7;4,8;6,7;8,3;10;4;1;2023;8,12;Ativo
RA-1197;5;B;Aluno-1197;16;Feminino;2023;Pública;Ágata;6,95;6,7;8,4;5;7,3;5,3;7,2;9,3;7,22;5;6;-1;2023;7,03;Ativo
RA-108;5;B;Aluno-108;17;Feminino;2019;Outros;Quartzo;4,93;5,8;7,3;2,52;2,9;2,7;3,2;2,8;5,59;5;7;-2;2023;4,38;Ativo
RA-1198;5;B;Aluno-1198;16;Feminino;2023;Pública;Ametista;7,52;8,3;9,4;6,26;6,7;7,3;3,7;9;7,96;5;6;-1;2023;7,5;Ativo
RA-127;5;B;Aluno-127;15;Feminino;2022;Pública;Ametista;7,92;8,8;7,8;6,26;6,4;4,7;6,3;8,2;8,67;10;5;0;2023;8,44;Ativo
RA-114;5;B;Aluno-114;17;Masculino;2022;Pública;Quartzo;5,34;0;6;3,14;5,6;4;4,5;8,3;7,26;5;7;-2;2023;7,5;Ativo
RA-146;5;C;Aluno-146;16;Feminino;2022;Pública;Ametista;7,58;6,2;9,5;5;7,9;7,8;5,8;10;8,21;5;6;-1;2023;8,44;Ativo
RA-1199;5;C;Aluno-1199;17;Masculino;2023;Pública;Ametista;7,02;6,7;9,1;5;6,2;6,8;5;6,7;8,09;5;7;-2;2023;6,88;Ativo
RA-70;5;C;Aluno-70;17;Feminino;2017;Pública;Ágata;6,87;9,2;9,2;5;4,3;3;3,5;6,3;7,54;5;7;-2;2023;7,5;Ativo
RA-107;5;C;Aluno-107;15;Feminino;2018;Pública;Ágata;6,85;0;8,5;5;7;6;5,2;9,7;7,59;10;5;0;2023;7,34;Ativo
RA-1200;5;C;Aluno-1200;15;Feminino;2023;Pública;Quartzo;5,71;0;6,4;5;4;4,3;2,3;5,5;6,87;10;5;0;2023;7,5;Ativo
RA-151;5;C;Aluno-151;17;Feminino;2020;Pública;Ágata;6,89;0;7,8;7,52;7,9;6,8;7;10;8,17;5;7;-2;2023;8,59;Ativo
RA-85;5;C;Aluno-85;16;Masculino;2022;Pública;Ametista;7,08;8,8;8,9;6,27;5,7;5,8;3,8;7,5;7,84;5;6;-1;2023;5,94;Ativo
RA-1201;5;C;Aluno-1201;15;Masculino;2023;Pública;Topázio;8,38;9,2;9,6;3,77;7,8;8,3;6,5;8,5;8,76;10;5;0;2023;8,59;Ativo
RA-131;5;F;Aluno-131;16;Feminino;2016;Pública;Quartzo;5,95;8,3;7,8;5;2,2;0;3;3,5;6,8;5;6;-1;2023;7,66;Ativo
RA-132;5;F;Aluno-132;15;Feminino;2019;Privada;Ametista;7,35;7,5;8,7;2,52;6,5;6,3;6,5;6,7;7,72;10;5;0;2023;7,66;Ativo
RA-133;5;F;Aluno-133;16;Feminino;2016;Pública;Ágata;6,17;7,5;7,9;2,52;5,3;5;4,3;6,7;6,5;5;6;-1;2023;7,19;Ativo
RA-104;5;F;Aluno-104;19;Masculino;2022;Pública;Quartzo;4,25;0;7,7;2,52;2,6;3,7;1,8;2,3;5,63;2,5;8;-3;2023;5,62;Ativo
RA-137;5;F;Aluno-137;17;Feminino;2016;Privada;Quartzo;5,94;7,1;6,3;2,52;6;7,3;4,5;6,2;6,88;5;7;-2;2023;6,41;Ativo
RA-144;5;F;Aluno-144;14;Feminino;2017;Privada;Quartzo;4,99;0;5,2;2,52;4,4;3,3;2,5;7,3;6;10;4;1;2023;6,25;Ativo
RA-1202;5;F;Aluno-1202;16;Feminino;2023;Pública;Ágata;6,2;7,1;7,6;7,52;3,3;4,5;3,3;2;6,67;5;6;-1;2023;7,34;Ativo
RA-90;5;L;Aluno-90;14;Feminino;2019;Privada;Topázio;8,7;10;9,6;7,52;7,7;6,7;6,8;9,5;8,17;10;4;1;2023;8,59;Ativo
RA-167;5;L;Aluno-167;17;Feminino;2018;Privada;Ametista;7,81;8,8;9,9;5;7,9;8,3;7,2;8,3;7,84;5;7;-2;2023;7,97;Ativo
RA-168;5;L;Aluno-168;15;Feminino;2018;Privada;Ágata;6,48;0;9,6;6,89;4,7;4,3;3;6,7;6,42;10;5;0;2023;6,56;Ativo
RA-1203;5;L;Aluno-1203;16;Feminino;2023;Pública;Ametista;7,49;9,2;10;2,52;7,2;6,7;5,8;9,2;7,88;5;6;-1;2023;7,97;Ativo
RA-155;5;L;Aluno-155;17;Masculino;2022;Pública;Ágata;6,32;7,9;8,1;5;4,4;5,3;2,8;5,2;6,59;5;7;-2;2023;7,03;Ativo
RA-94;5;L;Aluno-94;16;Feminino;2018;Privada;Ametista;7,29;7,5;9,6;2,52;7,2;7,7;4,8;9;7,8;5;6;-1;2023;8,75;Ativo
RA-81;5;L;Aluno-81;15;Feminino;2017;Privada;Ametista;7,45;9,6;8,8;2,52;6,3;8,7;4,7;5,5;7,21;10;5;0;2023;7,81;Ativo
RA-302;5;L;Aluno-302;17;Masculino;2022;Pública;Quartzo;5,31;0;7,3;5;4,3;4,7;2,3;5,8;6,26;5;7;-2;2023;7,5;Ativo
RA-171;5;L;Aluno-171;17;Masculino;2022;Pública;Ágata;6,29;7,5;7,2;5;5,2;4,5;4,8;6,2;6,76;5;7;-2;2023;7,19;Ativo
RA-160;5;L;Aluno-160;16;Feminino;2021;Privada;Ágata;6,6;8,8;8,3;2,52;5;3,3;3,8;8;7,46;5;6;-1;2023;8,12;Ativo
RA-1204;5;L;Aluno-1204;16;Masculino;2023;Pública;Ágata;6,94;7,5;8,7;5;6,1;5;3,7;9,7;7,21;5;6;-1;2023;7,81;Ativo
RA-1205;5;L;Aluno-1205;18;Feminino;2023;Pública;Ágata;6,81;9,2;9,2;6,26;5;5,2;3,7;6,2;7,08;2,5;8;-3;2023;7,5;Ativo
RA-173;5;L;Aluno-173;17;Masculino;2019;Privada;Ametista;7,76;9,2;8,5;6,26;8,1;9;6,2;9,2;7,88;5;7;-2;2023;8,12;Ativo
RA-166;5;L;Aluno-166;15;Masculino;2020;Privada;Topázio;8,11;7,5;8,9;6,26;8,1;7;7,2;10;7,46;10;5;0;2023;8,44;Ativo
RA-175;5;L;Aluno-175;16;Feminino;2018;Privada;Ágata;6,57;8,8;9,2;2,52;4,8;5;5;4,5;7,08;5;6;-1;2023;7,19;Ativo
RA-153;5;M;Aluno-153;15;Feminino;2018;Privada;Ametista;7,29;9,2;7,4;2,52;6,4;6;5,3;8;7,71;10;5;0;2023;8,12;Ativo
RA-1206;5;M;Aluno-1206;17;Feminino;2023;Pública;Ágata;6,72;8,8;8,3;2,52;5,6;4,7;3,7;8,3;7,71;5;7;-2;2023;7,81;Ativo
RA-157;5;M;Aluno-157;13;Feminino;2018;Privada;Ametista;7,88;7,1;9,9;2,52;6,8;6;6,8;7,5;8,63;10;3;2;2023;8,59;Ativo
RA-1207;5;M;Aluno-1207;15;Feminino;2023;Pública;Ametista;7,58;8,8;9;5;5,5;5;4;7,5;7,63;10;5;0;2023;7,81;Ativo
RA-1208;5;M;Aluno-1208;15;Masculino;2023;Pública;Ametista;7,07;8,8;8,8;2,52;6,2;5;4,8;8,8;6,25;10;5;0;2023;6,88;Ativo
RA-1209;5;M;Aluno-1209;16;Feminino;2023;Pública;Ametista;7,43;7,5;9,4;5;7,4;7,7;5,7;8,8;7,71;5;6;-1;2023;7,81;Ativo
RA-158;5;M;Aluno-158;14;Feminino;2017;Privada;Ametista;7,3;7,1;9;2,52;6;6;5,7;6,3;7,54;10;4;1;2023;8,28;Ativo
RA-161;5;M;Aluno-161;14;Feminino;2018;Privada;Ágata;6,25;0;7,3;2,52;5,8;7;4,5;6;7,8;10;4;1;2023;8,12;Ativo
RA-164;5;M;Aluno-164;16;Masculino;2018;Privada;Quartzo;5,64;0;8,2;2,52;5,8;6;4,2;7,3;6,96;5;6;-1;2023;6,88;Ativo
RA-1210;5;M;Aluno-1210;16;Feminino;2023;Pública;Ametista;7,17;9,6;9,4;5;4,7;5;2;7;8,09;5;6;-1;2023;7,81;Ativo
RA-165;5;M;Aluno-165;15;Feminino;2017;Privada;Ametista;7,58;6,7;9,2;2,52;7,3;7,3;6,2;8,3;7,8;10;5;0;2023;8,12;Ativo
RA-1211;5;M;Aluno-1211;16;Feminino;2023;Pública;Ametista;7,09;7,1;9,1;5;6,2;6,3;4,5;7,8;7,71;5;6;-1;2023;7,81;Ativo
RA-1212;5;M;Aluno-1212;16;Feminino;2023;Pública;Ágata;6,76;8,3;8,9;5;4,2;0;3,5;9;7,72;5;6;-1;2023;7,66;Ativo
RA-1213;5;M;Aluno-1213;17;Feminino;2023;Pública;Quartzo;5,96;0;8,4;2,52;6;6,7;4,8;6,5;7,72;5;7;-2;2023;7,81;Ativo
RA-40;6;A;Aluno-40;17;Feminino;2016;Privada;Ametista;7,17;7,5;8,2;7,52;5,9;6,2;5,7;5,8;7,76;5;7;-1;2023;7,97;Ativo
RA-1214;6;A;Aluno-1214;16;Masculino;2023;Pública;Topázio;8,38;9,6;9,8;6,89;7,4;8;5;9,3;7,67;10;6;0;2023;7,5;Ativo
RA-71;6;A;Aluno-71;18;Feminino;2019;Pública;Ametista;7,37;6,7;9,8;6,26;6,6;7,3;5,5;7;7,71;5;8;-2;2023;7,5;Ativo
RA-53;6;A;Aluno-53;18;Masculino;2022;Outros;Ametista;7,6;9,2;9,1;5,63;7,7;7,3;6,5;9,2;7,59;5;8;-2;2023;7,5;Ativo
RA-43;6;A;Aluno-43;17;Feminino;2019;Pública;Ágata;6,46;7,9;6,7;5,63;5;4;5;6;7,59;5;7;-1;2023;7,5;Ativo
RA-55;6;A;Aluno-55;17;Feminino;2017;Pública;Ágata;6,9;7,9;8,1;3,14;7,1;8,7;6,5;6;7,54;5;7;-1;2023;7,5;Ativo
RA-44;6;A;Aluno-44;18;Feminino;2021;Pública;Ágata;6,26;0;8,5;5,01;6,9;7,3;5,8;7,5;7,17;5;8;-2;2023;7,5;Ativo
RA-1215;6;A;Aluno-1215;16;Feminino;2023;Pública;Ágata;6,34;7,1;5,6;5;4,1;5;2,7;4,7;7,17;10;6;0;2023;7,5;Ativo
RA-45;6;A;Aluno-45;16;Feminino;2019;Privada;Topázio;8,3;7,1;9,6;6,26;7,9;7,8;6,3;9,7;8,17;10;6;0;2023;8,28;Ativo
RA-56;6;A;Aluno-56;16;Feminino;2019;Privada;Topázio;8,28;9,6;9,5;5;7,8;7,8;5,5;10;7,8;10;6;0;2023;8,12;Ativo
RA-57;6;A;Aluno-57;17;Masculino;2017;Privada;Ágata;6,45;0;8;5,63;7,2;7,8;6,8;7;7,76;5;7;-1;2023;7,97;Ativo
RA-58;6;A;Aluno-58;16;Masculino;2017;Privada;Ametista;7,71;0;9,7;6,26;8,1;7,8;6,5;10;8,38;10;6;0;2023;8,44;Ativo
RA-59;6;A;Aluno-59;18;Masculino;2022;Privada;Ametista;7,69;7,5;9,6;5,63;7,2;7,7;6,8;7,2;8,42;5;8;-2;2023;8,28;Ativo
RA-1216;6;A;Aluno-1216;19;Feminino;2023;Outros;Ametista;7,71;9,6;9;5,63;7,9;8,7;5,3;9,7;7,8;5;8;-2;2023;7,5;Ativo
RA-78;6;A;Aluno-78;18;Feminino;2018;Privada;Ágata;6,43;0;7,7;6,26;6,7;8,5;4,8;6,8;8;5;8;-2;2023;8,28;Ativo
RA-79;6;A;Aluno-79;17;Feminino;2018;Privada;Ágata;6,64;5,8;6,2;5;7,6;6;7,7;9;7,59;5;7;-1;2023;7,81;Ativo
RA-61;6;A;Aluno-61;16;Masculino;2021;Pública;Ametista;7,38;8,3;7;6,26;6,2;6,7;4,3;7,5;7,46;10;6;0;2023;7,97;Ativo
RA-63;6;A;Aluno-63;17;Masculino;2018;Pública;Topázio;8,06;6,7;9;6,89;8,7;9,3;7,3;9,5;8,97;5;7;-1;2023;8,75;Ativo
RA-64;6;A;Aluno-64;17;Feminino;2019;Privada;Ametista;7,45;7,5;9,2;6,89;6,7;7;6;7,2;7,96;5;7;-1;2023;7,34;Ativo
RA-48;6;A;Aluno-48;16;Feminino;2017;Privada;Ametista;7,8;6,7;8,4;6,26;7,7;8,3;5,7;9;7,63;10;6;0;2023;7,66;Ativo
RA-109;6;A;Aluno-109;17;Masculino;2021;Privada;Topázio;8,32;8,3;9,9;7,52;8,3;7;8,2;9,7;8,59;5;7;-1;2023;8,75;Ativo
RA-80;6;L;Aluno-80;17;Feminino;2017;Privada;Ametista;7,25;8,3;8,4;6,89;6,3;8,2;5,7;5;7,46;5;7;-1;2023;7,97;Ativo
RA-91;6;L;Aluno-91;17;Feminino;2016;Privada;Ametista;7,42;10;7,4;6,89;7,4;9,5;5;7,7;7,47;5;7;-1;2023;7,81;Ativo
RA-1217;6;L;Aluno-1217;17;Feminino;2023;Pública;Ágata;6,06;0;7,9;5,63;5,9;7;4;6,7;7,38;5;7;-1;2023;7,66;Ativo
RA-92;6;L;Aluno-92;17;Feminino;2016;Privada;Ametista;7,38;9,6;9,4;5,63;6,7;8,7;4,8;6,7;7,04;5;7;-1;2023;7,19;Ativo
RA-96;6;L;Aluno-96;17;Masculino;2021;Privada;Ametista;7,61;9,6;8,9;7,52;6,4;6,8;4,8;7,7;7,84;5;7;-1;2023;7,66;Ativo
RA-1218;6;L;Aluno-1218;17;Masculino;2023;Pública;Ágata;6,83;7,5;9,2;5;5,3;6,7;3,5;5,7;7,13;5;7;-1;2023;7,5;Ativo
RA-1219;6;L;Aluno-1219;16;Feminino;2023;Pública;Ametista;7,22;8,8;6,5;5,63;6,3;7,2;5,5;6,3;7,38;10;6;0;2023;7,34;Ativo
RA-1220;6;L;Aluno-1220;17;Feminino;2023;Pública;Ágata;6,47;0;9;5;6,8;8,8;5,3;6,3;7,63;5;7;-1;2023;7,81;Ativo
RA-84;6;L;Aluno-84;18;Feminino;2018;Privada;Ágata;6,03;0;8,8;2,52;6;6,8;5,8;5,5;7,67;5;8;-2;2023;7,81;Ativo
RA-99;6;L;Aluno-99;17;Masculino;2019;Pública;Ágata;6,68;7,9;8,3;5,63;4,5;4,7;4;4,8;7,42;5;7;-1;2023;7,81;Ativo
RA-87;6;L;Aluno-87;16;Masculino;2021;Privada;Topázio;8,66;7,5;10;5,63;9,3;9,5;8,7;9,7;8,38;10;6;0;2023;8,12;Ativo
RA-89;6;L;Aluno-89;17;Masculino;2021;Pública;Ágata;6,7;8,3;8,1;5;5,1;6,3;2,3;6,7;7,46;5;7;-1;2023;7,34;Ativo
RA-1221;7;A;Aluno-1221;22;Feminino;2023;Outros;Topázio;8,03;9,2;9,1;6,26;8,7;8,2;8;10;8,09;5;8;-1;2023;8;Ativo
RA-27;7;A;Aluno-27;17;Masculino;2016;Privada;Ametista;7,92;6,7;7,7;6,89;6,9;7;5,8;8;8,88;10;7;0;2023;8,62;Ativo
RA-1222;7;A;Aluno-1222;19;Feminino;2023;Outros;Ametista;7,03;7,1;10;5,63;6,8;5;6,5;9;6;5;8;-1;2023;6,88;Ativo
RA-32;7;A;Aluno-32;17;Feminino;2018;Privada;Ágata;6,72;0;8,2;3,77;7,9;9;5,8;9;6,88;10;7;0;2023;7,38;Ativo
RA-19;7;A;Aluno-19;19;Feminino;2022;Outros;Ametista;7,71;7,9;9,4;5,63;7,8;7,7;7;8,8;8,17;5;8;-1;2023;7,75;Ativo
RA-62;7;A;Aluno-62;17;Feminino;2022;Pública;Ametista;7,61;0;9,8;6,89;7,5;9,3;6,8;6,3;8,22;10;7;0;2023;8,25;Ativo
RA-1223;7;A;Aluno-1223;17;Masculino;2023;Pública;Topázio;8,19;8,8;9,3;5;9;9,5;8,3;9,3;7,29;10;7;0;2023;6,88;Ativo
RA-38;7;A;Aluno-38;17;Feminino;2017;Privada;Topázio;8,84;9,6;9,7;7,52;7,7;8,2;8,8;6;8,88;10;7;0;2023;8,75;Ativo
RA-1224;7;A;Aluno-1224;20;Masculino;2023;Outros;Ametista;7,55;8,3;9,4;5;8;8,2;6,3;9,5;7,63;5;8;-1;2023;7,12;Ativo
RA-39;7;A;Aluno-39;17;Feminino;2017;Privada;Topázio;8,71;9,6;9,1;7,52;7,8;8,3;7,8;7,2;8,76;10;7;0;2023;8,75;Ativo
RA-1275;0;A;Aluno-1275;8;Masculino;2024;Pública;Ametista;7,61;10;8,67;6,26;8;10;6;;5,45;10;0;0;2024;5,62;Cursando
RA-1276;0;A;Aluno-1276;8;Feminino;2024;Pública;Topázio;8;10;9,33;3,76;8;10;6;;7,05;10;0;0;2024;7,5;Cursando
RA-1277;0;A;Aluno-1277;8;Masculino;2024;Pública;Ametista;7,95;10;9,08;3,76;8;10;6;;7,05;10;0;0;2024;7,5;Cursando
RA-868;0;A;Aluno-868;8;Masculino;2023;Pública;Ametista;7,16;8;9,75;3,76;7;8;6;;7,21;5;1;-1;2024;6,88;Cursando
RA-1278;0;A;Aluno-1278;9;Masculino;2024;Pública;Quartzo;5,44;9;4,17;3,76;7,5;8;7;;4,17;5;1;-1;2024;5;Cursando
RA-1279;0;B;Aluno-1279;9;Feminino;2024;Pública;Topázio;8,08;10;10;6,26;8,25;9;7,5;;7,78;5;1;-1;2024;7,5;Cursando
RA-861;0;B;Aluno-861;9;Feminino;2023;Pública;Topázio;8,96;9,5;10;7,51;10;10;10;;9,73;5;1;-1;2024;8,12;Cursando
RA-862;0;B;Aluno-862;10;Masculino;2023;Pública;Ametista;7,35;9;8,61;7,51;7,5;10;5;;6,27;5;2;-2;2024;7,19;Cursando
RA-1280;0;B;Aluno-1280;9;Masculino;2024;Pública;Topázio;8,15;10;9,55;6,26;8,5;10;7;;8,34;5;1;-1;2024;7,5;Cursando
RA-1281;0;B;Aluno-1281;9;Feminino;2024;Pública;Ametista;7,98;7,92;9,55;6,26;9,25;10;8,5;;7,78;5;1;-1;2024;7,5;Cursando
RA-895;0;B;Aluno-895;9;Feminino;2023;Pública;Topázio;8,26;9,5;9,55;6,26;9,5;10;9;;8,11;5;1;-1;2024;7,5;Cursando
RA-884;0;B;Aluno-884;8;Feminino;2023;Pública;Topázio;8,03;10;8,82;6,26;8,75;10;7,5;;8,22;5;1;-1;2024;7,5;Cursando
RA-1282;0;B;Aluno-1282;9;Feminino;2024;Pública;Ametista;7,88;9,5;8,11;6,26;9,25;10;8,5;;7,89;5;1;-1;2024;7,5;Cursando
RA-889;0;B;Aluno-889;9;Masculino;2023;Pública;Topázio;8,19;8,5;9,3;6,26;9,75;10;9,5;;8,28;5;1;-1;2024;7,5;Cursando
RA-867;0;B;Aluno-867;9;Masculino;2023;Pública;Ametista;7,58;9;7,41;7,51;8,5;10;7;;7,5;5;1;-1;2024;7,5;Cursando
RA-1283;0;B;Aluno-1283;10;Masculino;2024;Pública;Topázio;8,3;10;9,23;7,51;9;10;8;;8,28;5;2;-2;2024;7,5;Cursando
RA-891;0;B;Aluno-891;10;Feminino;2023;Pública;Topázio;8,04;10;9,05;6,26;8,75;10;7,5;;8;5;1;-1;2024;7,5;Cursando
RA-1284;0;C;Aluno-1284;8;Feminino;2024;Pública;Topázio;8,38;9;9,35;2,51;10;10;10;;7,89;10;0;0;2024;7,81;Cursando
RA-1012;0;C;Aluno-1012;9;Feminino;2023;Pública;Topázio;8,06;9,5;9,52;2,51;9,75;10;9,5;;8,44;5;1;-1;2024;8,12;Cursando
RA-1285;0;C;Aluno-1285;7;Feminino;2024;Pública;Topázio;8,16;10;8,83;2,51;8;8;8;;8,95;10;0;0;2024;7,5;Cursando
RA-1286;0;C;Aluno-1286;7;Masculino;2024;Pública;Quartzo;5,91;8;5,05;2,51;7;8;6;;4,61;10;0;0;2024;5,31;Cursando
RA-1287;0;C;Aluno-1287;8;Feminino;2024;Pública;Ametista;7,62;10;9,31;2,51;7,75;8;7,5;;8,22;5;1;-1;2024;8,12;Cursando
RA-1288;0;C;Aluno-1288;7;Feminino;2024;Pública;Ametista;7,92;9;7,98;2,51;10;10;10;;7,27;10;0;0;2024;7,19;Cursando
RA-1289;0;D;Aluno-1289;10;Feminino;2024;Pública;Ametista;7,22;7;9,44;7,51;7,75;9;6,5;;6,17;5;1;-1;2024;5,94;Cursando
RA-1290;0;D;Aluno-1290;9;Masculino;2024;Pública;Topázio;8,41;10;10;7,51;8,75;10;7,5;;8,28;5;1;-1;2024;7,5;Cursando
RA-1291;0;D;Aluno-1291;9;Masculino;2024;Pública;Topázio;8,08;9,5;9,5;7,51;8,25;10;6,5;;7,89;5;1;-1;2024;7,5;Cursando
RA-885;0;D;Aluno-885;9;Masculino;2023;Pública;Topázio;8,21;8,5;10;7,51;8,5;10;7;;8,28;5;1;-1;2024;7,5;Cursando
RA-1292;0;D;Aluno-1292;9;Feminino;2024;Pública;Ágata;6,9;7,5;4,77;7,51;8,25;10;6,5;;7,89;5;1;-1;2024;7,19;Cursando
RA-1293;0;D;Aluno-1293;9;Feminino;2024;Pública;Topázio;8,01;8;9,49;7,51;8,5;8,5;8,5;;8,34;5;1;-1;2024;6,88;Cursando
RA-888;0;D;Aluno-888;8;Masculino;2023;Pública;Topázio;8,19;9;10;6,88;8,5;9;8;;8,28;5;1;-1;2024;7,5;Cursando
RA-1294;0;D;Aluno-1294;10;Masculino;2024;Pública;Ametista;7,95;9,5;10;7,51;7,75;9;6,5;;7,55;5;2;-2;2024;6,88;Cursando
RA-1009;0;E;Aluno-1009;9;Masculino;2023;Pública;Ágata;6,4;8;6,89;2,51;7,5;10;5;;6,55;5;1;-1;2024;6,56;Cursando
RA-1013;0;E;Aluno-1013;8;Masculino;2023;Pública;Quartzo;5,78;9;5,69;2,51;7,75;8;7,5;;4,72;5;1;-1;2024;5;Cursando
RA-1295;0;E;Aluno-1295;8;Feminino;2024;Pública;Topázio;8,06;10;9,52;2,51;7,5;7;8;;8,28;10;0;0;2024;7,5;Cursando
RA-1296;0;E;Aluno-1296;9;Feminino;2024;Pública;Ametista;7,06;9;8,44;2,51;6,5;7,5;5,5;;8,34;5;1;-1;2024;7,5;Cursando
RA-863;0;E;Aluno-863;8;Masculino;2023;Pública;Quartzo;4,67;8,5;3,16;2,51;5,5;10;1;;4,33;5;1;-1;2024;4,69;Cursando
RA-1297;0;E;Aluno-1297;8;Masculino;2024;Pública;Ametista;7,62;9,5;9,76;2,51;9,25;10;8,5;;6,83;5;1;-1;2024;7,5;Cursando
RA-1014;0;E;Aluno-1014;8;Feminino;2023;Pública;Ágata;6,32;8,5;7,89;2,51;5,25;6,5;4;;7;5;1;-1;2024;6,88;Cursando
RA-880;0;E;Aluno-880;8;Feminino;2023;Pública;Ágata;6,85;9,5;8,45;2,51;6,5;7,5;5,5;;7,22;5;1;-1;2024;7,19;Cursando
RA-886;0;E;Aluno-886;8;Feminino;2023;Pública;Topázio;8,42;9,5;10;8,13;8,75;9;8,5;;8,28;5;1;-1;2024;7,5;Cursando
RA-1298;0;E;Aluno-1298;8;Masculino;2024;Pública;Ametista;7,58;9,5;6,64;7,51;6,75;7;6,5;;7,39;10;0;0;2024;7,19;Cursando
RA-1299;0;E;Aluno-1299;10;Masculino;2024;Pública;Ametista;7,07;8,5;7,64;7,51;6,5;7;6;;7,11;5;2;-2;2024;7,19;Cursando
RA-904;0;F;Aluno-904;8;Feminino;2023;Pública;Ametista;7,64;9,5;8,75;7,51;6;6;6;;8,67;5;1;-1;2024;7,5;Cursando
RA-1300;0;F;Aluno-1300;8;Feminino;2024;Pública;Ametista;7,62;8,5;8,75;2,51;9;10;8;;8,61;5;1;-1;2024;7,5;Cursando
RA-1301;0;F;Aluno-1301;8;Masculino;2024;Pública;Quartzo;5,63;9,5;2,92;2,51;7;10;4;;6;5;1;-1;2024;7,5;Cursando
RA-1302;0;F;Aluno-1302;8;Masculino;2024;Pública;Quartzo;5,76;10;5,42;2,51;4;4;4;;5;10;0;0;2024;6,25;Cursando
RA-1303;0;F;Aluno-1303;8;Feminino;2024;Pública;Topázio;8,84;10;10;2,51;10;10;10;;9,17;10;0;0;2024;7,5;Cursando
RA-1304;0;G;Aluno-1304;10;Feminino;2024;Pública;Ametista;7,09;9;7,96;8,14;6;6;6;;6,49;5;2;-2;2024;7,81;Cursando
RA-1305;0;G;Aluno-1305;10;Feminino;2024;Pública;Ágata;6,69;8,5;8,71;2,51;4,75;2;7,5;;8,05;5;1;-1;2024;7,81;Cursando
RA-1306;0;G;Aluno-1306;8;Feminino;2024;Pública;Topázio;8,5;9;10;8,14;9,75;10;9,5;;7,95;5;1;-1;2024;7,5;Cursando
RA-702;0;G;Aluno-702;10;Feminino;2022;Pública;Ametista;7,67;9;9,75;2,51;9,25;10;8,5;;7,16;5;2;-2;2024;7,81;Cursando
RA-725;0;G;Aluno-725;10;Masculino;2022;Pública;Ametista;7,09;7,5;7,67;7,51;7,25;7;7,5;;6,77;5;1;-1;2024;7,5;Cursando
RA-912;0;G;Aluno-912;10;Feminino;2023;Pública;Ametista;7,7;9;9,47;7,51;7,25;7;7,5;;6,94;5;2;-2;2024;8,12;Cursando
RA-918;0;G;Aluno-918;8;Feminino;2023;Pública;Quartzo;5,66;7,92;8,7;2,51;2,75;1;4,5;;6,16;5;1;-1;2024;5,94;Cursando
RA-920;0;G;Aluno-920;9;Feminino;2023;Pública;Ametista;7,75;9,5;7,67;7,51;8,25;9;7,5;;8,23;5;1;-1;2024;7,19;Cursando
RA-1307;0;H;Aluno-1307;8;Masculino;2024;Pública;Ágata;6,59;10;5,83;6,26;5,5;7;4;;5,38;10;0;0;2024;6,25;Cursando
RA-1308;0;H;Aluno-1308;9;Feminino;2024;Pública;Ágata;6,88;10;7,45;7,51;6;8;4;;5,93;5;1;-1;2024;7,5;Cursando
RA-1309;0;H;Aluno-1309;7;Feminino;2024;Pública;Topázio;8,38;9;9,17;7,51;7,5;8;7;;8,22;10;0;0;2024;7,5;Cursando
RA-1310;0;H;Aluno-1310;7;Feminino;2024;Pública;Topázio;8,39;8,5;9,38;2,51;10;10;10;;8,17;10;0;0;2024;7,81;Cursando
RA-1311;0;H;Aluno-1311;8;Masculino;2024;Pública;Ágata;6,41;9;9,17;2,51;0;0;0;;8,39;10;0;0;2024;7,5;Cursando
RA-1312;0;H;Aluno-1312;9;Masculino;2024;Pública;Ametista;7,51;10;8,33;7,51;6,5;8;5;;8,34;5;1;-1;2024;6,25;Cursando
RA-1313;0;H;Aluno-1313;8;Masculino;2024;Pública;Topázio;8,02;9,5;8,12;7,51;6,25;4;8,5;;8,45;10;0;0;2024;7,5;Cursando
RA-1314;0;H;Aluno-1314;7;Feminino;2024;Pública;Topázio;8,24;7,42;8,54;7,51;9;8;10;;7,44;10;0;0;2024;7,5;Cursando
RA-1315;0;H;Aluno-1315;7;Masculino;2024;Pública;Topázio;8,35;6,83;8,33;7,51;9;10;8;;8,5;10;0;0;2024;7,5;Cursando
RA-921;0;I;Aluno-921;8;Feminino;2023;Pública;Ametista;7,28;8,5;8,66;7,51;6;5;7;;7,5;5;1;-1;2024;7,5;Cursando
RA-1316;0;I;Aluno-1316;9;Feminino;2024;Pública;Ametista;7,59;9;8,21;7,51;7,75;9;6,5;;7,5;5;1;-1;2024;7,5;Cursando
RA-1317;0;I;Aluno-1317;9;Feminino;2024;Pública;Ametista;7,67;7,5;7,07;7,51;10;10;10;;7,5;5;1;-1;2024;7,5;Cursando
RA-897;0;I;Aluno-897;10;Masculino;2023;Pública;Quartzo;5,22;7;2,75;2,51;6;5,5;6,5;;6,66;5;1;-1;2024;6,88;Cursando
RA-908;0;I;Aluno-908;9;Feminino;2023;Pública;Ágata;6,76;8,5;8,14;7,51;4,75;3;6,5;;6,83;5;1;-1;2024;7,19;Cursando
RA-916;0;I;Aluno-916;10;Feminino;2023;Pública;Quartzo;5,51;8,5;7,33;2,51;2,75;3,5;2;;6,16;5;2;-2;2024;6,56;Cursando
RA-924;0;I;Aluno-924;9;Masculino;2023;Pública;Ágata;6,47;7;4,6;7,51;7;7,5;6,5;;7,42;5;1;-1;2024;7,19;Cursando
RA-925;0;I;Aluno-925;8;Masculino;2023;Pública;Ágata;6,59;8;7,01;7,51;4,75;3;6,5;;7,33;5;1;-1;2024;7,19;Cursando
RA-1008;0;I;Aluno-1008;9;Masculino;2023;Pública;Ágata;6,87;7;6,48;7,51;7;6,5;7,5;;7,5;5;1;-1;2024;7,19;Cursando
RA-919;0;I;Aluno-919;10;Masculino;2023;Pública;Quartzo;5,8;7;4,69;6,26;5,25;6,5;4;;6,49;5;2;-2;2024;6,88;Cursando
RA-1318;0;I;Aluno-1318;8;Feminino;2024;Pública;Ágata;6,82;8,5;7,69;7,51;5;4;6;;7,33;5;1;-1;2024;7,19;Cursando
RA-1003;0;J;Aluno-1003;9;Masculino;2023;Pública;Ametista;7,63;8;8,69;7,51;8,25;10;6,5;;7,5;5;1;-1;2024;6,88;Cursando
RA-1004;0;J;Aluno-1004;9;Feminino;2023;Pública;Ametista;7,8;9,5;9,25;7,51;7,5;7,5;7,5;;7,5;5;1;-1;2024;7,5;Cursando
RA-1006;0;J;Aluno-1006;9;Feminino;2023;Pública;Ametista;7,04;8,5;8,44;7,51;5;5;5;;7,5;5;1;-1;2024;7,5;Cursando
RA-1319;0;J;Aluno-1319;9;Masculino;2024;Pública;Ametista;7,2;8,5;5,75;7,51;8,5;10;7;;7,5;5;1;-1;2024;7,5;Cursando
RA-858;0;J;Aluno-858;9;Masculino;2022;Pública;Ágata;6,92;9;6,83;2,51;8,25;10;6,5;;7,5;5;1;-1;2024;7,5;Cursando
RA-905;0;J;Aluno-905;10;Masculino;2023;Pública;Ágata;6,39;9;7,78;7,51;3;2;4;;6,99;5;2;-2;2024;6,88;Cursando
RA-907;0;J;Aluno-907;9;Feminino;2023;Privada;Ametista;7,94;9;8,94;7,51;8,75;10;7,5;;7,5;5;1;-1;2024;7,5;Cursando
RA-1320;0;J;Aluno-1320;10;Masculino;2024;Pública;Ametista;7,88;9;9,17;7,51;8,25;9;7,5;;7,5;5;1;-1;2024;7,5;Cursando
RA-909;0;J;Aluno-909;11;Feminino;2023;Pública;Ametista;7,72;10;8,17;7,51;8,25;10;6,5;;7,5;5;2;-2;2024;6,88;Cursando
RA-729;0;J;Aluno-729;10;Feminino;2022;Pública;Ágata;6,68;8;8,42;2,51;6;6;6;;7,5;5;1;-1;2024;7,5;Cursando
RA-1321;0;K;Aluno-1321;7;Masculino;2024;Pública;Ametista;7,95;9;8,88;6,88;8,75;10;7,5;;5,92;10;0;0;2024;6,56;Cursando
RA-1322;0;K;Aluno-1322;8;Feminino;2024;Pública;Topázio;8,48;9,5;9;7,51;7,5;8,5;6,5;;8,16;10;0;0;2024;8,44;Cursando
RA-1323;0;K;Aluno-1323;9;Masculino;2024;Pública;Ametista;7,49;10;9,08;7,51;7;10;4;;6,66;5;1;-1;2024;6,88;Cursando
RA-1324;0;K;Aluno-1324;9;Masculino;2024;Pública;Topázio;8,33;10;10;7,51;8,5;10;7;;8;5;1;-1;2024;7,81;Cursando
RA-931;0;K;Aluno-931;9;Masculino;2023;Pública;Ametista;7,08;7,92;8,58;2,51;8,5;8;9;;6,83;5;1;-1;2024;7,5;Cursando
RA-1325;0;K;Aluno-1325;8;Masculino;2024;Pública;Topázio;8,98;9;9,52;7,51;10;10;10;;7,92;10;0;0;2024;8,44;Cursando
RA-1326;0;K;Aluno-1326;8;Feminino;2024;Pública;Ametista;7,64;9;9,29;7,51;4,5;0;9;;7,24;10;0;0;2024;7,81;Cursando
RA-1327;0;K;Aluno-1327;7;Feminino;2024;Pública;Topázio;8,26;9;9,33;7,51;7,5;10;5;;7,32;10;0;0;2024;7,81;Cursando
RA-1328;0;K;Aluno-1328;8;Feminino;2024;Pública;Topázio;8,06;8,5;8,21;7,51;10;10;10;;7,83;5;1;-1;2024;7,5;Cursando
RA-1329;0;K;Aluno-1329;8;Masculino;2024;Pública;Ametista;7,99;9,5;10;7,51;6,5;10;3;;6,66;10;0;0;2024;6,56;Cursando
RA-1330;0;K;Aluno-1330;8;Feminino;2024;Pública;Topázio;8,94;10;9,33;7,51;9,5;10;9;;7,92;10;0;0;2024;8,44;Cursando
RA-1331;0;K;Aluno-1331;7;Feminino;2024;Pública;Ametista;7,85;9;7,29;7,51;7,25;8;6,5;;7,24;10;0;0;2024;8,44;Cursando
RA-944;0;L;Aluno-944;10;Feminino;2023;Pública;Ametista;7,83;9;7,25;7,51;9;10;8;;7,75;5;2;-2;2024;8,75;Cursando
RA-1332;0;L;Aluno-1332;10;Masculino;2024;Pública;Topázio;8,1;8,5;9,41;7,51;8,25;10;6,5;;7,66;5;2;-2;2024;9,38;Cursando
RA-754;0;L;Aluno-754;11;Masculino;2022;Pública;Quartzo;5,61;8,5;6,25;5,62;6,25;6;6,5;;4,75;5;2;-2;2024;2,5;Cursando
RA-1333;0;L;Aluno-1333;9;Masculino;2024;Pública;Topázio;8,21;7,5;10;6,26;9,25;10;8,5;;7,75;5;1;-1;2024;9,38;Cursando
RA-934;0;L;Aluno-934;9;Feminino;2023;Pública;Topázio;8,34;9,5;9,75;7,51;8,5;10;7;;7,75;5;1;-1;2024;9,38;Cursando
RA-1334;0;L;Aluno-1334;9;Masculino;2024;Pública;Topázio;8,35;10;10;5,62;9;10;8;;7,75;5;1;-1;2024;9,38;Cursando
RA-941;0;L;Aluno-941;9;Feminino;2023;Pública;Ametista;7,75;8;9,25;5,01;8,75;10;7,5;;7,66;5;1;-1;2024;8,12;Cursando
RA-756;0;L;Aluno-756;11;Masculino;2022;Pública;Ametista;7,36;10;8,75;7,51;5,5;10;1;;7,24;5;2;-2;2024;8,12;Cursando
RA-1335;0;L;Aluno-1335;10;Masculino;2024;Pública;Topázio;8,32;9;9,75;7,51;8,75;10;7,5;;7,66;5;2;-2;2024;9,38;Cursando
RA-773;0;L;Aluno-773;10;Feminino;2022;Pública;Ágata;6,57;10;8,75;2,51;5;8;2;;6,58;5;2;-2;2024;7,5;Cursando
RA-938;0;L;Aluno-938;10;Masculino;2023;Pública;Topázio;8,01;9,5;9,54;7,51;7,75;10;5,5;;7,66;5;1;-1;2024;8,12;Cursando
RA-1336;0;M;Aluno-1336;8;Feminino;2024;Pública;Ametista;7,14;9,5;6,2;2,51;9,5;10;9;;7,75;5;1;-1;2024;7,5;Cursando
RA-1337;0;M;Aluno-1337;10;Masculino;2024;Pública;Ágata;6,02;8;4,72;7,51;6;6;6;;5,66;5;2;-2;2024;6,88;Cursando
RA-1338;0;M;Aluno-1338;8;Masculino;2024;Pública;Ágata;6,14;8;8,66;7,51;3;2;4;;5,33;5;1;-1;2024;6,88;Cursando
RA-1339;0;M;Aluno-1339;8;Feminino;2024;Pública;Ametista;7,35;8,5;10;6,88;8,75;10;7,5;;5,33;5;1;-1;2024;5;Cursando
RA-1340;0;M;Aluno-1340;8;Feminino;2024;Pública;Topázio;8,34;9,5;8,39;7,51;10;10;10;;7;10;0;0;2024;5,62;Cursando
RA-1341;0;M;Aluno-1341;9;Masculino;2024;Pública;Ametista;7,86;10;9,25;7,51;10;10;10;;6;5;1;-1;2024;5,62;Cursando
RA-947;0;M;Aluno-947;9;Masculino;2023;Pública;Ágata;6,05;9;7,62;7,51;4,5;4;5;;4,58;5;1;-1;2024;5,62;Cursando
RA-1342;0;M;Aluno-1342;8;Masculino;2024;Pública;Ametista;7,82;9,5;9,76;7,51;9;10;8;;5,58;5;1;-1;2024;7,5;Cursando
RA-1343;0;M;Aluno-1343;7;Feminino;2024;Pública;Topázio;8,83;8;10;7,51;9,75;10;9,5;;8,5;10;0;0;2024;6,25;Cursando
RA-1344;0;N;Aluno-1344;8;Feminino;2024;Pública;Topázio;9,36;8,5;10;7,51;10;10;10;;9,43;10;0;0;2024;8,75;Cursando
RA-945;0;N;Aluno-945;9;Masculino;2023;Pública;Ametista;7,42;9;9,51;2,51;8,75;10;7,5;;6,83;5;1;-1;2024;7,5;Cursando
RA-946;0;N;Aluno-946;8;Masculino;2023;Pública;Ágata;6,68;9,5;8,8;2,51;4,5;3;6;;7,84;5;1;-1;2024;7,5;Cursando
RA-1345;0;N;Aluno-1345;9;Masculino;2023;Pública;Ametista;7,23;8,5;9,46;7,51;6,25;6;6,5;;6,83;5;1;-1;2024;6,25;Cursando
RA-771;0;N;Aluno-771;9;Feminino;2022;Pública;Ágata;6,07;8,5;6,62;3,14;6,5;6,5;6,5;;6,08;5;1;-1;2024;5,62;Cursando
RA-1346;0;N;Aluno-1346;8;Masculino;2024;Pública;Ametista;7,37;9,5;8,06;7,51;5,5;5;6;;6,66;10;0;0;2024;6,25;Cursando
RA-1347;0;N;Aluno-1347;9;Masculino;2024;Pública;Ágata;6,15;8,5;8,79;2,51;5;5;5;;6,16;5;1;-1;2024;5,62;Cursando
RA-949;0;N;Aluno-949;9;Feminino;2023;Pública;Ametista;7,13;9;8,79;7,51;6,5;6;7;;6,5;5;1;-1;2024;6,25;Cursando
RA-950;0;N;Aluno-950;9;Feminino;2023;Pública;Ametista;7,69;9,5;9,02;7,51;7;7,5;6,5;;8;5;1;-1;2024;6,88;Cursando
RA-951;0;N;Aluno-951;8;Feminino;2023;Privada;Ágata;6,45;10;9,04;2,51;4;5;3;;7,32;5;1;-1;2024;6,25;Cursando
RA-1002;0;N;Aluno-1002;10;Feminino;2023;Pública;Ametista;7,97;9;7,83;7,51;9,25;10;8,5;;8,25;5;1;-1;2024;7,5;Cursando
RA-774;0;N;Aluno-774;10;Feminino;2022;Pública;Quartzo;5,69;10;6,39;2,51;3,75;2;5,5;;6,4;5;1;-1;2024;6,25;Cursando
RA-749;0;O;Aluno-749;10;Masculino;2022;Pública;Topázio;8,34;9,5;9,74;8,13;8,75;10;7,5;;7,66;5;2;-2;2024;8,44;Cursando
RA-929;0;O;Aluno-929;9;Feminino;2023;Pública;Ametista;7,72;9;9,47;7,51;6,75;7;6,5;;7,58;5;1;-1;2024;8,12;Cursando
RA-930;0;O;Aluno-930;9;Masculino;2023;Pública;Ametista;7,93;8,5;9,74;7,51;8;8;8;;7,5;5;1;-1;2024;7,81;Cursando
RA-787;0;O;Aluno-787;10;Masculino;2022;Pública;Ametista;7,73;9;9,75;7,51;7,25;10;4,5;;7,32;5;1;-1;2024;7,19;Cursando
RA-1348;0;O;Aluno-1348;8;Masculino;2024;Pública;Ametista;7,96;7,5;8,59;7,51;9;10;8;;7,83;5;1;-1;2024;8,75;Cursando
RA-935;0;O;Aluno-935;10;Masculino;2023;Pública;Topázio;8,34;9,5;10;7,51;8,5;10;7;;7,83;5;1;-1;2024;8,75;Cursando
RA-1349;0;O;Aluno-1349;10;Masculino;2024;Pública;Ametista;7,86;8;8,39;7,51;8,5;10;7;;7,92;5;1;-1;2024;8,44;Cursando
RA-937;0;O;Aluno-937;9;Feminino;2023;Pública;Topázio;8,38;10;10;9,38;7,5;8;7;;7,83;5;1;-1;2024;8,75;Cursando
RA-1350;0;O;Aluno-1350;10;Feminino;2024;Pública;Topázio;8,34;8,5;10;8,76;8,5;10;7;;7,83;5;2;-2;2024;8,44;Cursando
RA-1351;0;O;Aluno-1351;9;Masculino;2024;Pública;Topázio;8,19;9;9,23;8,13;8,75;10;7,5;;7,66;5;1;-1;2024;8,44;Cursando
RA-959;0;O;Aluno-959;9;Masculino;2023;Pública;Topázio;8,38;10;9,74;7,51;9,5;10;9;;7,5;5;1;-1;2024;7,81;Cursando
RA-1352;0;O;Aluno-1352;9;Masculino;2024;Pública;Topázio;8,29;10;9,5;8,13;8,5;8;9;;7,66;5;1;-1;2024;8,44;Cursando
RA-1353;0;Q;Aluno-1353;10;Feminino;2024;Pública;Ágata;6,45;8;9,5;7,51;3;3,5;2,5;;6,08;5;1;-1;2024;6,88;Cursando
RA-1354;0;Q;Aluno-1354;10;Feminino;2024;Pública;Ametista;7,35;9,5;8,36;7,51;6;6,5;5,5;;7,34;5;1;-1;2024;8,12;Cursando
RA-979;0;Q;Aluno-979;9;Masculino;2023;Pública;Topázio;8,04;9,5;9,52;7,51;8,25;9,5;7;;7,34;5;1;-1;2024;8,12;Cursando
RA-1355;0;Q;Aluno-1355;10;Masculino;2024;Pública;Ametista;7,2;10;6,52;7,51;7;8;6;;7,17;5;1;-1;2024;8,12;Cursando
RA-971;0;Q;Aluno-971;9;Masculino;2023;Pública;Ágata;6,89;7,42;7,91;7,51;6,75;8,5;5;;6,08;5;1;-1;2024;7,5;Cursando
RA-972;0;Q;Aluno-972;9;Masculino;2023;Pública;Ametista;7,54;9,5;8,39;7,51;6,75;8;5,5;;7,17;5;1;-1;2024;8,75;Cursando
RA-965;0;Q;Aluno-965;10;Feminino;2023;Pública;Ágata;6,14;9;6,48;7,51;2,25;2;2,5;;6,83;5;2;-2;2024;8,75;Cursando
RA-973;0;Q;Aluno-973;10;Masculino;2023;Pública;Ágata;6,93;10;9,32;7,51;3,75;6,5;1;;6,58;5;2;-2;2024;7,5;Cursando
RA-1356;0;Q;Aluno-1356;8;Feminino;2024;Pública;Ametista;7,87;9;9,44;7,51;5,5;5,5;5,5;;7,08;10;0;0;2024;8,12;Cursando
RA-966;0;Q;Aluno-966;10;Masculino;2023;Pública;Ametista;7,99;9,5;8,57;7,51;9;9,5;8,5;;7,34;5;2;-2;2024;8,12;Cursando
RA-1357;0;Q;Aluno-1357;9;Masculino;2024;Pública;Ametista;7,18;8;7,5;7,51;6,75;8;5,5;;7,34;5;1;-1;2024;8,12;Cursando
RA-969;0;Q;Aluno-969;9;Masculino;2023;Pública;Ametista;7,45;9;7,86;7,51;7,25;9;5,5;;7,34;5;1;-1;2024;8,12;Cursando
RA-1358;0;R;Aluno-1358;7;Feminino;2024;Pública;Ágata;6,55;9,17;7,38;5,01;4;4;4;;6,17;10;0;0;2024;6,25;Cursando
RA-1359;0;R;Aluno-1359;7;Feminino;2024;Pública;Ametista;7,21;8,5;9;5,64;6;4;8;;6,17;10;0;0;2024;5,62;Cursando
RA-1360;0;R;Aluno-1360;8;Masculino;2024;Pública;Ágata;6,85;8,5;7;7,51;5;0;10;;6,42;10;0;0;2024;5,62;Cursando
RA-1361;0;R;Aluno-1361;8;Feminino;2024;Pública;Topázio;8,74;9,5;9,38;5,64;10;10;10;;8;10;0;0;2024;7,5;Cursando
RA-975;0;R;Aluno-975;8;Feminino;2023;Pública;Ametista;7,15;8,5;7,71;5,01;8;8;8;;7,33;5;1;-1;2024;6,88;Cursando
RA-1362;0;R;Aluno-1362;7;Masculino;2024;Pública;Ametista;7,71;10;6,88;5,64;8,5;8;9;;6,92;10;0;0;2024;6,88;Cursando
RA-977;0;R;Aluno-977;8;Feminino;2023;Pública;Ametista;7,19;10;7,29;6,26;7;5;9;;7,58;5;1;-1;2024;6,88;Cursando
RA-1363;0;S;Aluno-1363;7;Feminino;2024;Pública;Ametista;7,69;7,42;10;5,64;6,5;6,5;6,5;;6,99;10;0;0;2024;6,88;Cursando
RA-981;0;S;Aluno-981;8;Feminino;2023;Pública;Ágata;6,65;9;7,01;6,26;6;6;6;;6,99;5;1;-1;2024;6,25;Cursando
RA-1364;0;S;Aluno-1364;9;Masculino;2024;Pública;Ametista;7,57;8;8,42;7,51;8,75;9,5;8;;6,99;5;1;-1;2024;6,88;Cursando
RA-1365;0;S;Aluno-1365;9;Masculino;2024;Pública;Ametista;7,37;9;9,79;6,26;6,5;5,5;7,5;;6,99;5;1;-1;2024;6,88;Cursando
RA-1366;0;S;Aluno-1366;8;Feminino;2024;Pública;Ágata;6,92;9;6,6;7,51;6,5;6,5;6,5;;6,99;5;1;-1;2024;7,5;Cursando
RA-974;0;S;Aluno-974;8;Masculino;2023;Pública;Ametista;7,61;9,5;9,28;7,51;6,5;6;7;;7,5;5;1;-1;2024;7,5;Cursando
RA-1367;0;S;Aluno-1367;8;Feminino;2024;Pública;Topázio;8,43;10;8,38;7,51;8,75;9;8,5;;7,5;10;0;0;2024;7,5;Cursando
RA-1368;0;S;Aluno-1368;8;Masculino;2024;Pública;Topázio;8,6;7;10;7,51;9,5;10;9;;7,5;10;0;0;2024;7,5;Cursando
RA-1369;0;S;Aluno-1369;7;Feminino;2024;Pública;Topázio;8,05;8,5;8,63;6,26;8;8;8;;7,5;10;0;0;2024;7,5;Cursando
RA-978;0;S;Aluno-978;8;Feminino;2023;Pública;Ametista;7,46;9,5;9,5;6,26;6,5;6;7;;7,5;5;1;-1;2024;6,88;Cursando
RA-1370;0;S;Aluno-1370;9;Masculino;2024;Pública;Topázio;8,05;10;8,72;7,51;9;10;8;;7,5;5;1;-1;2024;7,5;Cursando
RA-1371;0;S;Aluno-1371;11;Feminino;2024;Pública;Ágata;6,48;7,5;6,98;7,51;4,5;3;6;;7,5;5;1;-1;2024;6,88;Cursando
RA-1372;0;T;Aluno-1372;8;Feminino;2024;Pública;Ametista;7,96;9,5;10;8,13;4,75;3;6,5;;7,5;10;0;0;2024;7,5;Cursando
RA-1373;0;T;Aluno-1373;9;Feminino;2024;Pública;Ametista;7,58;9,5;8,88;7,51;6,75;6;7,5;;7,5;5;1;-1;2024;7,5;Cursando
RA-1374;0;T;Aluno-1374;9;Masculino;2024;Pública;Ametista;7,37;9,5;9,35;7,51;5,25;5;5,5;;7,5;5;1;-1;2024;7,5;Cursando
RA-1375;0;T;Aluno-1375;9;Masculino;2024;Pública;Topázio;8,1;9,5;10;7,51;8,25;10;6,5;;7,5;5;1;-1;2024;7,5;Cursando
RA-1376;0;T;Aluno-1376;9;Masculino;2024;Pública;Topázio;8,27;9;9,62;7,51;9,75;10;9,5;;7,5;5;1;-1;2024;7,5;Cursando
RA-994;0;T;Aluno-994;9;Feminino;2023;Pública;Ametista;7,8;9;9,53;6,88;8,25;10;6,5;;7,33;5;1;-1;2024;6,88;Cursando
RA-1377;0;T;Aluno-1377;8;Masculino;2024;Pública;Ametista;7,9;9;10;8,13;5,5;5;6;;6,99;10;0;0;2024;6,88;Cursando
RA-1378;0;U;Aluno-1378;10;Feminino;2024;Pública;Ametista;7,67;9;9,29;8,13;6,75;7,5;6;;7,5;5;1;-1;2024;7,5;Cursando
RA-1379;0;U;Aluno-1379;8;Masculino;2024;Pública;Ágata;6,64;9,5;8,68;3,76;7,25;8,5;6;;5,16;5;1;-1;2024;5,94;Cursando
RA-1380;0;U;Aluno-1380;8;Masculino;2024;Pública;Ametista;7,96;9,5;8,78;4,38;8;10;6;;7,5;10;0;0;2024;7,19;Cursando
RA-770;0;U;Aluno-770;9;Masculino;2022;Pública;Ametista;7,31;10;9,02;7,51;5;4;6;;7,5;5;1;-1;2024;7,5;Cursando
RA-1381;0;U;Aluno-1381;8;Feminino;2024;Pública;Topázio;9,04;9,5;10;8,13;9,5;10;9;;7,5;10;0;0;2024;8,75;Cursando
RA-1382;0;U;Aluno-1382;9;Feminino;2024;Pública;Ametista;7,83;8,5;9,76;7,51;7,5;8;7;;7,5;5;1;-1;2024;7,81;Cursando
RA-1383;0;U;Aluno-1383;8;Feminino;2024;Pública;Topázio;8,37;8,5;9,26;7,51;8,5;10;7;;7,5;10;0;0;2024;7,19;Cursando
RA-1384;0;U;Aluno-1384;10;Masculino;2024;Pública;Ágata;6,22;8;7,57;7,51;5;5;5;;5,16;5;2;-2;2024;6,25;Cursando
RA-1385;0;U;Aluno-1385;8;Masculino;2024;Pública;Ametista;7,73;10;10;4,38;8;9;7;;7,5;5;1;-1;2024;6,88;Cursando
RA-1386;0;U;Aluno-1386;8;Feminino;2024;Pública;Ametista;7,8;9;9,76;7,51;7,25;8,5;6;;7,5;5;1;-1;2024;7,5;Cursando
RA-1387;0;U;Aluno-1387;8;Feminino;2024;Pública;Ametista;7,8;9,5;8,76;7,51;8;9;7;;7,5;5;1;-1;2024;7,5;Cursando
RA-1388;0;Y;Aluno-1388;8;Feminino;2024;Pública;Ametista;7,02;9;8,21;6,88;5;4;6;;7,67;5;1;-1;2024;7,5;Cursando
RA-1389;0;Y;Aluno-1389;7;Feminino;2024;Pública;Topázio;8,98;9;9,79;6,88;10;10;10;;8,42;10;0;0;2024;7,5;Cursando
RA-1390;0;Y;Aluno-1390;7;Feminino;2024;Pública;Topázio;8,49;9,5;9,79;5;8,25;8;8,5;;8,42;10;0;0;2024;7,5;Cursando
RA-1391;0;Y;Aluno-1391;7;Masculino;2024;Pública;Topázio;8,84;8,5;9,29;7,51;10;10;10;;8,17;10;0;0;2024;7,5;Cursando
RA-1392;0;Y;Aluno-1392;9;Masculino;2024;Pública;Quartzo;5,43;9;5,62;7,51;0;0;0;;7;5;1;-1;2024;7,5;Cursando
RA-1393;0;Y;Aluno-1393;7;Feminino;2024;Pública;Ametista;7,26;9,5;7,5;3,76;5;10;0;;8,42;10;0;0;2024;7,5;Cursando
RA-990;1;A;Aluno-990;10;Masculino;2023;Pública;Ametista;7,81;9,5;7,5;7,51;8;9,5;6,5;;8,34;5;2;-1;2024;8,44;Cursando
RA-1394;1;A;Aluno-1394;10;Feminino;2024;Pública;Ametista;7,5;9,5;8,69;7,51;5,75;5,5;6;;8;5;2;-1;2024;8,12;Cursando
RA-991;1;A;Aluno-991;10;Feminino;2023;Pública;Ametista;7,06;9;8,18;6,26;6,5;7;6;;6,72;5;2;-1;2024;7,5;Cursando
RA-1018;1;A;Aluno-1018;10;Masculino;2023;Pública;Ametista;7,71;8,5;7,73;6,26;8,25;8,5;8;;8,45;5;2;-1;2024;8,44;Cursando
RA-1395;1;A;Aluno-1395;9;Feminino;2024;Pública;Topázio;8,6;9,5;10;7,51;7,75;7,5;8;;7,84;10;1;0;2024;7,81;Cursando
RA-1396;1;A;Aluno-1396;11;Feminino;2024;Pública;Ametista;7,85;9,5;10;7,51;6,5;6;7;;7,67;5;2;-1;2024;8,12;Cursando
RA-1025;1;A;Aluno-1025;10;Masculino;2023;Pública;Ametista;7,9;9;7,73;7,51;9;10;8;;7,78;5;2;-1;2024;8,44;Cursando
RA-1019;1;A;Aluno-1019;9;Feminino;2023;Pública;Topázio;8,69;9,5;9,31;6,26;8,75;9,5;8;;8,62;10;1;0;2024;7,81;Cursando
RA-879;1;A;Aluno-879;10;Feminino;2023;Pública;Topázio;8,11;9,5;9,09;6,26;8,5;8;9;;8,67;5;2;-1;2024;7,81;Cursando
RA-1020;1;A;Aluno-1020;10;Feminino;2023;Pública;Topázio;8,95;9;9,77;6,88;9;10;8;;8,84;10;1;0;2024;8,44;Cursando
RA-1021;1;A;Aluno-1021;10;Masculino;2023;Pública;Topázio;8,1;9,5;9,32;7,51;8;9;7;;7,95;5;2;-1;2024;8,44;Cursando
RA-1022;1;A;Aluno-1022;10;Masculino;2023;Pública;Ametista;7,61;9,5;9,32;6,26;6,5;5,5;7,5;;8,12;5;2;-1;2024;7,5;Cursando
RA-1397;1;A;Aluno-1397;10;Feminino;2024;Pública;Ametista;7,83;9;10;6,26;7;7;7;;7,95;5;2;-1;2024;8,12;Cursando
RA-699;1;A;Aluno-699;11;Masculino;2022;Pública;Ágata;6,43;6,33;7,73;6,26;6,5;7;6;;5,83;5;2;-1;2024;6,56;Cursando
RA-1398;1;B;Aluno-1398;11;Feminino;2024;Pública;Ametista;7,99;6,92;9,56;7,51;8;8;8;;8,62;5;2;-1;2024;8,12;Cursando
RA-871;1;B;Aluno-871;10;Masculino;2023;Pública;Ametista;7,29;8,5;9,33;4,38;7,25;6;8,5;;5,78;10;1;0;2024;5,31;Cursando
RA-1399;1;B;Aluno-1399;11;Feminino;2024;Pública;Ametista;7,44;9;9,77;5;6;6;6;;8,17;5;2;-1;2024;7,5;Cursando
RA-873;1;B;Aluno-873;12;Feminino;2023;Pública;Ametista;7,61;8;10;6,88;6,75;7;6,5;;7,77;5;3;-2;2024;7,19;Cursando
RA-898;1;B;Aluno-898;10;Masculino;2023;Pública;Ametista;7,87;6,42;10;7,51;7,5;9;6;;8,62;5;2;-1;2024;7,5;Cursando
RA-750;1;B;Aluno-750;12;Masculino;2021;Pública;Quartzo;4,54;6,25;5,94;4,38;3,75;0,5;7;;3,18;5;3;-2;2024;4,06;Cursando
RA-899;1;B;Aluno-899;9;Masculino;2023;Pública;Topázio;8,43;10;9,1;5,64;8,25;8;8,5;;7,89;10;1;0;2024;8,12;Cursando
RA-878;1;B;Aluno-878;11;Masculino;2023;Pública;Ágata;6,53;9;6,14;4,38;6,75;6;7,5;;7;5;2;-1;2024;7,19;Cursando
RA-893;1;B;Aluno-893;10;Masculino;2023;Pública;Topázio;8,89;9;10;7,51;9,25;10;8,5;;7,89;10;1;0;2024;8,12;Cursando
RA-1024;1;B;Aluno-1024;11;Feminino;2023;Pública;Topázio;8,65;8;10;7,51;10;10;10;;8,78;5;2;-1;2024;8,44;Cursando
RA-900;1;B;Aluno-900;9;Feminino;2023;Pública;Topázio;8,8;9;9,32;8,13;8,5;8;9;;8,56;10;1;0;2024;8,12;Cursando
RA-903;1;B;Aluno-903;9;Feminino;2023;Pública;Topázio;8,08;10;9,77;7,5;5;6;4;;7,95;10;1;0;2024;7,81;Cursando
RA-1400;1;B;Aluno-1400;9;Masculino;2024;Pública;Ametista;7,62;8,42;6,65;7,51;7,25;6,5;8;;7,5;10;1;0;2024;7,5;Cursando
RA-851;1;B;Aluno-851;10;Masculino;2022;Pública;Ágata;6,21;9;7,32;5,63;6;5;7;;5,11;5;2;-1;2024;5,62;Cursando
RA-1028;1;B;Aluno-1028;12;Masculino;2023;Pública;Ametista;7,14;8;7,06;5,63;7,5;6;9;;8,39;5;3;-2;2024;6,88;Cursando
RA-922;1;C;Aluno-922;9;Feminino;2023;Pública;Topázio;8,52;9;9,52;7,51;7,75;7,5;8;;8,17;10;1;0;2024;7,81;Cursando
RA-684;1;C;Aluno-684;9;Masculino;2022;Privada;Ametista;7,77;10;9,09;7,51;4,25;2,5;6;;8;10;1;0;2024;7,5;Cursando
RA-1031;1;C;Aluno-1031;11;Masculino;2023;Pública;Ágata;6,88;9,5;8,64;7,51;6,25;5,5;7;;5,83;5;2;-1;2024;5,31;Cursando
RA-892;1;C;Aluno-892;9;Masculino;2023;Pública;Topázio;8,7;8;10;7,51;8,75;10;7,5;;7,92;10;1;0;2024;8,12;Cursando
RA-1029;1;C;Aluno-1029;10;Feminino;2023;Pública;Ametista;7,8;9;8,8;6,88;8,75;8;9,5;;7,25;5;2;-1;2024;7,5;Cursando
RA-1032;1;C;Aluno-1032;11;Masculino;2023;Pública;Topázio;8,02;8,5;9,75;7,51;8;9;7;;7,92;5;2;-1;2024;7,81;Cursando
RA-894;1;C;Aluno-894;10;Feminino;2023;Pública;Topázio;8,68;10;10;7,51;9,5;9;10;;8,42;5;2;-1;2024;8,44;Cursando
RA-1401;1;C;Aluno-1401;13;Masculino;2024;Pública;Topázio;8,12;6,92;8,89;7,51;10;10;10;;8,09;5;3;-2;2024;7,81;Cursando
RA-896;1;C;Aluno-896;8;Masculino;2023;Pública;Topázio;8,29;8,5;9,77;7,51;6,5;6,5;6,5;;8,09;10;1;0;2024;8,12;Cursando
RA-693;1;C;Aluno-693;9;Feminino;2022;Pública;Topázio;8,91;10;9,52;9,38;8;8;8;;8,42;10;1;0;2024;7,81;Cursando
RA-743;1;C;Aluno-743;11;Feminino;2022;Pública;Ametista;7,66;9;9,27;7,51;7;6,5;7,5;;7,5;5;2;-1;2024;7,5;Cursando
RA-681;1;C;Aluno-681;11;Masculino;2022;Privada;Ágata;6,04;9,5;7,84;6,26;2,5;5;0;;6,66;5;2;-1;2024;5,62;Cursando
RA-1035;1;C;Aluno-1035;10;Masculino;2023;Pública;Ametista;7,83;9,5;9,02;7,51;7;6,5;7,5;;7,92;5;2;-1;2024;8,44;Cursando
RA-850;1;C;Aluno-850;10;Masculino;2022;Pública;Ametista;7,86;10;9,27;6,26;7,75;6;9,5;;7,92;5;2;-1;2024;7,5;Cursando
RA-1402;1;D;Aluno-1402;10;Feminino;2024;Pública;Topázio;8,59;10;9,55;7,51;7,25;7;7,5;;8,17;10;1;0;2024;8,44;Cursando
RA-1403;1;D;Aluno-1403;11;Feminino;2024;Pública;Topázio;8,26;9;9,31;7,51;8,75;7,5;10;;8,26;5;2;-1;2024;8,44;Cursando
RA-1404;1;D;Aluno-1404;9;Feminino;2024;Pública;Topázio;8,4;8,5;9,09;7,51;7,5;6;9;;8,17;10;1;0;2024;8,44;Cursando
RA-923;1;D;Aluno-923;9;Feminino;2023;Pública;Ametista;7,69;8;7,95;7,51;5,5;5;6;;8,17;10;1;0;2024;8,12;Cursando
RA-847;1;D;Aluno-847;11;Masculino;2022;Pública;Quartzo;5,01;9;4,55;5,01;1;0;2;;6,24;5;2;-1;2024;7,5;Cursando
RA-1405;1;D;Aluno-1405;10;Feminino;2024;Pública;Topázio;8,47;8;8,64;7,51;8,75;8;9,5;;8,17;10;1;0;2024;8,12;Cursando
RA-1406;1;D;Aluno-1406;10;Feminino;2024;Pública;Ametista;7,82;8;8,86;7,51;7,5;5,5;9,5;;8,26;5;2;-1;2024;8,44;Cursando
RA-1407;1;D;Aluno-1407;10;Masculino;2024;Pública;Ametista;7,55;10;9,32;7,51;5,75;5,5;6;;7,5;5;2;-1;2024;7,81;Cursando
RA-1408;1;D;Aluno-1408;11;Masculino;2024;Pública;Ametista;7,63;10;8,41;7,51;6,75;5,5;8;;7,5;5;2;-1;2024;8,44;Cursando
RA-1409;1;D;Aluno-1409;10;Masculino;2024;Pública;Ametista;7,86;10;9,09;7,51;7,25;7,5;7;;7,5;5;2;-1;2024;8,44;Cursando
RA-1410;1;E;Aluno-1410;11;Masculino;2024;Pública;Ametista;7,53;9;8,11;7,51;6,25;6,5;6;;8,16;5;2;-1;2024;8,75;Cursando
RA-874;1;E;Aluno-874;10;Masculino;2023;Pública;Ametista;7,02;9,5;4,7;6,26;7,75;6;9,5;;7,92;5;2;-1;2024;8,75;Cursando
RA-1411;1;E;Aluno-1411;11;Masculino;2024;Pública;Ágata;6,89;9;9,5;6,26;2,75;5,5;0;;7,84;5;2;-1;2024;8,44;Cursando
RA-1412;1;E;Aluno-1412;10;Masculino;2024;Pública;Topázio;9,2;10;9,31;7,51;9,75;10;9,5;;8,84;10;1;0;2024;8,75;Cursando
RA-690;1;E;Aluno-690;11;Feminino;2022;Pública;Ametista;7,39;7,92;8,41;7,51;6,25;7,5;5;;7,84;5;2;-1;2024;8,44;Cursando
RA-1413;1;E;Aluno-1413;12;Masculino;2024;Pública;Ametista;7,75;9;8,59;7,51;7,25;7,5;7;;7,92;5;3;-2;2024;8,44;Cursando
RA-1414;1;E;Aluno-1414;10;Feminino;2024;Pública;Topázio;8,84;9,5;9,3;6,88;8,5;10;7;;8,84;10;1;0;2024;8,75;Cursando
RA-995;1;E;Aluno-995;12;Feminino;2023;Pública;Quartzo;5,11;10;5,39;5,64;2;0;4;;4,25;5;3;-2;2024;7,19;Cursando
RA-853;1;G;Aluno-853;10;Feminino;2022;Pública;Ametista;7,99;8,5;9,58;6,26;6,25;6,5;6;;7,55;10;1;0;2024;8,33;Cursando
RA-854;1;G;Aluno-854;9;Feminino;2022;Pública;Ametista;7,83;9,5;10;6,26;7;7;7;;6,33;10;1;0;2024;5,83;Cursando
RA-1415;1;G;Aluno-1415;10;Feminino;2024;Pública;Ametista;7,37;8;9,77;6,26;6,75;6,5;7;;7,06;5;2;-1;2024;7,29;Cursando
RA-842;1;G;Aluno-842;10;Feminino;2022;Pública;Ametista;7,07;8,5;7,55;6,26;7,5;6;9;;7;5;2;-1;2024;6,88;Cursando
RA-700;1;G;Aluno-700;11;Feminino;2022;Pública;Ametista;7,01;8,5;9,56;5,64;5,25;5;5,5;;7;5;2;-1;2024;7,29;Cursando
RA-1416;1;G;Aluno-1416;12;Feminino;2024;Pública;Ametista;7,38;8,5;8,28;7,51;7,75;6,5;9;;6,39;5;2;-1;2024;7,92;Cursando
RA-911;1;G;Aluno-911;12;Masculino;2023;Pública;Quartzo;5,46;8;4,77;7,51;4,5;5;4;;4,73;5;3;-2;2024;6,04;Cursando
RA-859;1;G;Aluno-859;9;Feminino;2022;Pública;Topázio;8,58;8;9,34;7,51;8;8;8;;8,34;10;1;0;2024;8,96;Cursando
RA-860;1;G;Aluno-860;9;Masculino;2022;Pública;Topázio;8,77;9;9,79;7,51;8,5;8;9;;7,95;10;1;0;2024;8,75;Cursando
RA-727;1;G;Aluno-727;10;Masculino;2022;Pública;Topázio;8,45;10;8,48;6,26;8,5;10;7;;8,06;10;1;0;2024;8,12;Cursando
RA-1417;1;G;Aluno-1417;10;Masculino;2024;Pública;Ametista;7,74;9;9,34;7,51;9;10;8;;6,5;5;2;-1;2024;6,25;Cursando
RA-910;1;G;Aluno-910;9;Masculino;2023;Pública;Topázio;8,12;8,5;8,67;7,51;7,5;9;6;;7,44;10;1;0;2024;7,92;Cursando
RA-840;1;G;Aluno-840;10;Masculino;2022;Pública;Topázio;8,59;9,5;9,34;7,51;8;7;9;;7,95;10;1;0;2024;8,33;Cursando
RA-926;1;G;Aluno-926;10;Feminino;2023;Pública;Ametista;7,78;9;9,77;7,51;7;7;7;;7,22;5;2;-1;2024;8,33;Cursando
RA-1418;1;G;Aluno-1418;11;Masculino;2024;Pública;Ametista;7,74;8,5;9,13;7,51;8,25;8,5;8;;6,83;5;2;-1;2024;7,92;Cursando
RA-927;1;G;Aluno-927;10;Feminino;2023;Pública;Ametista;7,99;8;9,32;7,51;6,5;7;6;;7,22;10;1;0;2024;8,33;Cursando
RA-672;1;H;Aluno-672;11;Feminino;2021;Pública;Quartzo;4,21;7,92;3,95;6,26;0;0;0;;4,5;5;2;-1;2024;6,04;Cursando
RA-1043;1;H;Aluno-1043;11;Masculino;2023;Pública;Ametista;7,54;10;7,99;7,51;8,25;8,5;8;;6,55;5;2;-1;2024;7,29;Cursando
RA-738;1;H;Aluno-738;10;Feminino;2022;Pública;Ametista;7,26;10;7,29;6,88;7,25;7,5;7;;7,39;5;2;-1;2024;6,88;Cursando
RA-1419;1;H;Aluno-1419;10;Feminino;2024;Pública;Topázio;8,75;8,5;10;7,51;7,5;6;9;;8,78;10;1;0;2024;8,96;Cursando
RA-704;1;H;Aluno-704;12;Masculino;2022;Pública;Ágata;6,81;7,5;8,65;5,64;6,5;6;7;;6,62;5;2;-1;2024;6,46;Cursando
RA-705;1;H;Aluno-705;12;Masculino;2022;Pública;Quartzo;5,29;9;6,43;5;3,5;2;5;;4,23;5;2;-1;2024;5,62;Cursando
RA-822;1;H;Aluno-822;12;Masculino;2022;Pública;Quartzo;5,26;0;4,62;5,01;6,75;7,5;6;;6,61;5;3;-2;2024;6,67;Cursando
RA-740;1;H;Aluno-740;11;Feminino;2022;Privada;Topázio;8,16;9;9,56;7,51;8;8;8;;8,22;5;2;-1;2024;8,54;Cursando
RA-741;1;H;Aluno-741;12;Feminino;2022;Pública;Quartzo;5,08;8,42;5,3;5;3,75;3,5;4;;4,22;5;2;-1;2024;5,83;Cursando
RA-1420;1;H;Aluno-1420;12;Masculino;2024;Pública;Quartzo;5,66;7,92;5,52;6,26;4,5;5;4;;5,44;5;3;-2;2024;6,46;Cursando
RA-709;1;H;Aluno-709;12;Feminino;2022;Pública;Ágata;6,83;7,42;7,99;7,51;6;6;6;;6,77;5;2;-1;2024;6,88;Cursando
RA-1421;1;H;Aluno-1421;11;Masculino;2024;Pública;Ametista;7,13;9;6,78;7,51;7,5;8;7;;7,16;5;2;-1;2024;6,88;Cursando
RA-1422;1;J;Aluno-1422;11;Feminino;2024;Pública;Ametista;7,01;9,5;7,5;7,51;4,75;0;9,5;;7,75;5;2;-1;2024;8,12;Cursando
RA-1423;1;J;Aluno-1423;11;Masculino;2024;Pública;Ágata;6,4;8,5;5,31;7,51;5,75;4;7,5;;6,54;5;2;-1;2024;7,81;Cursando
RA-733;1;J;Aluno-733;10;Feminino;2022;Pública;Topázio;8,81;10;10;7,51;9,25;9;9,5;;9,09;5;2;-1;2024;8,91;Cursando
RA-836;1;J;Aluno-836;11;Masculino;2022;Pública;Ágata;6,02;9,5;6,44;7,51;2,75;5,5;0;;6,25;5;2;-1;2024;7,34;Cursando
RA-1424;1;J;Aluno-1424;12;Feminino;2024;Pública;Ametista;7,55;9;8,94;7,51;7,25;7,5;7;;6,92;5;2;-1;2024;7,81;Cursando
RA-1425;1;J;Aluno-1425;12;Masculino;2024;Pública;Ágata;6,83;9;6,8;7,51;7;6;8;;5,92;5;2;-1;2024;7,34;Cursando
RA-1426;1;J;Aluno-1426;11;Feminino;2023;Pública;Quartzo;5,84;9,5;5,85;7,51;2,75;5,5;0;;5,83;5;2;-1;2024;7,5;Cursando
RA-716;1;J;Aluno-716;11;Masculino;2022;Pública;Ágata;6,24;9;5,53;7,51;5,75;5,5;6;;5,79;5;2;-1;2024;6,72;Cursando
RA-1049;1;J;Aluno-1049;11;Masculino;2023;Pública;Ágata;6,82;9,5;8,03;7,51;4,5;4;5;;6,74;5;2;-1;2024;7,66;Cursando
RA-1427;1;J;Aluno-1427;11;Feminino;2024;Pública;Topázio;8,43;9,5;10;7,51;8;6,5;9,5;;8,67;5;2;-1;2024;8,91;Cursando
RA-1052;1;J;Aluno-1052;10;Masculino;2023;Pública;Ametista;7,74;5,83;9,13;6,26;8,25;8,5;8;;8,5;5;2;-1;2024;8,59;Cursando
RA-719;1;J;Aluno-719;12;Masculino;2021;Pública;Ametista;7,12;10;7,35;7,51;6,5;5;8;;6,74;5;2;-1;2024;7,5;Cursando
RA-1055;1;J;Aluno-1055;12;Masculino;2023;Pública;Ágata;6,4;10;5,8;7,51;5,5;4;7;;5,87;5;3;-2;2024;7,19;Cursando
RA-747;1;K;Aluno-747;12;Feminino;2022;Pública;Quartzo;5,85;10;8,1;5;2,25;4,5;0;;5,34;5;3;-2;2024;7,08;Cursando
RA-928;1;K;Aluno-928;9;Feminino;2023;Pública;Topázio;8,87;8;10;7,51;8,75;8,5;9;;8,59;10;1;0;2024;8,54;Cursando
RA-748;1;K;Aluno-748;11;Masculino;2021;Pública;Topázio;8,23;9,5;10;7,51;7,75;7,5;8;;8,01;5;2;-1;2024;8,75;Cursando
RA-769;1;K;Aluno-769;11;Feminino;2022;Pública;Ametista;7,1;10;5,95;7,51;6;6;6;;8,33;5;2;-1;2024;7,92;Cursando
RA-876;1;K;Aluno-876;9;Masculino;2023;Pública;Ametista;7,61;8,5;9,05;7,51;3,75;7,5;0;;8,09;10;1;0;2024;8,33;Cursando
RA-776;1;K;Aluno-776;11;Feminino;2022;Pública;Quartzo;5,18;7,92;5,95;5,63;0;0;0;;6,5;5;2;-1;2024;8,33;Cursando
RA-753;1;K;Aluno-753;10;Feminino;2022;Pública;Topázio;8,25;10;9,05;7,51;8,5;9;8;;8,26;5;2;-1;2024;8,33;Cursando
RA-601;1;K;Aluno-601;10;Masculino;2021;Pública;Topázio;8,51;9,5;10;7,5;8,75;9,5;8;;8,43;5;2;-1;2024;8,75;Cursando
RA-955;1;K;Aluno-955;11;Feminino;2023;Pública;Ágata;6,25;0;6,9;7,51;5,75;6,5;5;;8,26;5;2;-1;2024;8,12;Cursando
RA-831;1;K;Aluno-831;10;Masculino;2022;Pública;Topázio;8,01;10;9,52;6,26;7,75;6,5;9;;8,17;5;2;-1;2024;7,92;Cursando
RA-1067;1;K;Aluno-1067;11;Masculino;2023;Pública;Ametista;7,84;10;8,33;7,51;6,75;6,5;7;;8,59;5;2;-1;2024;8,54;Cursando
RA-1058;1;K;Aluno-1058;10;Feminino;2023;Pública;Ametista;7,7;9,17;8,1;6,88;7,75;7,5;8;;8,09;5;2;-1;2024;8,12;Cursando
RA-757;1;K;Aluno-757;11;Feminino;2022;Pública;Ametista;7,94;9,5;9,29;7,51;7;6,5;7,5;;8,34;5;2;-1;2024;8,12;Cursando
RA-794;1;K;Aluno-794;10;Feminino;2022;Pública;Ametista;7,15;9,5;6,9;7,51;3;6;0;;8,26;10;1;0;2024;8,12;Cursando
RA-960;1;K;Aluno-960;11;Masculino;2023;Pública;Quartzo;5,29;0;8,1;7,51;3;6;0;;5,33;5;2;-1;2024;7,5;Cursando
RA-587;1;L;Aluno-587;12;Masculino;2022;Pública;Ágata;6,82;9;7,38;7,51;6,25;6,5;6;;5,74;5;3;-2;2024;7,92;Cursando
RA-826;1;L;Aluno-826;10;Masculino;2022;Pública;Ametista;7,94;10;10;6,26;6,75;5,5;8;;8,59;5;2;-1;2024;7,5;Cursando
RA-789;1;L;Aluno-789;9;Feminino;2022;Pública;Topázio;8,04;9;9,05;7,51;5,25;5,5;5;;8,09;10;1;0;2024;9,17;Cursando
RA-1056;1;L;Aluno-1056;10;Masculino;2023;Pública;Topázio;8,19;8,5;9,29;7,51;8,25;8,5;8;;8,34;5;2;-1;2024;9,17;Cursando
RA-1428;1;L;Aluno-1428;10;Masculino;2024;Pública;Topázio;8,01;8,5;8,86;7,51;8;7;9;;8,09;5;2;-1;2024;9,17;Cursando
RA-830;1;L;Aluno-830;11;Feminino;2022;Pública;Ametista;7,14;9;7,62;5,63;6,75;6,5;7;;7,34;5;2;-1;2024;8,33;Cursando
RA-780;1;L;Aluno-780;11;Feminino;2022;Pública;Ametista;7,74;9,5;10;5,63;6;6;6;;8,17;5;2;-1;2024;8,96;Cursando
RA-1057;1;L;Aluno-1057;10;Feminino;2023;Pública;Topázio;8,24;10;10;6,26;8;8;8;;8,17;5;2;-1;2024;8,75;Cursando
RA-1062;1;L;Aluno-1062;10;Masculino;2023;Pública;Ametista;7,61;8;9,05;5,63;7,25;6,5;8;;8,09;5;2;-1;2024;8,75;Cursando
RA-1429;1;L;Aluno-1429;11;Masculino;2024;Pública;Topázio;8,04;9,5;8,89;7,51;7,75;8,5;7;;8,09;5;2;-1;2024;8,96;Cursando
RA-1430;1;L;Aluno-1430;11;Masculino;2024;Pública;Ametista;7,86;8,5;10;7,51;6,25;6;6,5;;8,09;5;2;-1;2024;8,96;Cursando
RA-767;1;L;Aluno-767;12;Masculino;2021;Pública;Topázio;8,13;9,5;9,05;7,51;8,25;8,5;8;;8,09;5;3;-2;2024;8,54;Cursando
RA-943;1;L;Aluno-943;9;Feminino;2023;Pública;Topázio;8,97;10;10;7,51;8;7;9;;8,59;10;1;0;2024;8,96;Cursando
RA-782;1;L;Aluno-782;10;Masculino;2022;Pública;Topázio;8,19;9,5;7,86;7,51;7,75;7,5;8;;8,09;10;1;0;2024;7,5;Cursando
RA-795;1;L;Aluno-795;10;Feminino;2022;Pública;Topázio;8,44;9,5;9,76;6,26;9,5;10;9;;8,09;5;2;-1;2024;8,96;Cursando
RA-1431;1;M;Aluno-1431;11;Feminino;2024;Pública;Ametista;7,91;9;7,74;7,51;8;8;8;;9,09;5;2;-1;2024;7,97;Cursando
RA-1432;1;M;Aluno-1432;10;Feminino;2024;Pública;Topázio;8,77;10;10;7,51;9,5;10;9;;8,51;5;2;-1;2024;9,22;Cursando
RA-1433;1;M;Aluno-1433;10;Feminino;2024;Pública;Topázio;8,19;8,5;9,07;7,51;8,75;8;9,5;;8,51;5;2;-1;2024;8,28;Cursando
RA-1434;1;M;Aluno-1434;10;Masculino;2024;Pública;Topázio;8,28;8,5;7,98;6,26;9;10;8;;9,76;5;2;-1;2024;9,53;Cursando
RA-958;1;M;Aluno-958;9;Feminino;2023;Pública;Topázio;9,53;10;10;6,26;10;10;10;;9,76;10;1;0;2024;9,53;Cursando
RA-961;1;M;Aluno-961;10;Masculino;2023;Pública;Ágata;6,53;9;8,89;6,26;5,5;6;5;;5,16;5;2;-1;2024;5,94;Cursando
RA-1435;1;M;Aluno-1435;10;Masculino;2024;Pública;Ametista;7,72;9,5;7,83;7,51;7,5;7,5;7,5;;6,16;10;1;0;2024;7,19;Cursando
RA-755;1;M;Aluno-755;10;Masculino;2022;Pública;Topázio;8,93;10;10;7,51;9,75;10;9,5;;9,09;5;2;-1;2024;9,06;Cursando
RA-1436;1;M;Aluno-1436;11;Feminino;2024;Pública;Ametista;7,59;7,42;8,67;7,51;8;8;8;;7,17;5;2;-1;2024;8,28;Cursando
RA-1437;1;M;Aluno-1437;11;Feminino;2024;Pública;Ametista;7,98;8,5;9,35;7,51;8;8;8;;7,92;5;2;-1;2024;8,28;Cursando
RA-1438;1;M;Aluno-1438;10;Feminino;2024;Pública;Topázio;8,18;10;9;7,51;7;6;8;;9,18;5;2;-1;2024;8,91;Cursando
RA-1439;1;M;Aluno-1439;11;Feminino;2024;Pública;Topázio;8,51;7,5;10;7,51;8,5;9;8;;9,35;5;2;-1;2024;9,38;Cursando
RA-1440;1;M;Aluno-1440;10;Feminino;2024;Pública;Ametista;7,47;9;9,54;7,51;4,5;9;0;;8,17;5;2;-1;2024;8,75;Cursando
RA-1441;1;M;Aluno-1441;9;Masculino;2024;Pública;Topázio;8,96;9,5;9,11;7,51;8,5;9;8;;9,01;10;1;0;2024;9,38;Cursando
RA-1442;1;M;Aluno-1442;13;Masculino;2024;Pública;Ametista;7,14;8;8,67;7,51;7,25;8,5;6;;5,74;5;3;-2;2024;7,5;Cursando
RA-1443;1;N;Aluno-1443;13;Feminino;2024;Pública;Ágata;6,92;6,92;7,5;6,26;6,75;6,5;7;;7,42;5;3;-2;2024;7,71;Cursando
RA-1444;1;N;Aluno-1444;11;Masculino;2024;Pública;Ágata;6,61;8,5;5,28;7,51;6;8;4;;7,42;5;2;-1;2024;7,71;Cursando
RA-956;1;N;Aluno-956;12;Masculino;2023;Pública;Ágata;6,12;9,5;6,02;6,88;3,25;6,5;0;;7,08;5;2;-1;2024;7,08;Cursando
RA-952;1;N;Aluno-952;9;Masculino;2023;Pública;Topázio;8,85;9,5;9,55;6,26;8,5;8;9;;9,18;10;1;0;2024;8,33;Cursando
RA-939;1;N;Aluno-939;12;Feminino;2023;Pública;Ametista;7,05;9;8,88;5,63;5;6;4;;7,5;5;2;-1;2024;8,12;Cursando
RA-953;1;N;Aluno-953;9;Feminino;2023;Pública;Ametista;7,96;9;6,86;6,26;8,5;8;9;;7,76;10;1;0;2024;8,12;Cursando
RA-954;1;N;Aluno-954;9;Feminino;2023;Pública;Topázio;8,28;9,5;8,88;6,26;7,75;6,5;9;;7,84;10;1;0;2024;8,12;Cursando
RA-792;1;N;Aluno-792;11;Feminino;2022;Pública;Ágata;6,04;8,5;5,29;7,51;3,25;6,5;0;;7,08;5;2;-1;2024;8,12;Cursando
RA-1000;1;N;Aluno-1000;9;Feminino;2023;Pública;Topázio;8,36;9;9,55;6,26;7,75;7,5;8;;7,84;10;1;0;2024;8,12;Cursando
RA-763;1;N;Aluno-763;11;Feminino;2021;Pública;Ágata;6,98;9;8,86;6,26;5,25;6,5;4;;6,82;5;2;-1;2024;7,71;Cursando
RA-1001;1;N;Aluno-1001;10;Feminino;2023;Pública;Ametista;7,8;7,5;9,35;7,51;7,75;6,5;9;;7,92;5;2;-1;2024;7,92;Cursando
RA-1445;1;N;Aluno-1445;10;Feminino;2024;Pública;Ametista;7,84;9,5;9,5;7,51;7,25;6,5;8;;7,5;5;2;-1;2024;7,92;Cursando
RA-1446;1;N;Aluno-1446;9;Masculino;2024;Pública;Quartzo;5,9;8;6,65;6,26;0;0;0;;7,08;10;1;0;2024;7,29;Cursando
RA-768;1;N;Aluno-768;12;Feminino;2021;Pública;Ametista;7,03;9;7,98;6,26;5,5;6;5;;7,5;5;2;-1;2024;8,12;Cursando
RA-1447;1;N;Aluno-1447;11;Feminino;2024;Pública;Ametista;7,54;9,5;9,74;7,51;5,25;6,5;4;;7,75;5;2;-1;2024;7,92;Cursando
RA-980;1;P;Aluno-980;9;Feminino;2023;Pública;Ametista;7,95;9;9,06;7,51;6,25;6,5;6;;7,42;10;1;0;2024;7,5;Cursando
RA-982;1;P;Aluno-982;8;Masculino;2023;Pública;Topázio;8,12;10;8,37;7,51;8,25;6,5;10;;6,79;10;1;0;2024;6,88;Cursando
RA-1448;1;P;Aluno-1448;13;Feminino;2024;Pública;Ametista;7,47;9;9,53;7,51;6;6;6;;7,29;5;3;-2;2024;7,5;Cursando
RA-1070;1;P;Aluno-1070;12;Masculino;2023;Pública;Ágata;6,29;9;9,31;5,64;2,25;4,5;0;;6,62;5;2;-1;2024;6,88;Cursando
RA-985;1;P;Aluno-985;9;Masculino;2023;Pública;Topázio;8,24;8,5;10;6,26;7,5;8;7;;7,58;10;1;0;2024;7,5;Cursando
RA-986;1;P;Aluno-986;9;Feminino;2023;Pública;Topázio;8,26;10;9,3;6,26;8,5;7,5;9,5;;6,83;10;1;0;2024;7,08;Cursando
RA-810;1;P;Aluno-810;10;Masculino;2021;Pública;Ametista;7,7;7,5;9,47;5,64;9;8;10;;7,75;5;2;-1;2024;6,46;Cursando
RA-987;1;P;Aluno-987;9;Masculino;2023;Pública;Topázio;8,3;9;9,07;7,51;7,5;8;7;;7,84;10;1;0;2024;7,71;Cursando
RA-988;1;P;Aluno-988;10;Feminino;2023;Pública;Topázio;8,18;9,5;10;7,51;7,75;6,5;9;;7,96;5;2;-1;2024;8,33;Cursando
RA-805;1;R;Aluno-805;10;Masculino;2021;Pública;Ágata;6,94;8,5;9,52;4,38;6;7;5;;6,71;5;2;-1;2024;7,03;Cursando
RA-806;1;R;Aluno-806;10;Masculino;2022;Pública;Ágata;6,97;8,5;6,9;7,51;6,75;6,5;7;;6,88;5;2;-1;2024;7,66;Cursando
RA-807;1;R;Aluno-807;10;Masculino;2022;Pública;Ametista;7,8;9;7,86;7,51;7;6;8;;7,12;10;1;0;2024;7,5;Cursando
RA-808;1;R;Aluno-808;10;Masculino;2022;Pública;Topázio;8,79;9;10;7,51;8,75;7,5;10;;7,88;10;1;0;2024;8,12;Cursando
RA-963;1;R;Aluno-963;10;Feminino;2023;Pública;Topázio;8,38;7,5;9,76;7,51;7,5;5;10;;8,04;10;1;0;2024;8,12;Cursando
RA-989;1;R;Aluno-989;10;Masculino;2023;Pública;Ametista;7,37;9,5;7,86;6,26;6;6;6;;6,54;10;1;0;2024;7,19;Cursando
RA-964;1;R;Aluno-964;10;Masculino;2023;Pública;Ametista;7,55;9,5;8,33;7,51;7,25;7,5;7;;7,17;5;2;-1;2024;7,97;Cursando
RA-1449;1;R;Aluno-1449;10;Feminino;2024;Pública;Ametista;7,21;7,42;8,33;7,51;6,75;6,5;7;;7,04;5;2;-1;2024;7,97;Cursando
RA-801;1;R;Aluno-801;10;Masculino;2022;Pública;Ágata;6,68;9;5,75;7,51;8;7;9;;5,74;5;2;-1;2024;6,25;Cursando
RA-1450;1;R;Aluno-1450;9;Masculino;2024;Pública;Ametista;7,41;9,5;8,57;7,51;3,5;0;7;;7,54;10;1;0;2024;7,81;Cursando
RA-984;1;R;Aluno-984;9;Feminino;2023;Pública;Topázio;8,48;9,5;9,76;7,51;7;7,5;6,5;;8,04;10;1;0;2024;8,12;Cursando
RA-1451;1;R;Aluno-1451;11;Feminino;2024;Pública;Ametista;7,56;10;8,81;7,51;6;6;6;;7,75;5;2;-1;2024;7,97;Cursando
RA-967;1;R;Aluno-967;11;Masculino;2023;Pública;Quartzo;5,44;9,5;3,57;7,51;4,75;3,5;6;;5;5;2;-1;2024;5,78;Cursando
RA-968;1;R;Aluno-968;10;Feminino;2023;Pública;Ametista;7,84;9;8,81;7,51;7,75;8,5;7;;7,67;5;2;-1;2024;8,44;Cursando
RA-521;2;A;Aluno-521;11;Masculino;2022;Privada;Ametista;7,48;8;9,04;5;6,25;7;5,5;;7,28;10;2;0;2024;6,67;Cursando
RA-821;2;A;Aluno-821;11;Masculino;2022;Pública;Ágata;6,64;8,5;5,92;7,51;4,25;4,5;4;;6,71;10;2;0;2024;6,67;Cursando
RA-1075;2;A;Aluno-1075;13;Feminino;2023;Pública;Ágata;6,81;7,5;8,52;3,76;6;5;7;;7,55;5;3;-1;2024;7,71;Cursando
RA-1048;2;A;Aluno-1048;11;Feminino;2023;Privada;Ametista;7,52;8,5;6,83;6,26;6,25;6,5;6;;8,28;10;1;1;2024;7,71;Cursando
RA-1082;2;A;Aluno-1082;13;Feminino;2023;Pública;Ágata;6,61;7,5;7,57;10;3,75;2;5,5;;6,94;5;3;-1;2024;7,08;Cursando
RA-680;2;A;Aluno-680;12;Feminino;2021;Pública;Quartzo;4,98;0;6,64;5,64;3;2,5;3,5;;6,61;5;3;-1;2024;6,67;Cursando
RA-698;2;A;Aluno-698;10;Masculino;2021;Pública;Ametista;7,34;9;8,32;6,88;4,5;3;6;;7,27;10;2;0;2024;7,29;Cursando
RA-1452;2;A;Aluno-1452;12;Masculino;2024;Pública;Topázio;8,63;9;10;7,51;7,75;7;8,5;;8,17;10;2;0;2024;7,92;Cursando
RA-1453;2;A;Aluno-1453;12;Feminino;2021;Pública;Ametista;7,12;8,5;7,82;6,25;6,5;4,5;8,5;;7,67;5;3;-1;2024;7,5;Cursando
RA-1454;2;A;Aluno-1454;10;Feminino;2023;Pública;Ametista;7,7;8;5,88;7,51;7,75;7,5;8;;8,28;10;2;0;2024;7,71;Cursando
RA-1455;2;A;Aluno-1455;12;Feminino;2024;Pública;Ágata;6,64;8;7,78;7,51;3,5;;3,5;;7,83;5;3;-1;2024;7,71;Cursando
RA-529;2;A;Aluno-529;14;Masculino;2021;Pública;Quartzo;5,27;7;6,61;4,38;4,25;2,5;6;;4,89;5;3;-1;2024;4,79;Cursando
RA-1456;2;A;Aluno-1456;11;Masculino;2024;Pública;Topázio;8,49;9,5;9,51;7,51;7,75;5,5;10;;7,95;10;2;0;2024;7,5;Cursando
RA-1015;2;B;Aluno-1015;11;Feminino;2023;Pública;Ágata;6,64;7,92;7,82;7,51;4;2;6;;5,66;10;2;0;2024;6,04;Cursando
RA-483;2;B;Aluno-483;13;Feminino;2021;Pública;Ágata;6,58;8,5;5,64;6,26;5,25;2;8,5;;8,06;5;3;-1;2024;8,12;Cursando
RA-497;2;B;Aluno-497;15;Feminino;2021;Privada;Quartzo;4,5;7,5;6,1;5,63;1;0;2;;3,51;5;3;-1;2024;5,62;Cursando
RA-1457;2;B;Aluno-1457;12;Feminino;2024;Pública;Ágata;6,02;3,5;8,04;7,51;2,75;2,5;3;;7,66;5;3;-1;2024;7,29;Cursando
RA-688;2;B;Aluno-688;11;Masculino;2022;Pública;Topázio;8,99;9,5;10;8,13;7,5;6;9;;9,45;10;2;0;2024;8,33;Cursando
RA-696;2;B;Aluno-696;10;Feminino;2021;Pública;Ametista;7,48;7,42;7,85;7,51;5,25;5;5,5;;8;10;2;0;2024;7,71;Cursando
RA-1458;2;B;Aluno-1458;12;Feminino;2024;Pública;Quartzo;5,88;8,75;7,28;7,51;3,25;0,5;6;;5,21;5;3;-1;2024;6,04;Cursando
RA-1034;2;B;Aluno-1034;11;Masculino;2023;Pública;Topázio;8,03;7,5;8,08;7,51;7,5;7,5;7,5;;8,22;10;2;0;2024;7,71;Cursando
RA-491;2;B;Aluno-491;12;Masculino;2022;Pública;Ágata;7;7,5;9,01;7,51;5,25;1,5;9;;7,17;5;3;-1;2024;7,08;Cursando
RA-1027;2;B;Aluno-1027;11;Feminino;2023;Pública;Topázio;8,22;9,5;10;7,51;5,25;6;4,5;;8,39;10;2;0;2024;7,92;Cursando
RA-1023;2;B;Aluno-1023;10;Feminino;2023;Pública;Topázio;9,5;9,5;9,51;9,38;9,5;9;10;;9,56;10;2;0;2024;8,96;Cursando
RA-686;2;C;Aluno-686;11;Feminino;2022;Pública;Topázio;8,04;8;8,79;6,88;7,25;5;9,5;;7,5;10;2;0;2024;8,44;Cursando
RA-480;2;C;Aluno-480;12;Feminino;2021;Pública;Ametista;7,26;6,25;8,07;7,51;5;2,5;7,5;;7,44;10;2;0;2024;7,81;Cursando
RA-1459;2;C;Aluno-1459;12;Masculino;2024;Pública;Ágata;6,67;8;8,3;7,51;3,75;2;5,5;;7,27;5;3;-1;2024;7,5;Cursando
RA-1460;2;C;Aluno-1460;12;Masculino;2024;Pública;Ágata;6,78;9,5;7,46;7,51;3,25;2,5;4;;6,27;10;2;0;2024;6,88;Cursando
RA-1017;2;C;Aluno-1017;12;Masculino;2023;Pública;Ametista;7,35;9,5;7,81;6,26;5;2,5;7,5;;7,44;10;2;0;2024;7,19;Cursando
RA-499;2;C;Aluno-499;12;Masculino;2021;Pública;Ametista;7,58;8,5;9,05;7,51;4,75;2;7,5;;7,5;10;2;0;2024;7,19;Cursando
RA-514;2;C;Aluno-514;11;Feminino;2022;Pública;Ágata;6,22;9;7,6;4,38;3;3;3;;6;10;2;0;2024;5,62;Cursando
RA-1461;2;C;Aluno-1461;12;Feminino;2024;Pública;Ágata;6,87;10;9,27;7,51;2,75;0,5;5;;7,33;5;3;-1;2024;7,5;Cursando
RA-1462;2;D;Aluno-1462;13;Feminino;2024;Pública;Ametista;7,62;8,5;10;7,51;6,5;6;7;;7,05;5;3;-1;2024;8,12;Cursando
RA-1463;2;D;Aluno-1463;12;Masculino;2024;Pública;Topázio;9,07;8,5;9,72;7,51;10;10;10;;8,11;10;2;0;2024;9,06;Cursando
RA-1464;2;D;Aluno-1464;13;Feminino;2024;Pública;Ametista;7,29;8;7,79;7,51;6,25;4;8,5;;7,61;5;3;-1;2024;9,06;Cursando
RA-687;2;D;Aluno-687;11;Masculino;2022;Pública;Topázio;8,27;7,5;9,24;7,51;7,25;6,5;8;;8;10;2;0;2024;8,75;Cursando
RA-1030;2;D;Aluno-1030;12;Masculino;2023;Pública;Ametista;7,74;7,42;8,28;4,38;8;10;6;;7,61;10;2;0;2024;7,81;Cursando
RA-1465;2;D;Aluno-1465;12;Masculino;2024;Pública;Ametista;7,33;7,42;8,75;7,51;5,75;5;6,5;;7,83;5;3;-1;2024;8,75;Cursando
RA-522;2;D;Aluno-522;11;Masculino;2021;Pública;Topázio;8,68;8;9,52;7,51;9;9,5;8,5;;7,89;10;2;0;2024;8,44;Cursando
RA-501;2;D;Aluno-501;11;Masculino;2021;Privada;Topázio;8,28;7;7,99;7,51;8,75;8,5;9;;8,17;10;2;0;2024;8,44;Cursando
RA-1466;2;D;Aluno-1466;12;Masculino;2024;Pública;Topázio;8,21;10;7,38;7,51;7,5;7;8;;8,06;10;2;0;2024;8,75;Cursando
RA-502;2;D;Aluno-502;10;Feminino;2021;Privada;Topázio;8,5;9;9,76;3,76;8;6;10;;8,84;10;2;0;2024;9,06;Cursando
RA-1467;2;D;Aluno-1467;12;Masculino;2024;Pública;Topázio;8,84;9;9,02;7,51;9,25;9;9,5;;8,28;10;2;0;2024;8,75;Cursando
RA-1468;2;D;Aluno-1468;12;Feminino;2024;Pública;Topázio;8,13;8,5;8,97;7,51;7;4,5;9,5;;7,44;10;2;0;2024;8,44;Cursando
RA-527;2;D;Aluno-527;11;Feminino;2022;Pública;Topázio;8,14;9;10;7,51;6;6,5;5,5;;7,38;10;2;0;2024;8,12;Cursando
RA-1469;2;D;Aluno-1469;13;Masculino;2024;Pública;Ametista;7,46;8,5;9,44;7,51;4,75;6;3,5;;8,22;5;3;-1;2024;8,75;Cursando
RA-1470;2;G;Aluno-1470;12;Feminino;2024;Pública;Quartzo;5,97;8;6,36;6,26;5;5;5;;5,41;5;3;-1;2024;6,88;Cursando
RA-1471;2;G;Aluno-1471;13;Masculino;2024;Pública;Ametista;7,4;10;7,2;7,51;7,5;8;7;;7,24;5;3;-1;2024;7,66;Cursando
RA-710;2;G;Aluno-710;12;Masculino;2021;Pública;Ametista;7,04;9,17;8,17;5,62;6,75;8;5,5;;6,54;5;3;-1;2024;7,66;Cursando
RA-1472;2;G;Aluno-1472;11;Masculino;2022;Pública;Topázio;8,77;8,5;10;7,51;8,75;9;8,5;;8,13;10;2;0;2024;7,97;Cursando
RA-837;2;G;Aluno-837;10;Masculino;2022;Pública;Ametista;7,96;7,5;9,78;6,88;6,75;6;7,5;;7,58;10;2;0;2024;7,03;Cursando
RA-549;2;G;Aluno-549;12;Masculino;2021;Pública;Ágata;6,54;10;7,2;6,26;5,75;5;6,5;;5,91;5;3;-1;2024;6,41;Cursando
RA-571;2;G;Aluno-571;13;Feminino;2021;Pública;Ágata;6,3;7;8,7;4,38;5,25;5;5,5;;5,83;5;3;-1;2024;7,03;Cursando
RA-731;2;G;Aluno-731;12;Feminino;2021;Pública;Quartzo;4,77;9,5;4,19;4,38;2,5;0;5;;4,84;5;3;-1;2024;5,78;Cursando
RA-706;2;G;Aluno-706;11;Feminino;2021;Pública;Quartzo;5,87;0;7,14;6,26;3,25;3;3,5;;7;10;2;0;2024;7,66;Cursando
RA-707;2;G;Aluno-707;12;Feminino;2021;Pública;Ágata;6,5;7,92;7,72;4,38;6,5;7;6;;6,42;5;3;-1;2024;6,41;Cursando
RA-1044;2;G;Aluno-1044;11;Feminino;2023;Pública;Ametista;7,97;7,5;9,52;7,51;7;7;7;;7,21;10;2;0;2024;7,19;Cursando
RA-1054;2;G;Aluno-1054;13;Masculino;2023;Pública;Ágata;6,99;9,5;7,33;7,51;6,25;6;6,5;;6,75;5;3;-1;2024;7,19;Cursando
RA-721;2;G;Aluno-721;10;Feminino;2021;Pública;Topázio;8,9;9;9,54;8,14;8,25;9;7,5;;8,76;10;2;0;2024;8,75;Cursando
RA-1473;2;G;Aluno-1473;13;Masculino;2024;Pública;Ágata;6,69;9,5;8,44;5,62;5,25;6;4,5;;6,42;5;3;-1;2024;6,56;Cursando
RA-735;2;H;Aluno-735;12;Feminino;2021;Pública;Ametista;7,79;8;9,78;6,26;8;8;8;;7,7;5;3;-1;2024;7,66;Cursando
RA-712;2;H;Aluno-712;13;Masculino;2021;Pública;Ágata;6,22;7,5;5,98;5,62;6,75;7;6,5;;6,04;5;3;-1;2024;6,56;Cursando
RA-1103;2;H;Aluno-1103;11;Masculino;2023;Pública;Ametista;7,86;8,5;7,76;7,51;7,25;6;8,5;;7,54;10;2;0;2024;7,5;Cursando
RA-570;2;H;Aluno-570;12;Feminino;2021;Pública;Ágata;6,81;8;8;5,62;6,75;6;7,5;;6,41;5;3;-1;2024;7,19;Cursando
RA-713;2;H;Aluno-713;11;Masculino;2021;Pública;Ametista;7,47;8;7,53;7,51;6,75;6;7,5;;6,79;10;2;0;2024;7,03;Cursando
RA-714;2;H;Aluno-714;13;Masculino;2021;Pública;Quartzo;5,47;0;6,87;6,26;4;8;0;;7;5;3;-1;2024;7,66;Cursando
RA-737;2;H;Aluno-737;11;Feminino;2022;Pública;Topázio;8,47;8,5;8,65;6,88;9,25;9;9,5;;8;10;2;0;2024;7,5;Cursando
RA-1474;2;H;Aluno-1474;11;Feminino;2024;Pública;Ametista;7,38;8;7,96;5,62;7,5;7;8;;6,29;10;2;0;2024;6,72;Cursando
RA-1036;2;H;Aluno-1036;12;Feminino;2023;Pública;Topázio;8,28;10;9,09;7,51;7;7;7;;7,75;10;2;0;2024;7,66;Cursando
RA-576;2;H;Aluno-576;12;Feminino;2022;Pública;Topázio;8,93;8,5;10;7,51;9,25;9;9,5;;8,5;10;2;0;2024;7,81;Cursando
RA-577;2;H;Aluno-577;12;Feminino;2022;Pública;Ágata;6,63;8,5;5,77;5,62;8;7;9;;6,54;5;3;-1;2024;6,56;Cursando
RA-580;2;H;Aluno-580;12;Feminino;2021;Pública;Ametista;7,93;9;8,87;7,51;9,25;10;8,5;;7,25;5;3;-1;2024;7,03;Cursando
RA-581;2;H;Aluno-581;12;Masculino;2021;Pública;Ametista;7,08;7,42;8,2;5,62;8,75;8;9,5;;6,16;5;3;-1;2024;6,56;Cursando
RA-841;2;H;Aluno-841;12;Masculino;2022;Pública;Ágata;6,04;10;6,33;7,51;3,25;4;2,5;;5,83;5;3;-1;2024;7,03;Cursando
RA-730;2;I;Aluno-730;11;Feminino;2021;Pública;Topázio;8,47;8;7,15;6,88;9,5;10;9;;8,67;10;2;0;2024;9,17;Cursando
RA-855;2;I;Aluno-855;10;Feminino;2022;Pública;Topázio;8,58;9;10;7,51;8,5;9;8;;7,39;10;2;0;2024;7,5;Cursando
RA-820;2;I;Aluno-820;11;Masculino;2022;Pública;Ametista;7,43;10;6,57;7,51;6,25;6;6,5;;6,39;10;2;0;2024;8,33;Cursando
RA-715;2;I;Aluno-715;11;Feminino;2022;Pública;Quartzo;5,31;9;5,25;3,76;2,75;2;3,5;;4,67;10;2;0;2024;5;Cursando
RA-1038;2;I;Aluno-1038;11;Feminino;2023;Pública;Ametista;7,96;8;7,54;7,51;8,5;10;7;;7,27;10;2;0;2024;7,5;Cursando
RA-1475;2;I;Aluno-1475;10;Feminino;2024;Pública;Ametista;7,41;9;8,07;7,51;5;7;3;;6,99;10;2;0;2024;7,5;Cursando
RA-1039;2;I;Aluno-1039;13;Masculino;2023;Pública;Ametista;7,55;8;9,72;7,51;7,25;8;6,5;;6,77;5;3;-1;2024;7,5;Cursando
RA-745;2;I;Aluno-745;11;Masculino;2021;Privada;Topázio;8,61;9;10;6,26;8,5;8;9;;8,17;10;2;0;2024;7,5;Cursando
RA-718;2;I;Aluno-718;10;Feminino;2022;Pública;Topázio;8,71;10;9,51;5,64;9,5;9;10;;7,95;10;1;1;2024;7,5;Cursando
RA-1040;2;I;Aluno-1040;12;Masculino;2023;Pública;Ametista;7,76;9,5;8,54;7,51;8,25;8;8,5;;7,27;5;3;-1;2024;7,5;Cursando
RA-746;2;I;Aluno-746;10;Masculino;2022;Pública;Ametista;7,9;8,5;7,43;7,51;8;8;8;;7,33;10;2;0;2024;7,5;Cursando
RA-1069;2;K;Aluno-1069;12;Masculino;2023;Pública;Ametista;7,68;9;7,08;7,51;6,25;7;5,5;;7,75;10;2;0;2024;8,12;Cursando
RA-1476;2;K;Aluno-1476;11;Feminino;2024;Pública;Topázio;8,81;9,5;10;5,64;8,5;8;9;;8,75;10;2;0;2024;8,44;Cursando
RA-827;2;K;Aluno-827;12;Feminino;2022;Pública;Topázio;8,25;10;9,78;5,01;7,25;6;8,5;;7,88;10;2;0;2024;7,66;Cursando
RA-1477;2;K;Aluno-1477;11;Masculino;2024;Pública;Ametista;7,05;8;8,01;7,51;5;5;5;;6,29;10;2;0;2024;6,41;Cursando
RA-762;2;K;Aluno-762;14;Masculino;2022;Pública;Quartzo;5,97;10;6,42;6,26;3,75;4;3,5;;5,75;5;4;-2;2024;6,56;Cursando
RA-778;2;K;Aluno-778;11;Feminino;2021;Pública;Topázio;8,08;10;8,12;7,51;7;5;9;;7,75;10;2;0;2024;7,5;Cursando
RA-591;2;K;Aluno-591;13;Masculino;2021;Pública;Ágata;6,84;7,42;7,91;6,26;7,5;6;9;;6,54;5;3;-1;2024;5,78;Cursando
RA-1478;2;K;Aluno-1478;11;Masculino;2024;Pública;Ágata;6,72;8;6,67;6,26;4,25;4;4,5;;7,12;10;2;0;2024;6,88;Cursando
RA-829;2;K;Aluno-829;10;Feminino;2022;Privada;Topázio;9,17;9,5;9,75;9,38;8;6;10;;9,22;10;1;1;2024;8,91;Cursando
RA-1479;2;K;Aluno-1479;12;Masculino;2024;Pública;Ágata;6,62;8,5;6,2;7,51;4,25;4;4,5;;6,03;10;2;0;2024;7,19;Cursando
RA-1480;2;K;Aluno-1480;12;Masculino;2024;Pública;Ametista;7,09;8,5;8,88;7,51;5,5;;5,5;;7;5;3;-1;2024;7,19;Cursando
RA-438;2;K;Aluno-438;12;Masculino;2022;Pública;Ametista;7,93;9,17;8,66;7,51;8,25;7;9,5;;7,92;5;3;-1;2024;7,97;Cursando
RA-607;2;K;Aluno-607;12;Masculino;2022;Pública;Ametista;7,65;8,5;7,48;7,51;7;7;7;;7,16;10;2;0;2024;7,19;Cursando
RA-1481;2;K;Aluno-1481;12;Feminino;2024;Pública;Ágata;6,86;8,5;8,78;7,51;4,75;4;5,5;;6,83;5;3;-1;2024;6,88;Cursando
RA-1482;2;K;Aluno-1482;14;Masculino;2024;Pública;Quartzo;5,23;8,5;5;7,51;0;0;0;;6,87;5;3;-1;2024;7,5;Cursando
RA-1483;2;K;Aluno-1483;11;Masculino;2024;Pública;Ametista;7,31;9,5;7,91;7,51;6,5;6;7;;5,75;10;2;0;2024;5,78;Cursando
RA-1484;2;L;Aluno-1484;14;Feminino;2024;Pública;Ametista;7,75;9;10;6,26;7;5;9;;7,89;5;3;-1;2024;7,5;Cursando
RA-1485;2;L;Aluno-1485;13;Masculino;2024;Pública;Ágata;6,74;9;7,74;5,62;5;5;5;;7,39;5;3;-1;2024;7,5;Cursando
RA-1486;2;L;Aluno-1486;11;Masculino;2024;Pública;Ágata;6,87;8;5,43;6,26;5,75;6;5,5;;7,06;10;2;0;2024;7,92;Cursando
RA-597;2;L;Aluno-597;11;Masculino;2022;Pública;Ametista;7,84;9;9,33;7,51;6;5;7;;6,88;10;2;0;2024;7,5;Cursando
RA-624;2;L;Aluno-624;12;Masculino;2022;Pública;Ametista;7,23;8;8,22;7,51;4;8;0;;7,21;10;2;0;2024;7,92;Cursando
RA-1487;2;L;Aluno-1487;13;Feminino;2024;Pública;Topázio;8,03;10;9,57;6,26;8,25;7;9,5;;7,83;5;3;-1;2024;7,71;Cursando
RA-1488;2;L;Aluno-1488;11;Feminino;2024;Pública;Ágata;6,77;8;7,11;7,51;3,5;7;0;;6,72;10;2;0;2024;7,5;Cursando
RA-1489;2;L;Aluno-1489;12;Masculino;2024;Pública;Quartzo;5,98;9;5,79;6,26;5;5;5;;5,66;5;3;-1;2024;6,67;Cursando
RA-600;2;L;Aluno-600;11;Feminino;2021;Pública;Ametista;7,85;8;8,01;7,51;7,5;8;7;;7,22;10;2;0;2024;7,5;Cursando
RA-663;2;L;Aluno-663;12;Masculino;2022;Pública;Ágata;6,7;8,5;7,09;5,62;6,5;6;7;;6,89;5;3;-1;2024;6,88;Cursando
RA-1490;2;L;Aluno-1490;12;Feminino;2024;Privada;Ametista;7,37;8,5;9,57;6,26;7,75;8;7,5;;6,33;5;3;-1;2024;6,67;Cursando
RA-1491;2;L;Aluno-1491;12;Masculino;2024;Pública;Ametista;7,51;9;6,25;7,51;6,5;6;7;;7,78;10;2;0;2024;7,5;Cursando
RA-1066;2;L;Aluno-1066;11;Feminino;2023;Pública;Ametista;7,93;9,5;8,4;6,26;7,25;7;7,5;;7,39;10;2;0;2024;7,5;Cursando
RA-630;2;L;Aluno-630;11;Masculino;2022;Pública;Ágata;6,88;0;8,48;7,51;5,75;6;5,5;;7,67;10;2;0;2024;7,5;Cursando
RA-1492;2;L;Aluno-1492;9;Masculino;2024;Pública;Topázio;8,48;8;8,81;7,51;8;6;10;;8,45;10;1;1;2024;8,75;Cursando
RA-834;2;L;Aluno-834;11;Masculino;2022;Pública;Topázio;8,51;8;9,11;6,26;8,75;9;8,5;;8,72;10;2;0;2024;7,71;Cursando
RA-784;2;M;Aluno-784;11;Feminino;2022;Privada;Topázio;8,89;8;9,77;5,64;8,75;8;9,5;;9,4;10;2;0;2024;9,38;Cursando
RA-1059;2;M;Aluno-1059;11;Masculino;2023;Pública;Topázio;8,68;8;10;6,26;7,5;7,5;7,5;;9,23;10;2;0;2024;9,06;Cursando
RA-612;2;M;Aluno-612;12;Feminino;2021;Privada;Topázio;9,13;8;9,55;6,26;9,75;9,5;10;;9,4;10;2;0;2024;9,69;Cursando
RA-1060;2;M;Aluno-1060;12;Masculino;2023;Pública;Ágata;6,45;9,59;6;6,26;3,25;3,5;3;;6,16;10;2;0;2024;7,81;Cursando
RA-761;2;M;Aluno-761;11;Masculino;2022;Pública;Topázio;8,17;8,5;8,86;6,26;7,25;8;6,5;;8;10;2;0;2024;8,75;Cursando
RA-1493;2;M;Aluno-1493;12;Masculino;2024;Pública;Ágata;6,38;8,5;7,85;7,51;4;3,5;4,5;;5,95;5;3;-1;2024;7,19;Cursando
RA-665;2;M;Aluno-665;12;Feminino;2022;Pública;Quartzo;5,7;8,33;5,07;5,63;4,75;3;6,5;;5,44;5;3;-1;2024;7,5;Cursando
RA-1115;2;M;Aluno-1115;12;Feminino;2023;Pública;Ágata;6,57;8;4,27;7,51;6,25;6,5;6;;5,83;10;2;0;2024;7,5;Cursando
RA-1061;2;M;Aluno-1061;11;Masculino;2023;Pública;Topázio;8,77;8,5;10;6,26;8,5;7;10;;8,73;10;2;0;2024;8,44;Cursando
RA-1494;2;M;Aluno-1494;11;Feminino;2024;Pública;Quartzo;5,87;0;6,78;7,51;4,25;8,5;0;;5,84;10;2;0;2024;7,5;Cursando
RA-1495;2;M;Aluno-1495;11;Feminino;2021;Pública;Topázio;8,48;9;8,32;7,51;8,25;8,5;8;;8,22;10;2;0;2024;8,75;Cursando
RA-606;2;M;Aluno-606;11;Masculino;2022;Pública;Ágata;6,65;8,5;7,61;6,88;3,25;3,5;3;;5,61;10;2;0;2024;8,12;Cursando
RA-594;2;M;Aluno-594;12;Masculino;2022;Pública;Ágata;6,89;6,92;5,75;6,26;7;6,5;7,5;;6,05;10;2;0;2024;8,12;Cursando
RA-1496;2;M;Aluno-1496;12;Feminino;2024;Pública;Ágata;6,78;9;5,71;7,51;4,25;2,5;6;;6,77;10;2;0;2024;7,81;Cursando
RA-1497;2;M;Aluno-1497;12;Feminino;2024;Pública;Quartzo;5,24;0;5,02;7,51;2;4;0;;7;10;2;0;2024;6,88;Cursando
RA-1498;2;M;Aluno-1498;13;Feminino;2024;Pública;Ametista;7,15;8,5;7,84;7,51;7;5;9;;6,33;5;3;-1;2024;8,12;Cursando
RA-1499;2;N;Aluno-1499;12;Feminino;2024;Pública;Ametista;7,91;8,42;9,25;6,88;6,5;6;7;;7,11;10;2;0;2024;8,12;Cursando
RA-788;2;N;Aluno-788;10;Masculino;2021;Privada;Ametista;7,92;8,42;9,52;6,26;5,75;4;7,5;;7,78;10;2;0;2024;8,44;Cursando
RA-1500;2;N;Aluno-1500;11;Masculino;2024;Pública;Ametista;7,36;9,5;8,33;6,88;3,5;2;5;;7,56;10;2;0;2024;8,44;Cursando
RA-777;2;N;Aluno-777;10;Feminino;2022;Pública;Ametista;7,56;8;8,78;7,51;4,5;3,5;5,5;;7,72;10;2;0;2024;8,12;Cursando
RA-1063;2;N;Aluno-1063;12;Masculino;2023;Pública;Ametista;7,28;5,25;9,75;7,51;7,75;9;6,5;;6,11;5;3;-1;2024;7,81;Cursando
RA-664;2;N;Aluno-664;12;Feminino;2022;Pública;Ametista;7,5;9;6,77;7,51;5,75;3;8,5;;7,67;10;2;0;2024;8,12;Cursando
RA-1501;2;N;Aluno-1501;11;Feminino;2024;Pública;Topázio;8,04;9,5;10;7,51;5;4,5;5,5;;7,5;10;2;0;2024;8,44;Cursando
RA-764;2;N;Aluno-764;10;Masculino;2022;Privada;Ametista;7,84;8;7,88;7,51;6;3;9;;8,34;10;2;0;2024;8,44;Cursando
RA-1064;2;N;Aluno-1064;11;Masculino;2023;Pública;Topázio;8,98;9,5;9,74;7,51;8,5;8;9;;8,78;10;2;0;2024;8,75;Cursando
RA-1065;2;N;Aluno-1065;11;Feminino;2023;Pública;Topázio;8,86;9,5;8,82;6,26;9,25;9;9,5;;8,84;10;2;0;2024;9,06;Cursando
RA-1502;2;N;Aluno-1502;12;Feminino;2024;Pública;Ágata;6,89;8;7,63;7,51;5,25;3,5;7;;7,39;5;3;-1;2024;7,81;Cursando
RA-781;2;N;Aluno-781;11;Feminino;2021;Pública;Topázio;8,5;8;9,75;7,51;7,25;5;9,5;;8,51;10;2;0;2024;8,44;Cursando
RA-608;2;N;Aluno-608;11;Masculino;2022;Pública;Quartzo;5,78;9;3,05;6,88;4,25;5;3,5;;5,05;10;2;0;2024;7,19;Cursando
RA-796;2;P;Aluno-796;12;Feminino;2022;Pública;Ametista;7,05;8,5;8,22;7,51;5,25;3;7,5;;7,33;5;3;-1;2024;7,92;Cursando
RA-797;2;P;Aluno-797;12;Masculino;2021;Pública;Ágata;6,6;9,17;4,84;7,51;7,25;8;6,5;;6,72;5;3;-1;2024;6,67;Cursando
RA-636;2;P;Aluno-636;12;Masculino;2022;Pública;Ágata;6,38;8;4,9;7,51;5,25;4;6,5;;5,55;10;2;0;2024;6,88;Cursando
RA-1140;2;P;Aluno-1140;12;Feminino;2023;Pública;Ametista;7,35;6,83;6,11;7,51;7;4,5;9,5;;7,39;10;2;0;2024;8,12;Cursando
RA-1503;2;P;Aluno-1503;13;Feminino;2024;Pública;Ágata;6,99;7,5;10;7,51;2,75;3;2,5;;7,72;5;3;-1;2024;8,96;Cursando
RA-814;2;P;Aluno-814;11;Masculino;2022;Pública;Ametista;7,97;7,42;9,09;7,51;7,5;8;7;;7,05;10;2;0;2024;7,5;Cursando
RA-637;2;P;Aluno-637;12;Feminino;2021;Pública;Ametista;7,69;7,5;6,23;7,51;7,75;6,5;9;;7,78;10;2;0;2024;8,33;Cursando
RA-652;2;P;Aluno-652;11;Feminino;2022;Pública;Ametista;7,36;8;6,93;7,51;5,5;4,5;6,5;;7,66;10;2;0;2024;7,92;Cursando
RA-816;2;P;Aluno-816;11;Feminino;2022;Privada;Topázio;8,93;7;9,77;7,51;9,25;8,5;10;;8,79;10;2;0;2024;9,17;Cursando
RA-1504;2;P;Aluno-1504;12;Feminino;2024;Pública;Ágata;6,06;7,5;4,61;5,63;6,75;5;8,5;;6,94;5;3;-1;2024;5,83;Cursando
RA-638;2;P;Aluno-638;11;Feminino;2021;Pública;Ágata;6,75;8,5;5,73;7,51;5;4;6;;5,94;10;2;0;2024;8,12;Cursando
RA-1505;2;P;Aluno-1505;13;Masculino;2024;Pública;Ágata;6,72;9,5;7,53;7,51;3,75;3;4,5;;6,94;5;3;-1;2024;8,75;Cursando
RA-643;2;P;Aluno-643;12;Masculino;2022;Pública;Ágata;6,4;9;6,87;7,51;4,5;3;6;;5,83;5;3;-1;2024;8,12;Cursando
RA-645;2;P;Aluno-645;12;Feminino;2022;Pública;Ametista;7,5;7,42;8,39;7,51;5,25;3;7,5;;7,56;10;2;0;2024;7,71;Cursando
RA-1068;2;R;Aluno-1068;11;Masculino;2023;Pública;Topázio;9,02;9,5;9,07;7,51;9,5;9;10;;8,73;10;2;0;2024;8,54;Cursando
RA-798;2;R;Aluno-798;12;Masculino;2022;Pública;Quartzo;4,67;6,83;3,51;7,51;4,75;4;5,5;;2,94;5;3;-1;2024;5;Cursando
RA-799;2;R;Aluno-799;11;Feminino;2022;Pública;Ametista;7,7;7,92;9,09;7,51;5,25;5;5,5;;7,5;10;2;0;2024;7,92;Cursando
RA-1506;2;R;Aluno-1506;11;Feminino;2024;Pública;Ametista;7,15;8;8,39;7,51;3,5;0;7;;7,89;10;2;0;2024;6,46;Cursando
RA-802;2;R;Aluno-802;11;Masculino;2021;Pública;Ametista;7,83;7,5;7,01;7,51;8,75;9;8,5;;6,72;10;2;0;2024;8,33;Cursando
RA-1507;2;R;Aluno-1507;12;Masculino;2024;Pública;Quartzo;5,05;6,92;4,45;7,51;5;5;5;;3,78;5;3;-1;2024;4,58;Cursando
RA-1071;2;R;Aluno-1071;12;Masculino;2023;Pública;Quartzo;4,8;8;4,19;7,51;4,5;4;5;;3;5;3;-1;2024;4,17;Cursando
RA-1508;2;R;Aluno-1508;10;Feminino;2024;Pública;Topázio;8,18;7,5;7,23;7,51;9,25;10;8,5;;8,17;10;2;0;2024;7,5;Cursando
RA-1509;2;R;Aluno-1509;11;Masculino;2024;Pública;Ametista;7,56;8,5;6,52;7,51;7,5;7;8;;7,45;10;2;0;2024;6,67;Cursando
RA-1510;2;R;Aluno-1510;11;Feminino;2024;Pública;Topázio;9,46;10;9,77;7,51;10;10;10;;9;10;2;0;2024;9,58;Cursando
RA-785;2;U;Aluno-785;11;Feminino;2022;Pública;Topázio;9,15;9,5;10;7,51;9;8;10;;8,89;10;2;0;2024;8,75;Cursando
RA-1511;2;U;Aluno-1511;11;Feminino;2024;Pública;Topázio;8,92;10;9,33;7,51;8,75;8;9,5;;8,56;10;2;0;2024;8,44;Cursando
RA-752;2;U;Aluno-752;12;Feminino;2022;Pública;Ágata;6,57;9,5;7,53;7,51;5,75;7;4,5;;5,61;5;3;-1;2024;5,94;Cursando
RA-790;2;U;Aluno-790;13;Masculino;2022;Pública;Ágata;6,81;7,5;6,81;7,51;6,75;4;9,5;;6,88;5;3;-1;2024;7,19;Cursando
RA-590;2;U;Aluno-590;12;Feminino;2021;Privada;Ágata;6,71;8;8,46;6,26;4;8;0;;7,72;5;3;-1;2024;7,5;Cursando
RA-1512;2;U;Aluno-1512;10;Feminino;2024;Pública;Topázio;8,1;9,5;10;7,51;5,5;7;4;;7,61;10;2;0;2024;7,81;Cursando
RA-472;2;U;Aluno-472;14;Feminino;2022;Pública;Ágata;6,64;7,5;7,48;7,51;6,25;4;8,5;;6,33;5;3;-1;2024;6,25;Cursando
RA-628;2;U;Aluno-628;13;Masculino;2022;Pública;Topázio;8,24;9;10;7,51;9;8;10;;7,83;5;3;-1;2024;7,19;Cursando
RA-1513;2;U;Aluno-1513;12;Feminino;2024;Pública;Ágata;6,55;8,5;7,53;7,51;3,75;4;3,5;;7,22;5;3;-1;2024;7,5;Cursando
RA-1514;2;U;Aluno-1514;12;Feminino;2024;Pública;Ametista;7,52;9;7,98;7,51;5,5;5;6;;7,27;10;2;0;2024;7,19;Cursando
RA-629;2;U;Aluno-629;11;Feminino;2022;Pública;Topázio;8,06;10;9,52;7,51;6;6;6;;7,28;10;2;0;2024;7,5;Cursando
RA-832;2;U;Aluno-832;11;Masculino;2022;Pública;Topázio;8,24;9;8,7;7,51;8;7;9;;7,5;10;2;0;2024;7,5;Cursando
RA-1515;2;U;Aluno-1515;12;Feminino;2024;Pública;Quartzo;5,83;6,42;6,67;6,26;3,5;6;1;;6,72;5;3;-1;2024;6,88;Cursando
RA-833;2;U;Aluno-833;11;Masculino;2022;Pública;Topázio;8,52;9;9,33;7,51;8;9;7;;7,95;10;2;0;2024;8,12;Cursando
RA-819;2;U;Aluno-819;10;Masculino;2022;Pública;Topázio;8,65;10;7,78;7,51;9;8;10;;8,5;10;1;1;2024;8,44;Cursando
RA-1073;3;A;Aluno-1073;13;Feminino;2022;Pública;Ametista;7,09;9,17;6,37;7,5;6,5;6,5;5;8;5,79;10;3;0;2024;6,88;Cursando
RA-494;3;A;Aluno-494;13;Feminino;2022;Privada;Ametista;7,92;7,5;7,33;8,76;6,33;6;5,5;7,5;8,91;10;3;0;2024;7,81;Cursando
RA-484;3;A;Aluno-484;13;Masculino;2022;Pública;Quartzo;3,84;8,33;3,91;2,51;0;0;0;;3,12;10;3;0;2024;3,44;Cursando
RA-496;3;A;Aluno-496;13;Masculino;2021;Privada;Ágata;6,73;10;5,32;6,26;5,67;5;4,5;7,5;6,16;10;3;0;2024;6,72;Cursando
RA-1516;3;A;Aluno-1516;13;Feminino;2024;Privada;Ametista;7,22;9,59;5,4;9,38;4,67;0;5;9;7,55;10;3;3;2024;7,97;Cursando
RA-1143;3;A;Aluno-1143;16;Feminino;2021;Pública;Quartzo;5,88;9,59;5,2;9,38;3,17;3;6,5;;6,79;2,5;6;-3;2024;7,03;Cursando
RA-1517;3;A;Aluno-1517;15;Masculino;2024;Pública;Ágata;6,24;9,17;4,31;9,38;4,67;5;4,5;4,5;6,71;5;4;-1;2024;7,5;Cursando
RA-1518;3;A;Aluno-1518;15;Feminino;2022;Pública;Quartzo;5,72;7,08;5,71;9,38;1,75;0;3,5;;6,58;5;4;-1;2024;7,66;Cursando
RA-227;3;A;Aluno-227;13;Masculino;2022;Pública;Topázio;8,07;9,59;8,1;9,38;6,5;4;6;9,5;7,54;10;3;0;2024;7,5;Cursando
RA-487;3;A;Aluno-487;12;Feminino;2021;Privada;Topázio;9,42;9,17;9,44;9,38;9,67;10;9;10;9,17;10;3;0;2024;9,06;Cursando
RA-1076;3;A;Aluno-1076;13;Feminino;2021;Pública;Ametista;7,48;8,33;7,78;8,12;6,33;5,5;6,5;7;6,54;10;3;0;2024;7,03;Cursando
RA-1084;3;A;Aluno-1084;12;Feminino;2023;Pública;Ágata;6,91;8,75;7,71;5,63;3,67;1;6;4;7,46;10;3;0;2024;7,03;Cursando
RA-1519;3;A;Aluno-1519;15;Masculino;2024;Outros;Ametista;7,21;9,59;5,56;8,76;4,83;0;6,5;8;7,5;10;3;3;2024;7,97;Cursando
RA-490;3;A;Aluno-490;12;Feminino;2022;Privada;Ametista;7,37;9,17;5,51;8,76;6,17;5,5;6;7;7,3;10;2;1;2024;7,81;Cursando
RA-346;3;A;Aluno-346;12;Masculino;2022;Pública;Ametista;7,76;10;9,15;2,51;6,17;6;4,5;8;8,25;10;3;0;2024;7,97;Cursando
RA-546;3;B;Aluno-546;13;Feminino;2021;Pública;Quartzo;5,7;5,83;3,78;8,14;4,67;0;4;10;5,5;10;3;0;2024;5,16;Cursando
RA-1087;3;B;Aluno-1087;13;Feminino;2023;Pública;Ágata;6,91;7,92;8,39;8,76;2,67;2;5;1;6,58;10;3;0;2024;7,19;Cursando
RA-493;3;B;Aluno-493;11;Feminino;2021;Pública;Ametista;7,46;10;8,93;10;3,17;3;4;2,5;6,7;10;2;1;2024;7,03;Cursando
RA-1520;3;B;Aluno-1520;14;Feminino;2024;Pública;Ametista;7;8,33;9,06;8,75;3,75;4;3,5;;7,33;5;4;-1;2024;7,66;Cursando
RA-1072;3;B;Aluno-1072;12;Masculino;2023;Pública;Ametista;7,82;8,75;5,63;8,76;8,17;8;7;9,5;7,54;10;3;0;2024;7,97;Cursando
RA-1521;3;B;Aluno-1521;14;Feminino;2024;Pública;Quartzo;5,07;7,5;6,16;2,51;3,17;2;5,5;2;5,45;5;4;-1;2024;6,09;Cursando
RA-536;3;B;Aluno-536;11;Feminino;2021;Pública;Ametista;7,77;8,33;9,11;8,14;5,5;6,5;4,5;5,5;7,42;10;2;1;2024;7,19;Cursando
RA-1079;3;B;Aluno-1079;13;Masculino;2023;Pública;Quartzo;5,43;7,5;4,52;2,51;6,33;5;7,5;6,5;4,16;10;3;0;2024;4,22;Cursando
RA-331;3;B;Aluno-331;14;Feminino;2021;Pública;Ágata;6,23;8,75;7,74;8,76;3,5;4;3,5;3;5,62;5;4;-1;2024;6,09;Cursando
RA-1522;3;B;Aluno-1522;13;Masculino;2024;Pública;Topázio;8,33;8,75;10;9,38;7;10;4;;7,13;10;3;0;2024;6,88;Cursando
RA-1096;3;B;Aluno-1096;11;Feminino;2023;Pública;Topázio;9,19;9,17;9,87;8,76;8,5;8,5;7;10;9,09;10;2;1;2024;9,06;Cursando
RA-513;3;B;Aluno-513;11;Masculino;2021;Privada;Topázio;8,73;10;8,83;8,14;7,67;9;5,5;8,5;8,54;10;2;1;2024;9,06;Cursando
RA-531;3;B;Aluno-531;12;Masculino;2022;Pública;Ametista;7,91;9,17;9,8;4,38;6,67;6,5;4,5;9;7,34;10;3;0;2024;7,97;Cursando
RA-1523;3;B;Aluno-1523;11;Masculino;2024;Pública;Topázio;8,67;6,67;9,28;8,76;8,17;8;6,5;10;8,76;10;2;1;2024;8,91;Cursando
RA-1524;3;B;Aluno-1524;14;Feminino;2024;Pública;Quartzo;5,55;7,92;2,78;7,51;4;4;;;6,92;5;4;-1;2024;7,66;Cursando
RA-1147;3;B;Aluno-1147;15;Feminino;2023;Pública;Quartzo;5,83;8,75;6,13;8,76;3,17;2;5;2,5;5,5;5;4;-1;2024;6,25;Cursando
RA-479;3;C;Aluno-479;12;Masculino;2021;Privada;Topázio;8,9;9,17;9,87;2,51;9,67;10;9;10;9,45;10;2;1;2024;9,38;Cursando
RA-517;3;C;Aluno-517;14;Feminino;2021;Pública;Quartzo;5,88;7,5;5,27;2,51;5;4,5;4;6,5;6,11;10;3;0;2024;6,04;Cursando
RA-325;3;C;Aluno-325;12;Masculino;2022;Pública;Topázio;8,39;9,17;9,87;7,51;7;7;5,5;8,5;7,55;10;3;0;2024;8,33;Cursando
RA-1525;3;C;Aluno-1525;13;Masculino;2024;Pública;Ametista;7,78;7,92;8,29;5,63;7;6,5;5,5;9;7,55;10;3;0;2024;8,54;Cursando
RA-518;3;C;Aluno-518;12;Masculino;2022;Pública;Ágata;6,35;8,33;6,83;2,51;4;7,5;3,5;1;6,94;10;3;0;2024;7,08;Cursando
RA-1146;3;C;Aluno-1146;15;Feminino;2023;Pública;Quartzo;5,39;10;5,02;6,88;2;2;0;4;5,88;5;5;-2;2024;6,25;Cursando
RA-530;3;C;Aluno-530;12;Masculino;2021;Pública;Ametista;7,21;8,75;6,47;9,38;4,5;4;6;3,5;7,5;10;3;0;2024;7,08;Cursando
RA-524;3;C;Aluno-524;13;Masculino;2021;Pública;Ametista;7,03;7,08;5,11;2,51;8,67;8,5;7,5;10;7,39;10;3;0;2024;8,33;Cursando
RA-578;3;C;Aluno-578;12;Masculino;2021;Privada;Topázio;9,07;10;10;2,51;9,83;10;9,5;10;9,45;10;2;1;2024;9,58;Cursando
RA-526;3;C;Aluno-526;14;Masculino;2022;Pública;Ametista;7,84;9,59;9,38;8,13;7,33;8,5;3,5;10;7,5;5;4;-1;2024;7,29;Cursando
RA-528;3;C;Aluno-528;13;Masculino;2021;Pública;Ametista;7,28;9,17;5,79;7,51;6,67;8,5;4,5;7;6,94;10;3;0;2024;7,29;Cursando
RA-516;3;C;Aluno-516;11;Masculino;2021;Privada;Topázio;8,38;10;10;2,51;8,83;8;8,5;10;7,56;10;2;1;2024;8,54;Cursando
RA-534;3;C;Aluno-534;14;Masculino;2021;Pública;Ametista;7,09;9,59;6,04;7,51;5;4;4;7;7,1;10;3;0;2024;7,5;Cursando
RA-1097;3;C;Aluno-1097;15;Masculino;2023;Pública;Quartzo;5,48;10;4,85;6,25;3;4,5;4,5;;5,88;5;4;-1;2024;6,04;Cursando
RA-360;3;C;Aluno-360;14;Feminino;2021;Pública;Ágata;6,29;8,33;5,62;5;5,83;4;6;7,5;6,99;5;4;-1;2024;7,71;Cursando
RA-1526;3;D;Aluno-1526;13;Feminino;2024;Pública;Ametista;7,98;9,17;10;8,75;3,75;2;5,5;;8,13;10;3;0;2024;8,12;Cursando
RA-1077;3;D;Aluno-1077;12;Masculino;2023;Pública;Quartzo;5,54;0;7,7;6,88;2;0;6;;6,37;10;3;0;2024;6,41;Cursando
RA-508;3;D;Aluno-508;12;Masculino;2022;Pública;Ágata;6,77;7,08;5,57;7,51;4,67;0;7;7;7,5;10;2;1;2024;7,66;Cursando
RA-363;3;D;Aluno-363;14;Masculino;2022;Privada;Ametista;7,62;9,59;9,52;5,62;5,33;4;3,5;8,5;6,96;10;3;0;2024;7,34;Cursando
RA-340;3;D;Aluno-340;13;Masculino;2021;Pública;Ágata;6,72;7,92;6,59;7,51;5,17;6;7;2,5;5,83;10;3;0;2024;6,56;Cursando
RA-1527;3;D;Aluno-1527;13;Masculino;2024;Pública;Topázio;8,63;9,17;10;7,51;8;9;7;;7,84;10;3;0;2024;7,97;Cursando
RA-509;3;D;Aluno-509;13;Feminino;2021;Pública;Ágata;6,92;9,17;6,36;2,51;6;6;4,5;7,5;7,25;10;3;0;2024;8,28;Cursando
RA-500;3;D;Aluno-500;12;Feminino;2021;Privada;Topázio;8,08;9,59;10;2,51;6,67;6;6;8;8,38;10;3;0;2024;8,59;Cursando
RA-1528;3;D;Aluno-1528;13;Masculino;2024;Pública;Ametista;7,62;9,17;7,79;7,51;5,67;3;6;8;7,34;10;3;0;2024;7,97;Cursando
RA-1089;3;D;Aluno-1089;12;Feminino;2023;Pública;Ametista;7,62;9,17;7,04;8,13;6,83;6;6;8,5;7;10;3;0;2024;7,19;Cursando
RA-1090;3;D;Aluno-1090;14;Masculino;2023;Pública;Ametista;7,77;9,59;7,62;7,51;6,33;3,5;7,5;8;7,42;10;3;0;2024;7,81;Cursando
RA-503;3;D;Aluno-503;12;Masculino;2021;Pública;Topázio;8,55;9,59;9,82;7,51;7,67;6;8;9;7,79;10;2;1;2024;7,81;Cursando
RA-1093;3;D;Aluno-1093;12;Masculino;2023;Pública;Topázio;8,51;7,5;7,72;8,13;8,67;8,5;8;9,5;8,88;10;3;0;2024;8,91;Cursando
RA-1094;3;D;Aluno-1094;12;Feminino;2023;Pública;Topázio;8,02;9,17;9,52;2,51;7,33;6;7,5;8,5;8,17;10;3;0;2024;8,44;Cursando
RA-1095;3;D;Aluno-1095;14;Masculino;2023;Pública;Ágata;6,11;7,5;7,85;7,51;2,33;3;2;2;5,12;10;3;0;2024;5,47;Cursando
RA-1098;3;D;Aluno-1098;14;Feminino;2023;Pública;Ágata;6,57;8,75;5,82;7,51;3,5;1;3,5;6;6,75;10;3;0;2024;7,34;Cursando
RA-1106;3;F;Aluno-1106;13;Masculino;2023;Pública;Quartzo;5,94;8,33;5,43;7,51;0;0;0;;7,5;10;3;0;2024;7,66;Cursando
RA-568;3;F;Aluno-568;16;Masculino;2021;Pública;Quartzo;5,55;7,92;3,26;8,13;5,17;5;5,5;5;5,5;5;5;-2;2024;6,56;Cursando
RA-558;3;F;Aluno-558;16;Masculino;2022;Pública;Quartzo;5,05;9,17;3,78;8,13;3;2,5;4;2,5;4,27;5;5;-2;2024;6,09;Cursando
RA-559;3;F;Aluno-559;13;Masculino;2021;Pública;Ágata;6,16;10;5,71;8,13;3,17;1;2,5;6;4,73;10;3;0;2024;6,25;Cursando
RA-1529;3;F;Aluno-1529;14;Feminino;2024;Pública;Ágata;6,71;6,67;7,44;7,51;5,5;6;5,5;5;6,96;5;4;-1;2024;8,12;Cursando
RA-1111;3;F;Aluno-1111;12;Feminino;2023;Pública;Ágata;6,12;6,25;4,6;7,5;5;5;4;6;5,82;10;2;1;2024;6,56;Cursando
RA-1108;3;F;Aluno-1108;13;Masculino;2023;Pública;Ágata;6,02;9,17;3,75;8,13;3,67;3,5;3,5;4;5,42;10;3;0;2024;7,19;Cursando
RA-542;3;F;Aluno-542;13;Feminino;2021;Pública;Ágata;6,72;8,75;6,48;8,13;3,93;1,5;5;5,3;6,23;10;3;0;2024;7,03;Cursando
RA-543;3;F;Aluno-543;12;Feminino;2022;Pública;Topázio;8,05;8,75;9,62;2,51;6,83;7;6,5;7;8,7;10;2;1;2024;8,91;Cursando
RA-1530;3;F;Aluno-1530;13;Masculino;2024;Pública;Quartzo;4,64;0;2,52;8,13;2,83;1,5;7;;5,26;10;3;0;2024;7,03;Cursando
RA-555;3;F;Aluno-555;14;Masculino;2021;Pública;Quartzo;5,11;10;2,75;6,88;4,33;5;4;4;5,03;5;4;-1;2024;5;Cursando
RA-1531;3;F;Aluno-1531;14;Masculino;2024;Pública;Ametista;7,05;8,75;7,97;7,5;5,83;4,5;8;5;7,14;5;4;-1;2024;7,34;Cursando
RA-1099;3;G;Aluno-1099;14;Feminino;2023;Pública;Ametista;7,33;8,33;8,13;10;3,83;2,5;3,5;5,5;6,62;10;3;0;2024;7,81;Cursando
RA-1154;3;G;Aluno-1154;14;Masculino;2023;Pública;Ametista;7,57;7,92;9,2;7,51;8;7;7;10;6,74;5;4;-1;2024;7,34;Cursando
RA-1100;3;G;Aluno-1100;12;Masculino;2023;Pública;Ágata;6,65;7,5;7,1;7,51;4,67;4;4;6;5,62;10;2;1;2024;6,72;Cursando
RA-381;3;G;Aluno-381;15;Masculino;2021;Pública;Quartzo;5,94;8,33;6,13;7,51;3,67;2,5;4,5;4;6,12;5;5;-2;2024;6,72;Cursando
RA-364;3;G;Aluno-364;13;Masculino;2021;Pública;Topázio;8,27;8,75;9,53;7,51;7,5;8;5;9,5;7,21;10;3;0;2024;7,97;Cursando
RA-539;3;G;Aluno-539;13;Feminino;2022;Privada;Topázio;8,47;10;9,23;7,51;5,83;5;3,5;9;9,13;10;3;0;2024;8,75;Cursando
RA-573;3;G;Aluno-573;13;Masculino;2021;Pública;Ametista;7,84;9,17;9,5;8,76;5;6;3,5;5,5;6,83;10;3;0;2024;7,81;Cursando
RA-1107;3;G;Aluno-1107;13;Feminino;2023;Pública;Quartzo;5,97;8,75;6,2;2,51;2,5;1;3,5;3;6,78;10;3;0;2024;7,5;Cursando
RA-368;3;G;Aluno-368;15;Masculino;2021;Pública;Ágata;6,78;7,92;6,17;7,51;7;4,5;7;9,5;6,7;5;4;-1;2024;7,66;Cursando
RA-387;3;G;Aluno-387;15;Masculino;2021;Pública;Ágata;6,13;7,5;7,17;7,51;4,33;5;4;4;6;5;4;-1;2024;6,25;Cursando
RA-556;3;G;Aluno-556;13;Feminino;2021;Pública;Quartzo;5,83;7,08;6,17;2,51;3,83;1,5;4,5;5,5;6,16;10;3;0;2024;6,41;Cursando
RA-389;3;G;Aluno-389;13;Masculino;2021;Pública;Ametista;7,21;9,59;6,67;8,76;5,17;6,5;4;5;6,74;10;3;0;2024;6,56;Cursando
RA-390;3;G;Aluno-390;13;Feminino;2022;Pública;Ágata;6,55;7,5;6,08;8,76;4,17;3;2,5;7;6,08;10;3;0;2024;6,56;Cursando
RA-376;3;G;Aluno-376;14;Feminino;2021;Pública;Quartzo;5,9;10;8,29;2,51;2,83;2;5;1,5;6,32;5;4;-1;2024;6,56;Cursando
RA-584;3;G;Aluno-584;12;Feminino;2021;Pública;Ágata;6,75;8,75;5,64;8,76;4,33;2;5;6;6,37;10;3;0;2024;7,34;Cursando
RA-535;3;H;Aluno-535;12;Feminino;2021;Pública;Ametista;7,66;9,17;7,16;8,14;6;7;5,5;5,5;7,5;10;3;0;2024;7,97;Cursando
RA-547;3;H;Aluno-547;13;Feminino;2021;Pública;Ametista;7,21;8,75;7,03;8,14;6,83;9;4,5;7;5,93;10;3;0;2024;5,62;Cursando
RA-557;3;H;Aluno-557;12;Masculino;2021;Privada;Topázio;9,35;10;8,76;7,51;9,67;10;9;10;9,58;10;3;0;2024;10;Cursando
RA-548;3;H;Aluno-548;13;Masculino;2021;Pública;Ametista;7,24;9,17;7,6;7,51;6,67;9;5;6;5,63;10;3;0;2024;5,94;Cursando
RA-1102;3;H;Aluno-1102;12;Masculino;2023;Pública;Topázio;8,44;8,75;9,39;8,13;9,33;10;8;10;7,07;10;2;1;2024;5,94;Cursando
RA-1532;3;H;Aluno-1532;15;Masculino;2024;Pública;Quartzo;4,55;0;3,91;7,51;2;0;6;;6,83;5;4;-1;2024;7,5;Cursando
RA-538;3;H;Aluno-538;14;Masculino;2022;Pública;Ágata;6,51;8,75;7,67;7,51;6,17;10;4,5;4;5,29;5;4;-1;2024;5,62;Cursando
RA-365;3;H;Aluno-365;11;Feminino;2022;Pública;Topázio;8,53;9,59;10;7,51;6,67;8;7;5;8,2;10;2;1;2024;8,44;Cursando
RA-563;3;H;Aluno-563;12;Feminino;2021;Pública;Topázio;8,6;9,17;9,46;8,14;8,33;10;9;6;7,47;10;3;0;2024;8,12;Cursando
RA-1157;3;H;Aluno-1157;15;Masculino;2023;Pública;Ametista;7,92;9,59;9,08;7,51;7;8;6;7;8,47;5;4;-1;2024;7,97;Cursando
RA-258;3;H;Aluno-258;13;Feminino;2021;Pública;Ágata;6,43;7,08;6,94;7,51;2,5;;5;;6,73;10;3;0;2024;7,34;Cursando
RA-369;3;H;Aluno-369;13;Masculino;2022;Pública;Quartzo;5,67;8,75;4,91;7,51;1,67;0;0;5;5,43;10;3;0;2024;6,41;Cursando
RA-375;3;H;Aluno-375;13;Masculino;2021;Pública;Ametista;7,97;9,59;9,44;7,51;6,83;9;5,5;6;6,43;10;3;0;2024;7,19;Cursando
RA-1533;3;I;Aluno-1533;14;Feminino;2024;Pública;Topázio;9,09;9,17;9,71;8,14;9,5;10;8,5;10;8,34;10;3;0;2024;8,5;Cursando
RA-1534;3;I;Aluno-1534;13;Feminino;2024;Pública;Ametista;7,19;7,92;9,67;8,14;1,17;2;1,5;;8,08;10;3;0;2024;8;Cursando
RA-1160;3;I;Aluno-1160;14;Masculino;2023;Pública;Ágata;6,27;8,75;8,2;7,51;3,17;5,5;2;2;6,25;5;4;-1;2024;6,25;Cursando
RA-562;3;I;Aluno-562;13;Feminino;2021;Pública;Topázio;8,39;8,33;9,83;8,14;7,83;7,5;7,5;8,5;7,25;10;3;0;2024;7,62;Cursando
RA-1112;3;I;Aluno-1112;13;Masculino;2023;Pública;Ágata;6,86;9,59;9,03;8,14;4;4;4;4;4,7;10;3;0;2024;5,38;Cursando
RA-1535;3;I;Aluno-1535;13;Feminino;2024;Pública;Ametista;7,11;8,75;5,1;7,51;5,83;7,5;5,5;4,5;7,92;10;3;0;2024;7,12;Cursando
RA-1536;3;I;Aluno-1536;15;Feminino;2024;Pública;Ametista;7,65;9,17;8,72;8,14;7;10;3,5;7,5;7,46;5;4;-1;2024;7,88;Cursando
RA-357;3;I;Aluno-357;14;Masculino;2022;Pública;Ametista;7,73;8,75;9,03;8,14;7,67;8,5;7;7,5;7,08;5;4;-1;2024;7,88;Cursando
RA-583;3;I;Aluno-583;14;Feminino;2021;Pública;Ametista;7,45;7,92;8,9;8,14;5;6,5;4,5;4;6,87;10;3;0;2024;6,88;Cursando
RA-1537;3;I;Aluno-1537;14;Feminino;2024;Pública;Topázio;8,18;9,17;8,33;8,14;8,67;10;6;10;8,67;5;4;-1;2024;8,12;Cursando
RA-599;3;K;Aluno-599;12;Masculino;2022;Pública;Topázio;8,36;10;8,61;9,38;7,67;8;7;8;7,28;10;2;1;2024;7,08;Cursando
RA-651;3;K;Aluno-651;12;Feminino;2022;Pública;Topázio;8,69;9,17;10;7,51;7,5;10;6;6,5;8,34;10;2;1;2024;8,54;Cursando
RA-1131;3;K;Aluno-1131;13;Feminino;2023;Privada;Topázio;8,29;8,33;9,28;6,26;8,33;8;7;10;7,89;10;3;0;2024;7,29;Cursando
RA-403;3;K;Aluno-403;14;Masculino;2021;Pública;Topázio;8,01;8,75;7,36;7,51;7,67;6;8;9;7,61;10;3;0;2024;8,54;Cursando
RA-1538;3;K;Aluno-1538;13;Masculino;2021;Pública;Ametista;7,96;9,17;7,94;8,13;7,17;7,5;6;8;7,11;10;2;1;2024;7,92;Cursando
RA-469;3;K;Aluno-469;13;Feminino;2022;Pública;Ametista;7,68;9,17;9,5;7,51;5;6;4;5;6,94;10;3;0;2024;7,29;Cursando
RA-1121;3;K;Aluno-1121;12;Masculino;2023;Pública;Topázio;8,41;9,59;10;7,51;6,67;9;5;6;8,28;10;3;0;2024;7,08;Cursando
RA-1122;3;K;Aluno-1122;12;Masculino;2023;Pública;Ametista;7,82;8,75;9,86;7,51;5,33;5;4,5;6,5;7,22;10;2;1;2024;7,08;Cursando
RA-422;3;K;Aluno-422;14;Masculino;2022;Pública;Quartzo;5,54;7,5;6,16;7,51;2,83;3;4,5;1;5,5;5;4;-1;2024;6,46;Cursando
RA-1117;3;K;Aluno-1117;12;Feminino;2023;Pública;Ametista;7,6;8,75;8,31;7,51;5,67;5;5;7;6,83;10;2;1;2024;8,12;Cursando
RA-1539;3;K;Aluno-1539;13;Feminino;2024;Pública;Ametista;7,71;6,67;9,03;6,88;6,83;6;7;7,5;7,06;10;3;0;2024;7,71;Cursando
RA-618;3;K;Aluno-618;15;Masculino;2021;Pública;Ágata;6,72;10;8,32;6,88;4,17;5;4,5;3;6,83;5;5;-2;2024;6,67;Cursando
RA-669;3;K;Aluno-669;12;Masculino;2022;Pública;Ágata;6,64;7,5;4,85;7,51;5,33;5;6;5;6,88;10;3;0;2024;7,29;Cursando
RA-408;3;K;Aluno-408;14;Feminino;2022;Pública;Ágata;6,53;7,5;4,98;7,51;4,83;3;5,5;6;6,78;10;3;0;2024;7,08;Cursando
RA-610;3;K;Aluno-610;11;Feminino;2022;Pública;Ametista;7,89;9,59;9,69;3,76;6,33;8;5;6;8,34;10;2;1;2024;6,88;Cursando
RA-409;3;K;Aluno-409;13;Feminino;2022;Pública;Topázio;8,23;9,59;9,23;7,51;7,17;7;7,5;7;7,22;10;3;0;2024;7,92;Cursando
RA-464;3;L;Aluno-464;15;Feminino;2022;Pública;Ágata;6,87;9,17;7,85;8,76;4,33;3;3,5;6,5;7,12;5;4;-1;2024;7,19;Cursando
RA-1165;3;L;Aluno-1165;13;Feminino;2023;Pública;Ametista;7,91;8,75;6,83;8,14;8;9;7,5;7,5;7,83;10;3;0;2024;6,88;Cursando
RA-466;3;L;Aluno-466;15;Masculino;2022;Pública;Ágata;6,78;8,75;7,22;8,76;4;3;6,5;2,5;7,66;5;4;-1;2024;7,5;Cursando
RA-414;3;L;Aluno-414;14;Feminino;2021;Pública;Ametista;7,19;7,92;8,43;7,51;6;9;3;6;5,67;10;3;0;2024;6,25;Cursando
RA-401;3;L;Aluno-401;14;Feminino;2021;Pública;Ágata;6,73;6,67;6,84;6,88;4,83;7;5;2,5;6,92;10;3;0;2024;6,56;Cursando
RA-1141;3;L;Aluno-1141;13;Feminino;2023;Pública;Ágata;6,79;9,59;6,19;7,51;4,17;5;4,5;3;6,78;10;3;0;2024;6,56;Cursando
RA-592;3;L;Aluno-592;12;Feminino;2021;Privada;Ametista;7,12;7,92;6,11;2,51;7,83;7;8;8,5;7,62;10;2;1;2024;7,66;Cursando
RA-474;3;L;Aluno-474;15;Masculino;2021;Pública;Ágata;6,02;9,17;5,82;7,51;3;4;3;2;6,87;5;4;-1;2024;7,19;Cursando
RA-602;3;L;Aluno-602;13;Masculino;2021;Pública;Topázio;8,65;9,59;9,67;7,51;7,33;9;5;8;8,54;10;3;0;2024;8,28;Cursando
RA-666;3;L;Aluno-666;12;Masculino;2022;Pública;Topázio;8,19;10;7,88;7,51;7,17;10;5,5;6;8,38;10;3;0;2024;7,5;Cursando
RA-604;3;L;Aluno-604;12;Feminino;2021;Pública;Ametista;7,43;8,33;7,5;8,13;7;8;5,5;7,5;6,21;10;2;1;2024;6,41;Cursando
RA-476;3;L;Aluno-476;14;Feminino;2021;Pública;Ágata;6,74;7,92;6,6;7,51;4,5;7;4;2,5;6,74;10;3;0;2024;6,25;Cursando
RA-423;3;L;Aluno-423;14;Feminino;2022;Pública;Ágata;6,62;5,83;6,5;8,13;4,33;6;3,5;3,5;6,83;10;3;0;2024;6,88;Cursando
RA-631;3;L;Aluno-631;14;Masculino;2022;Pública;Ágata;6,8;8,33;7,21;8,75;4,17;7;3,5;2;6,24;10;3;0;2024;5,62;Cursando
RA-658;3;M;Aluno-658;12;Feminino;2022;Pública;Ametista;7,51;8,75;10;8,14;3,67;5,5;2,5;3;6,74;10;2;1;2024;7,38;Cursando
RA-1540;3;M;Aluno-1540;14;Feminino;2024;Pública;Quartzo;5,7;8,33;5;7,51;2,67;2;2;4;6,83;5;4;-1;2024;7,12;Cursando
RA-1541;3;M;Aluno-1541;13;Masculino;2024;Pública;Topázio;8,34;9,17;8,63;6,88;8,17;9;7;8,5;7,74;10;3;0;2024;8,25;Cursando
RA-1114;3;M;Aluno-1114;12;Feminino;2023;Pública;Ametista;7,44;8,75;9,53;2,51;5;5;3;7;7,84;10;3;0;2024;8,38;Cursando
RA-662;3;M;Aluno-662;13;Feminino;2022;Pública;Ametista;7,11;7,92;7,61;7,51;4,17;4,5;5;3;7,23;10;3;0;2024;7,62;Cursando
RA-760;3;M;Aluno-760;13;Masculino;2021;Pública;Ágata;6,94;9,17;7,09;7,51;5;2,5;3,5;9;6,16;10;3;0;2024;6,25;Cursando
RA-1542;3;M;Aluno-1542;16;Feminino;2024;Pública;Ágata;6,09;7,5;6,3;8,14;3,17;1;3,5;5;6,97;5;5;-2;2024;7,38;Cursando
RA-404;3;M;Aluno-404;14;Feminino;2021;Pública;Ágata;6,62;8,33;6,29;2,51;5,67;6;5;6;7;10;3;0;2024;7,5;Cursando
RA-1119;3;M;Aluno-1119;14;Feminino;2023;Pública;Ametista;7,39;9,59;8,72;7,51;5,67;6;3,5;7,5;7,7;5;4;-1;2024;7,62;Cursando
RA-1116;3;M;Aluno-1116;15;Masculino;2023;Pública;Quartzo;3,79;0;3,36;6,26;2,33;1;3;3;5,07;5;4;-1;2024;5,12;Cursando
RA-667;3;M;Aluno-667;13;Masculino;2021;Pública;Ametista;7,18;9,17;7,04;7,51;4,67;5,5;4,5;4;6,97;10;3;0;2024;7,75;Cursando
RA-605;3;M;Aluno-605;13;Feminino;2021;Pública;Ágata;6,02;7,5;6,19;6,88;2,67;1,5;3,5;3;5,53;10;3;0;2024;7;Cursando
RA-1543;3;M;Aluno-1543;14;Masculino;2024;Pública;Ágata;6,75;7,5;8,08;7,51;5;6;4;;7,07;5;4;-1;2024;7,25;Cursando
RA-1118;3;M;Aluno-1118;14;Feminino;2023;Pública;Ametista;7,03;7,08;7,85;9,38;3,83;3;4,5;4;6,87;10;3;0;2024;6,75;Cursando
RA-1544;3;M;Aluno-1544;14;Feminino;2024;Pública;Ágata;6,91;8,33;8,67;6,88;5,83;5,5;5,5;6,5;6,6;5;4;-1;2024;6,62;Cursando
RA-1545;3;N;Aluno-1545;12;Feminino;2024;Pública;Ametista;7,3;7,5;6,21;8,13;8,17;8;6,5;10;6,16;10;3;0;2024;6,25;Cursando
RA-1127;3;N;Aluno-1127;12;Feminino;2023;Pública;Topázio;8,18;9,17;10;7,51;5,83;8,5;4,5;4,5;7,67;10;3;0;2024;8,12;Cursando
RA-1129;3;N;Aluno-1129;12;Masculino;2023;Pública;Ametista;7,36;9,17;7,14;8,13;6,83;9;5,5;6;5,74;10;3;0;2024;6,88;Cursando
RA-1546;3;N;Aluno-1546;14;Masculino;2024;Pública;Ágata;6,9;8,33;6,37;8,75;4,67;5;3;6;6,17;10;3;0;2024;7,5;Cursando
RA-1130;3;N;Aluno-1130;12;Masculino;2023;Pública;Ágata;6,56;8,75;6,28;8,13;4,33;7,5;3,5;2;5,33;10;3;0;2024;6,88;Cursando
RA-1168;3;N;Aluno-1168;14;Feminino;2023;Pública;Ágata;6,86;9,59;7,68;7,51;5,67;8,5;3,5;5;6,33;5;4;-1;2024;7,19;Cursando
RA-613;3;N;Aluno-613;15;Masculino;2021;Pública;Ametista;7,4;8,33;9,57;7,51;7,33;8;6;8;6,25;5;4;-1;2024;6,88;Cursando
RA-433;3;N;Aluno-433;14;Masculino;2022;Pública;Ametista;7,22;7,92;8,38;8,13;4,83;6,5;4;4;6,42;10;3;0;2024;6,88;Cursando
RA-1547;3;N;Aluno-1547;14;Feminino;2024;Pública;Ágata;6,75;7,92;6,47;8,13;6,67;9,5;6;4,5;6,34;5;4;-1;2024;7,5;Cursando
RA-1548;3;N;Aluno-1548;13;Feminino;2024;Pública;Ágata;6,48;8,33;5,24;7,51;4,83;9;4,5;1;5,66;10;3;0;2024;7,5;Cursando
RA-304;3;N;Aluno-304;16;Masculino;2021;Pública;Ágata;6,85;10;7,83;7,51;7,17;9;5,5;7;5,82;2,5;6;-3;2024;6,88;Cursando
RA-1549;3;N;Aluno-1549;15;Masculino;2024;Pública;Ágata;6,51;9,59;7,44;7,51;4,17;5,5;3;4;6,32;5;5;-2;2024;7,19;Cursando
RA-632;3;P;Aluno-632;12;Feminino;2022;Pública;Ametista;7,52;7,92;9;6,88;4,17;0;6;6,5;7,88;10;3;0;2024;8,28;Cursando
RA-633;3;P;Aluno-633;13;Feminino;2021;Pública;Quartzo;5,23;4,58;4,71;2,51;3,33;4;6;;6,12;10;3;0;2024;6,88;Cursando
RA-1137;3;P;Aluno-1137;11;Feminino;2023;Pública;Ametista;7,18;8,33;7,59;8,13;3,5;1;4,5;5;7,46;10;2;1;2024;8,28;Cursando
RA-646;3;P;Aluno-646;14;Masculino;2021;Pública;Ametista;7,72;10;9,27;7,51;6,17;9;4,5;5;7,75;5;4;-1;2024;8,28;Cursando
RA-1550;3;P;Aluno-1550;15;Masculino;2024;Pública;Ágata;6,06;9,59;5,22;7,51;4,33;5;3;5;6,2;5;4;-1;2024;7,03;Cursando
RA-1139;3;P;Aluno-1139;12;Masculino;2023;Pública;Ágata;6,91;8,33;6,15;7,51;4,67;5;3;6;7,04;10;2;1;2024;7,5;Cursando
RA-444;3;P;Aluno-444;14;Masculino;2021;Pública;Quartzo;5,41;8,33;6,38;2,51;3,67;2;5;4;5,96;5;4;-1;2024;6,25;Cursando
RA-445;3;P;Aluno-445;14;Masculino;2022;Pública;Ametista;7,34;7,92;8,72;7,51;4;3;6;3;7,37;10;3;0;2024;7,81;Cursando
RA-639;3;P;Aluno-639;12;Feminino;2021;Pública;Quartzo;5,77;7,92;5,28;2,51;3,83;1;4,5;6;6,16;10;3;0;2024;6,72;Cursando
RA-1142;3;P;Aluno-1142;12;Feminino;2023;Pública;Topázio;8,39;8,33;9,13;7,51;8,5;10;8;7,5;7,34;10;3;0;2024;8,12;Cursando
RA-1551;3;P;Aluno-1551;15;Masculino;2024;Pública;Quartzo;5,97;9,59;4,77;7,51;3,5;1;5,5;4;6,79;5;5;-2;2024;7,5;Cursando
RA-458;3;P;Aluno-458;15;Masculino;2021;Pública;Quartzo;5,68;8,75;3,74;6,88;4;3;4;5;6,83;5;4;-1;2024;7,03;Cursando
RA-1552;3;P;Aluno-1552;13;Masculino;2024;Pública;Ametista;7,44;9,59;9,74;7,51;3,17;1;4,5;4;7,16;10;3;0;2024;7,19;Cursando
RA-1170;3;P;Aluno-1170;15;Masculino;2023;Pública;Ágata;6,1;9,17;5,57;8,13;3,5;1;2,5;7;6,75;5;5;-2;2024;7,03;Cursando
RA-642;3;P;Aluno-642;12;Feminino;2021;Pública;Ametista;7,08;9,59;9,15;3,76;4;2;5;5;7;10;3;0;2024;7,19;Cursando
RA-1553;3;R;Aluno-1553;13;Masculino;2024;Pública;Ametista;7,64;8,33;9;7,51;4,33;6;5;2;7,78;10;3;0;2024;8,33;Cursando
RA-1554;3;R;Aluno-1554;15;Masculino;2024;Pública;Ágata;6,94;6,67;9,63;8,76;4;3;;5;7,22;5;5;-2;2024;7,29;Cursando
RA-649;3;R;Aluno-649;14;Feminino;2021;Pública;Ágata;6,99;8,75;6;8,76;3,67;5,5;4;1,5;7,33;10;3;0;2024;8,33;Cursando
RA-1136;3;R;Aluno-1136;14;Feminino;2023;Pública;Quartzo;5,46;8,75;4,55;8,14;1,67;1;2;2;6,38;5;4;-1;2024;7,5;Cursando
RA-653;3;R;Aluno-653;13;Feminino;2022;Pública;Topázio;8,1;8,75;9,54;8,76;5,17;6,5;4,5;4,5;7,89;10;3;0;2024;8,33;Cursando
RA-456;3;R;Aluno-456;13;Feminino;2022;Pública;Topázio;8,33;7,08;9,38;7,51;6,5;9;6;4,5;8,89;10;3;0;2024;9,17;Cursando
RA-655;3;R;Aluno-655;14;Feminino;2021;Pública;Topázio;8,24;7,5;10;8,76;6,83;8;4;8,5;7,17;10;3;0;2024;8,12;Cursando
RA-656;3;R;Aluno-656;13;Feminino;2021;Pública;Ágata;6,67;9,17;5,98;7,51;4,17;5;3,5;4;6,11;10;3;0;2024;7,5;Cursando
RA-657;3;R;Aluno-657;13;Feminino;2021;Pública;Topázio;8,21;8,75;9,6;6,88;7,5;8;4,5;10;7,06;10;3;0;2024;8,12;Cursando
RA-1555;3;R;Aluno-1555;13;Masculino;2024;Pública;Ametista;7,48;8,33;10;6,26;3;9;0;;8,06;10;3;0;2024;8,12;Cursando
RA-461;3;R;Aluno-461;13;Feminino;2021;Pública;Ametista;7,54;8,75;9,18;7,51;4,5;3;4,5;6;7,06;10;3;0;2024;7,71;Cursando
RA-398;3;U;Aluno-398;12;Feminino;2022;Pública;Ametista;7,25;7,08;5,73;7,51;8;8,5;7,5;8;6,55;10;3;0;2024;7,29;Cursando
RA-586;3;U;Aluno-586;11;Feminino;2021;Privada;Topázio;8,7;9,17;9,24;7,51;8,5;7,5;8;10;8,06;10;2;1;2024;8,75;Cursando
RA-623;3;U;Aluno-623;15;Masculino;2022;Pública;Ágata;6,36;8,33;7,4;6,88;4;3,5;2,5;6;7,05;5;4;-1;2024;6,46;Cursando
RA-588;3;U;Aluno-588;11;Feminino;2021;Privada;Topázio;8,68;9,17;9,83;7,51;7,83;8,5;8;7;8;10;2;1;2024;8,75;Cursando
RA-626;3;U;Aluno-626;13;Masculino;2021;Pública;Ágata;6,41;9,59;3,38;6,88;5,33;5,5;3,5;7;6,44;10;3;0;2024;7,29;Cursando
RA-1556;3;U;Aluno-1556;14;Masculino;2024;Pública;Ágata;6,67;7,92;5,22;7,51;4;3,5;;4,5;7,44;10;3;0;2024;7,92;Cursando
RA-455;3;U;Aluno-455;14;Feminino;2022;Pública;Ametista;7,1;8,75;6,11;8,13;4,5;3;6,5;4;7,28;10;3;0;2024;8,33;Cursando
RA-614;3;U;Aluno-614;14;Masculino;2021;Pública;Ametista;7,83;9,59;9,7;7,51;6,83;8;4,5;8;7,6;5;4;-1;2024;7,92;Cursando
RA-434;3;U;Aluno-434;13;Masculino;2022;Pública;Ágata;6,61;7,08;5,06;7,51;5,5;5,5;5,5;5,5;6,55;10;3;0;2024;7,29;Cursando
RA-603;3;U;Aluno-603;12;Masculino;2022;Pública;Ágata;6,94;9,59;7,16;6,88;4,67;4,5;5,5;4;6,22;10;3;0;2024;6,88;Cursando
RA-1133;3;U;Aluno-1133;11;Feminino;2023;Pública;Topázio;8,24;9,17;9,84;8,75;4,5;5;3,5;5;8,83;10;2;1;2024;8,12;Cursando
RA-616;3;U;Aluno-616;14;Masculino;2021;Pública;Quartzo;5,46;7,5;3,09;6,88;3,83;3;3,5;5;4,95;10;3;0;2024;6,46;Cursando
RA-1134;3;U;Aluno-1134;12;Masculino;2023;Pública;Ametista;7,76;8,75;8,91;7,51;6;6;5,5;6,5;6,88;10;3;0;2024;7,71;Cursando
RA-1557;3;U;Aluno-1557;14;Feminino;2024;Pública;Topázio;8,23;9,59;8,92;7,51;7;6;;8;7,72;10;3;0;2024;7,92;Cursando
RA-670;3;U;Aluno-670;12;Feminino;2022;Privada;Topázio;8,86;9,59;9,44;7,51;8,67;9;7;10;8,17;10;2;1;2024;8,96;Cursando
RA-620;3;U;Aluno-620;14;Masculino;2021;Pública;Quartzo;5,77;8,33;3,98;7,51;2,5;3,5;2,5;1,5;5,89;10;3;0;2024;7,08;Cursando
RA-1149;4;A;Aluno-1149;15;Feminino;2023;Pública;Topázio;8,14;8,33;10;10;6;2;6;10;8,71;5;5;-1;2024;8,62;Cursando
RA-1558;4;A;Aluno-1558;16;Masculino;2024;Pública;Ametista;7,64;9,17;8,71;8,76;5,5;5;5,5;6;8,3;5;5;-1;2024;8,5;Cursando
RA-326;4;A;Aluno-326;14;Feminino;2022;Privada;Topázio;8,83;9,17;8,97;6,26;9,33;10;9;9;8,7;10;3;1;2024;8,88;Cursando
RA-339;4;A;Aluno-339;13;Feminino;2021;Pública;Ametista;7,71;7,5;7,16;5,64;8,17;8;7;9,5;7,67;10;3;1;2024;8;Cursando
RA-179;4;A;Aluno-179;13;Masculino;2022;Privada;Topázio;8,93;9,17;9,41;9,38;8,17;7;8;9,5;8,44;10;3;1;2024;8,75;Cursando
RA-1559;4;A;Aluno-1559;15;Feminino;2024;Pública;Ágata;6,33;7,92;5,29;6,88;4,67;8;0;6;7,6;5;5;-1;2024;8,38;Cursando
RA-332;4;A;Aluno-332;15;Masculino;2021;Privada;Topázio;8,42;9,59;7,61;9,38;7;7;7;7;8,71;10;3;1;2024;8,62;Cursando
RA-1560;4;A;Aluno-1560;14;Feminino;2024;Privada;Topázio;8,47;9,17;9,21;5,64;8,17;6;8,5;10;8,34;10;3;1;2024;8,5;Cursando
RA-1153;4;A;Aluno-1153;15;Feminino;2021;Privada;Topázio;8,27;8,75;9,7;5,64;8,5;8;8,5;9;9,07;5;5;-1;2024;8,75;Cursando
RA-183;4;A;Aluno-183;15;Feminino;2022;Pública;Topázio;8,27;7,92;9,25;6,26;7,5;5;7,5;10;8,37;10;4;0;2024;8,25;Cursando
RA-199;4;A;Aluno-199;15;Masculino;2022;Privada;Ametista;7,42;8,33;7,55;6,88;7,17;5;9;7,5;8,21;5;5;-1;2024;8,12;Cursando
RA-1561;4;A;Aluno-1561;16;Masculino;2024;Pública;Ametista;7,94;9,59;9,17;5;9;8,5;8,5;10;7,73;5;5;-1;2024;8;Cursando
RA-336;4;A;Aluno-336;15;Masculino;2021;Pública;Ágata;6,83;7,5;5,51;6,26;5,83;6;6,5;5;7,2;10;4;0;2024;7,5;Cursando
RA-347;4;A;Aluno-347;14;Feminino;2021;Pública;Topázio;8,38;8,75;9,67;6,88;7,67;6,5;7,5;9;7,77;10;3;1;2024;8;Cursando
RA-397;4;A;Aluno-397;16;Feminino;2021;Pública;Ágata;6,81;7,92;7,89;5,63;5,67;5;4,5;7,5;7,4;5;6;-2;2024;7,62;Cursando
RA-338;4;B;Aluno-338;14;Masculino;2021;Pública;Topázio;8,05;9,17;7,44;7,51;6,83;5;8;7,5;8,84;10;4;0;2024;7,62;Cursando
RA-392;4;B;Aluno-392;16;Masculino;2022;Pública;Quartzo;4,36;9,59;5,41;5,64;1;0;2;1;3,54;5;5;-1;2024;3,5;Cursando
RA-352;4;B;Aluno-352;13;Masculino;2021;Pública;Quartzo;5,98;8,33;4,45;6,26;3,17;2;5,5;2;6,79;10;3;1;2024;6,38;Cursando
RA-1562;4;B;Aluno-1562;16;Feminino;2024;Pública;Quartzo;5,46;6,25;8,67;5,01;0,5;0,5;;;6,87;5;6;-2;2024;6,25;Cursando
RA-367;4;B;Aluno-367;13;Feminino;2021;Pública;Ametista;7,21;9,17;7,27;6,26;5;2;5,5;7,5;7,63;10;3;1;2024;6,88;Cursando
RA-1563;4;B;Aluno-1563;15;Feminino;2024;Pública;Ametista;7,6;8,75;8,31;7,51;7;5;7,5;8,5;8,46;5;5;-1;2024;7,25;Cursando
RA-1564;4;B;Aluno-1564;15;Masculino;2024;Pública;Quartzo;5,08;8,33;4,94;6,88;2,17;1;3,5;2;5,29;5;5;-1;2024;5,75;Cursando
RA-1565;4;B;Aluno-1565;16;Masculino;2024;Pública;Quartzo;5,82;0;8,1;7,51;5,5;7;3;6,5;6,04;5;5;-1;2024;6,38;Cursando
RA-1566;4;B;Aluno-1566;17;Feminino;2024;Pública;Ametista;7,76;9,17;9,25;7,51;6,5;3;8;8,5;8,34;5;6;-2;2024;7,75;Cursando
RA-1567;4;B;Aluno-1567;16;Feminino;2024;Pública;Ametista;7,91;8,33;8,77;7,51;8,17;5;9,5;10;8,34;5;6;-2;2024;7,75;Cursando
RA-356;4;B;Aluno-356;14;Masculino;2021;Pública;Ágata;6,63;8,33;6,66;5,64;5,33;1;7;8;6,54;10;3;1;2024;5,25;Cursando
RA-1568;4;B;Aluno-1568;15;Feminino;2024;Pública;Ametista;7,8;9,17;7,49;7,51;8,17;7,5;7,5;9,5;8,5;5;5;-1;2024;8;Cursando
RA-247;4;B;Aluno-247;14;Feminino;2021;Pública;Ágata;6,65;0;8,31;6,26;4,33;0;5;8;8,59;10;4;0;2024;7,75;Cursando
RA-204;4;B;Aluno-204;15;Feminino;2021;Pública;Ametista;7,84;9,17;6,83;6,26;7,5;5;7,5;10;8,59;10;4;0;2024;7,12;Cursando
RA-1569;4;B;Aluno-1569;17;Feminino;2024;Pública;Quartzo;5,72;6,67;7,11;6,26;2,17;2;3;1,5;6,92;5;6;-2;2024;6,88;Cursando
RA-1570;4;B;Aluno-1570;16;Feminino;2024;Pública;Ametista;7,89;9,59;7,54;7,51;8,33;6,5;9;9,5;8,67;5;5;-1;2024;7,75;Cursando
RA-1571;4;B;Aluno-1571;16;Masculino;2024;Pública;Ametista;7,25;8,33;9,11;5;5,67;5;6;6;8,54;5;5;-1;2024;7,5;Cursando
RA-1572;4;C;Aluno-1572;15;Feminino;2024;Pública;Topázio;8,08;9,17;9,84;7,51;7,5;7,5;6,5;8,5;8,39;5;5;-1;2024;7,66;Cursando
RA-1150;4;C;Aluno-1150;17;Masculino;2023;Pública;Ametista;7,1;8,33;6,48;7,51;6,83;4;6,5;10;7,95;5;6;-2;2024;7,66;Cursando
RA-1573;4;C;Aluno-1573;16;Masculino;2024;Pública;Ágata;6,74;9,17;6,12;6,26;5;0;6;9;8,56;5;5;-1;2024;7,66;Cursando
RA-1574;4;C;Aluno-1574;16;Feminino;2024;Pública;Ametista;7,78;8,75;8,4;7,51;7,33;7;6;9;8,62;5;5;-1;2024;7,81;Cursando
RA-1151;4;C;Aluno-1151;13;Feminino;2023;Pública;Topázio;8,75;7,5;9,72;5,64;9;9;8;10;9,39;10;3;1;2024;8,12;Cursando
RA-1575;4;C;Aluno-1575;16;Feminino;2024;Pública;Ametista;7,32;9,17;8,62;6,88;5,33;0;7,5;8,5;8,28;5;5;-1;2024;7,66;Cursando
RA-1081;4;C;Aluno-1081;15;Feminino;2023;Privada;Topázio;8,55;6,67;9,52;5;8,83;9,5;8;9;8,95;10;4;0;2024;9,17;Cursando
RA-342;4;C;Aluno-342;16;Feminino;2021;Pública;Ágata;6,76;8,75;7,73;6,26;4,5;6,5;7;;7,72;5;5;-1;2024;7,66;Cursando
RA-1576;4;C;Aluno-1576;16;Feminino;2024;Pública;Ametista;7,46;8,33;9,52;5,64;6,67;7,5;4,5;8;8,44;5;5;-1;2024;6,41;Cursando
RA-187;4;C;Aluno-187;14;Feminino;2021;Privada;Topázio;8,57;8,75;9,54;5,64;7,83;7,5;7;9;9,06;10;4;0;2024;8,44;Cursando
RA-359;4;C;Aluno-359;14;Feminino;2021;Pública;Ametista;7,49;9,17;7,16;6,26;5,5;4;4,5;8;8,33;10;3;1;2024;7,5;Cursando
RA-1577;4;C;Aluno-1577;16;Masculino;2024;Pública;Ágata;6,31;10;4,99;7,51;4,33;4;7;2;7,27;5;5;-1;2024;7,34;Cursando
RA-236;4;F;Aluno-236;14;Feminino;2022;Pública;Ágata;6,98;9,17;7,89;6,26;4,5;1,5;4;8;6,36;10;4;0;2024;6,88;Cursando
RA-249;4;F;Aluno-249;16;Masculino;2021;Pública;Ágata;6,13;7,08;6,65;5;5;1;8;6;7,06;5;6;-2;2024;6,75;Cursando
RA-239;4;F;Aluno-239;17;Feminino;2021;Pública;Ágata;6,78;8,75;6,36;5,64;6,67;4;10;6;8,5;2,5;7;-3;2024;7,88;Cursando
RA-382;4;F;Aluno-382;16;Masculino;2021;Pública;Quartzo;5,81;9,17;6,32;5,63;3;2;3;4;6,43;5;5;-1;2024;6,75;Cursando
RA-383;4;F;Aluno-383;13;Masculino;2021;Pública;Topázio;8,04;9,17;8,6;7,51;5,83;1;8;8,5;8,47;10;3;1;2024;7,88;Cursando
RA-1155;4;F;Aluno-1155;15;Feminino;2023;Pública;Ametista;7,12;8,33;8,89;5;4,67;6;8;;8,87;5;5;-1;2024;8;Cursando
RA-384;4;F;Aluno-384;14;Feminino;2021;Pública;Topázio;8,07;7,5;8,61;7,51;7,5;5;9,5;8;7,94;10;4;0;2024;7,62;Cursando
RA-1156;4;F;Aluno-1156;13;Feminino;2023;Pública;Ágata;6,68;7,5;7,82;7,51;2;6;0;;7,5;10;3;1;2024;7,12;Cursando
RA-1578;4;F;Aluno-1578;13;Feminino;2024;Pública;Ametista;7,88;8,33;6,76;7,51;7,33;6;6;10;8,64;10;3;1;2024;7,5;Cursando
RA-388;4;F;Aluno-388;16;Feminino;2021;Pública;Quartzo;5,97;7,5;6,35;7,51;4,33;1;7;5;5,76;5;5;-1;2024;6,75;Cursando
RA-260;4;F;Aluno-260;15;Feminino;2021;Pública;Topázio;8,45;8,75;9,67;7,51;7;7,5;5,5;8;8,5;10;4;0;2024;7,88;Cursando
RA-395;4;F;Aluno-395;13;Feminino;2021;Pública;Ametista;7,17;8,75;6,92;6,26;4,33;2,5;5,5;5;8,46;10;3;1;2024;7,25;Cursando
RA-262;4;F;Aluno-262;17;Masculino;2021;Privada;Quartzo;5,81;7,92;4,85;7,51;4,17;1;4,5;7;6,3;5;6;-2;2024;7;Cursando
RA-1579;4;F;Aluno-1579;16;Feminino;2022;Pública;Ametista;7,89;8,75;9,09;5,64;7,17;7,5;6;8;9,27;5;6;-2;2024;8,5;Cursando
RA-1580;4;F;Aluno-1580;16;Masculino;2024;Pública;Ametista;7,79;8,75;9,05;7,51;6,17;5;7,5;6;9,17;5;5;-1;2024;7,88;Cursando
RA-377;4;F;Aluno-377;14;Feminino;2021;Pública;Ametista;7,48;9,17;7,7;7,51;5,17;4;6,5;5;7,63;10;4;0;2024;7,12;Cursando
RA-250;4;H;Aluno-250;14;Feminino;2022;Privada;Topázio;9,05;9,17;9,63;6,88;9,17;10;7,5;10;8,95;10;4;0;2024;8,96;Cursando
RA-1581;4;H;Aluno-1581;16;Masculino;2024;Pública;Ágata;6,98;8,33;7,83;6,26;6,33;7;4,5;7,5;7,39;5;5;-1;2024;7,08;Cursando
RA-1582;4;H;Aluno-1582;15;Masculino;2024;Pública;Ágata;6,47;8,33;8,07;6,26;4,5;7;2;4,5;6,67;5;5;-1;2024;6,67;Cursando
RA-1583;4;H;Aluno-1583;15;Feminino;2024;Pública;Ametista;7,82;7,92;7,75;6,26;8,17;8;6,5;10;9,01;5;5;-1;2024;9,17;Cursando
RA-450;4;L;Aluno-450;15;Masculino;2021;Pública;Ametista;7,53;8,75;8,95;5,63;7,5;8;8,5;6;7,58;5;5;-1;2024;7,81;Cursando
RA-426;4;L;Aluno-426;15;Feminino;2022;Pública;Ágata;6,64;7,92;7,91;4,38;4,83;3,5;7;4;8;5;5;-1;2024;7,66;Cursando
RA-1584;4;L;Aluno-1584;15;Feminino;2024;Pública;Ametista;7,43;8,33;9,15;7,51;5,5;6;5,5;5;8,17;5;5;-1;2024;7,81;Cursando
RA-313;4;L;Aluno-313;15;Feminino;2022;Pública;Ametista;7,25;8,75;9,67;5,63;4,83;1;8;5,5;8,17;5;5;-1;2024;7,81;Cursando
RA-467;4;L;Aluno-467;15;Feminino;2022;Pública;Ametista;7,73;7,92;9,14;5,01;6,83;5,5;9;6;7,54;10;4;0;2024;7,34;Cursando
RA-1585;4;L;Aluno-1585;15;Feminino;2024;Pública;Ágata;6,73;10;6,78;7,51;4;5;3;4;7,79;5;5;-1;2024;7,66;Cursando
RA-432;4;L;Aluno-432;16;Feminino;2021;Pública;Ametista;7,17;7,5;10;6,26;5,5;5;6;5,5;7,29;5;5;-1;2024;7,34;Cursando
RA-1586;4;L;Aluno-1586;15;Feminino;2024;Pública;Ágata;6,56;10;6,13;5,01;5,67;3,5;5,5;8;7,54;5;5;-1;2024;6,88;Cursando
RA-470;4;L;Aluno-470;15;Feminino;2021;Pública;Ágata;6,98;9,59;8,01;7,51;3,33;3,5;4;2,5;6,5;10;4;0;2024;7,03;Cursando
RA-417;4;L;Aluno-417;14;Feminino;2022;Pública;Topázio;8,53;8,33;8,4;7,51;8,83;9;10;7,5;8,29;10;4;0;2024;8,44;Cursando
RA-407;4;L;Aluno-407;15;Masculino;2022;Pública;Ametista;7,09;8,33;7,61;6,26;3,67;2;5;4;7,88;10;4;0;2024;7,97;Cursando
RA-1587;4;L;Aluno-1587;16;Feminino;2024;Pública;Ametista;7,34;9,17;10;7,51;3,75;7,5;0;;8,21;5;6;-2;2024;7,81;Cursando
RA-1588;4;L;Aluno-1588;14;Feminino;2024;Pública;Ametista;7,3;7,92;8,64;7,51;4;3,5;4,5;;7,42;10;4;0;2024;7,5;Cursando
RA-424;4;L;Aluno-424;14;Feminino;2022;Pública;Ametista;7,34;8,33;9,62;7,51;3,33;2;6;2;7,16;10;4;0;2024;7,34;Cursando
RA-1193;4;L;Aluno-1193;15;Feminino;2023;Pública;Ágata;6,63;8,75;7,76;5,64;4;3;6;3;7,79;5;5;-1;2024;7,81;Cursando
RA-411;4;M;Aluno-411;14;Feminino;2021;Privada;Ametista;7,28;7,08;9,15;5,64;4,83;3,5;7;4;7,41;10;4;0;2024;7,29;Cursando
RA-412;4;M;Aluno-412;14;Feminino;2021;Pública;Topázio;8,04;8,33;8,46;6,26;7,33;8;6;8;8,12;10;4;0;2024;8,02;Cursando
RA-428;4;M;Aluno-428;14;Masculino;2022;Pública;Ametista;7,53;9,17;8,9;5,64;5;3;4;8;7,62;10;4;0;2024;7,5;Cursando
RA-315;4;M;Aluno-315;15;Feminino;2022;Pública;Ágata;6,08;0;5,92;7,51;6,83;6,5;6,5;7,5;7,63;5;5;-1;2024;7,5;Cursando
RA-442;4;M;Aluno-442;13;Feminino;2022;Pública;Ágata;6,91;8,33;5,92;5,64;5;4,5;7;3,5;7,88;10;3;1;2024;7,5;Cursando
RA-301;4;M;Aluno-301;15;Feminino;2021;Pública;Topázio;8,41;9,17;7,49;7,51;9;10;9;8;8,21;10;4;0;2024;8,02;Cursando
RA-1163;4;M;Aluno-1163;15;Masculino;2023;Pública;Topázio;8,68;8,33;9,82;7,51;7,83;9,5;6,5;7,5;8,76;10;4;0;2024;8,12;Cursando
RA-402;4;M;Aluno-402;14;Feminino;2021;Pública;Quartzo;5,68;7,5;3,07;6,26;4,17;3;3,5;6;6,12;10;4;0;2024;6,35;Cursando
RA-1589;4;M;Aluno-1589;15;Feminino;2024;Pública;Quartzo;5,26;0;6,26;7,51;2,5;3;2;;7,54;5;5;-1;2024;7,5;Cursando
RA-1162;4;M;Aluno-1162;14;Feminino;2023;Pública;Ametista;7,47;7,92;9,14;6,26;5,67;4;7,5;5,5;7,04;10;4;0;2024;6,88;Cursando
RA-471;4;M;Aluno-471;14;Feminino;2021;Pública;Ágata;6,64;0;7,03;7,51;5,5;4;5,5;7;8,04;10;4;0;2024;7,71;Cursando
RA-416;4;M;Aluno-416;14;Masculino;2021;Privada;Topázio;8,7;8,75;8,97;7,51;8;8;7,5;8,5;9,13;10;3;1;2024;8,54;Cursando
RA-303;4;M;Aluno-303;16;Masculino;2021;Pública;Ágata;6,24;8,75;3,95;7,51;5,67;5;5;7;7,54;5;6;-2;2024;6,88;Cursando
RA-418;4;M;Aluno-418;12;Feminino;2021;Privada;Topázio;9,13;8,75;10;7,51;9,33;9,5;8,5;10;9,05;10;3;1;2024;8,23;Cursando
RA-419;4;M;Aluno-419;14;Feminino;2021;Privada;Topázio;8,36;7,08;9,38;6,26;8,17;6,5;8;10;8,55;10;3;1;2024;8,02;Cursando
RA-420;4;M;Aluno-420;13;Feminino;2021;Privada;Ametista;7,54;8,33;9,56;6,26;4;3;4,5;4,5;7,96;10;3;1;2024;7,81;Cursando
RA-1166;4;M;Aluno-1166;16;Feminino;2023;Pública;Ametista;7,45;8,33;8,5;6,26;6,33;5;7;7;8,62;5;5;-1;2024;8,02;Cursando
RA-425;4;M;Aluno-425;14;Masculino;2022;Pública;Topázio;9,02;10;10;6,26;9;10;7,5;9,5;8,84;10;4;0;2024;8,23;Cursando
RA-1590;4;N;Aluno-1590;15;Feminino;2024;Pública;Topázio;8,19;7,92;8,27;7,51;8,67;8,5;8;9,5;8,81;5;5;-1;2024;10;Cursando
RA-1591;4;N;Aluno-1591;16;Feminino;2024;Pública;Ágata;6,17;7,08;6,43;7,51;3,5;3;4,5;3;7,06;5;6;-2;2024;8,12;Cursando
RA-273;4;N;Aluno-273;16;Feminino;2021;Pública;Ágata;6,6;9,17;7,32;6,26;4,5;3;6,5;4;6,9;5;5;-1;2024;8,12;Cursando
RA-1592;4;N;Aluno-1592;15;Feminino;2024;Pública;Ágata;6,81;7,92;6,85;7,51;5,5;4;7,5;5;7,43;5;5;-1;2024;8,12;Cursando
RA-457;4;N;Aluno-457;14;Feminino;2022;Pública;Topázio;8,59;8,33;8,74;7,51;8,67;8;8;10;7,77;10;3;1;2024;9,69;Cursando
RA-305;4;N;Aluno-305;16;Masculino;2021;Pública;Ágata;6,69;8,33;7,9;6,26;4,83;3;3;8,5;7,03;5;5;-1;2024;7,81;Cursando
RA-421;4;N;Aluno-421;13;Masculino;2021;Pública;Topázio;8,49;8,75;9,54;7,51;6,67;5;6;9;8,57;10;3;1;2024;9,06;Cursando
RA-1169;4;N;Aluno-1169;15;Feminino;2023;Pública;Ágata;6,89;6,25;8,44;5,64;6,83;6;6,5;8;6,8;5;5;-1;2024;7,81;Cursando
RA-1593;4;N;Aluno-1593;15;Masculino;2024;Pública;Ágata;6,64;6,25;4,87;6,26;6,5;9;6,5;4;8,54;5;5;-1;2024;9,06;Cursando
RA-1594;4;N;Aluno-1594;16;Masculino;2024;Pública;Quartzo;5,73;9,59;6,11;6,26;3;1;4;4;6;5;6;-2;2024;6,25;Cursando
RA-283;4;N;Aluno-283;16;Masculino;2021;Pública;Ametista;7,94;8,75;9,76;6,88;8;6,5;8;9,5;7,74;5;6;-2;2024;7,81;Cursando
RA-459;4;N;Aluno-459;14;Masculino;2021;Pública;Ametista;7,23;7,92;8,45;5,64;4,67;0;6;8;7,37;10;4;0;2024;7,81;Cursando
RA-454;4;R;Aluno-454;17;Masculino;2021;Pública;Quartzo;5,85;9,59;6,63;6,26;3,67;3;2;6;5,83;5;6;-2;2024;5,42;Cursando
RA-1595;4;R;Aluno-1595;14;Masculino;2024;Pública;Ágata;6,66;8,33;7,95;6,26;2,33;3;0;4;7,02;10;4;0;2024;7,4;Cursando
RA-1596;4;R;Aluno-1596;17;Feminino;2024;Pública;Ametista;7,26;8,75;10;7,51;3,33;5;0;5;8,23;5;6;-2;2024;8,23;Cursando
RA-170;4;R;Aluno-170;16;Feminino;2021;Privada;Ametista;7,65;9,17;8,5;5,64;8;10;6,5;7,5;8,03;5;5;-1;2024;7,6;Cursando
RA-1597;4;R;Aluno-1597;16;Feminino;2024;Pública;Ágata;6,72;7,5;8,41;7,51;2,83;2;0;6,5;8,28;5;5;-1;2024;8,12;Cursando
RA-1171;4;R;Aluno-1171;15;Masculino;2023;Pública;Ametista;7,62;8,33;7,23;7,51;7,5;5;9,5;8;8,64;5;5;-1;2024;8,65;Cursando
RA-116;5;A;Aluno-116;18;Feminino;2021;Pública;Ágata;6,34;8,33;7,54;5,64;4,5;6,5;2;5;6,73;5;7;-2;2024;6,88;Cursando
RA-217;5;A;Aluno-217;17;Feminino;2021;Privada;Ametista;7,42;8,33;8,92;6,26;7,83;9;7;7,5;6,99;5;6;-1;2024;7,12;Cursando
RA-103;5;A;Aluno-103;15;Feminino;2021;Privada;Topázio;8,78;8,33;9,6;6,26;9,17;9;9;9,5;8,87;10;5;0;2024;7,88;Cursando
RA-178;5;A;Aluno-178;16;Feminino;2021;Privada;Ametista;7,23;9,59;8,74;6,26;4,17;2,5;2,5;7,5;6,53;10;5;0;2024;7,62;Cursando
RA-1172;5;A;Aluno-1172;17;Feminino;2023;Pública;Quartzo;5,72;7,5;6,06;6,26;3,33;0;5;5;6,2;5;6;-1;2024;7,25;Cursando
RA-180;5;A;Aluno-180;14;Masculino;2021;Privada;Topázio;8,8;9,17;9,43;7,51;8,5;9;8,5;8;8,67;10;3;2;2024;8,12;Cursando
RA-181;5;A;Aluno-181;15;Feminino;2021;Privada;Ametista;7,44;7,5;8,74;6,26;4,33;0;7,5;5,5;8,44;10;5;0;2024;7,62;Cursando
RA-121;5;A;Aluno-121;17;Feminino;2021;Pública;Ametista;7,48;8,75;8,15;6,26;8,83;7,5;9;10;6,76;5;7;-2;2024;7,25;Cursando
RA-211;5;A;Aluno-211;15;Masculino;2021;Privada;Topázio;8,28;9,59;9,38;7,51;7;5,5;6,5;9;7,87;10;5;0;2024;7,25;Cursando
RA-1198;5;A;Aluno-1198;17;Feminino;2023;Pública;Ágata;6,92;8,75;9,46;7,51;3,5;0;1;9,5;7,33;5;6;-1;2024;7,38;Cursando
RA-110;5;A;Aluno-110;16;Masculino;2021;Privada;Topázio;8,63;9,17;9,7;6,26;8,5;10;7;8,5;8,5;10;5;0;2024;7,5;Cursando
RA-189;5;A;Aluno-189;15;Masculino;2021;Privada;Topázio;8,59;10;10;6,26;8,17;7;7,5;10;8,2;10;5;0;2024;6,88;Cursando
RA-127;5;A;Aluno-127;16;Feminino;2022;Privada;Topázio;8,56;8,75;9,49;7,51;7,83;10;3,5;10;8,54;10;5;0;2024;7,62;Cursando
RA-115;5;A;Aluno-115;17;Feminino;2021;Pública;Quartzo;5,4;7,92;4,16;6,26;4,17;6,5;4,5;1,5;5,73;5;7;-2;2024;6,75;Cursando
RA-215;5;B;Aluno-215;15;Feminino;2021;Pública;Ametista;7,05;7,08;6,46;6,26;5,67;5;2;10;7,43;10;5;0;2024;8;Cursando
RA-1598;5;B;Aluno-1598;15;Feminino;2024;Pública;Topázio;8,47;9,59;8,86;7,51;7,5;7,5;7,5;;8,24;10;5;0;2024;8,38;Cursando
RA-1174;5;B;Aluno-1174;16;Feminino;2023;Pública;Ametista;7,37;8,75;8,35;6,26;5;5;3;7;7,27;10;5;0;2024;7,5;Cursando
RA-192;5;B;Aluno-192;17;Masculino;2021;Privada;Ágata;6,88;8,33;6,36;7,51;7,17;4;7,5;10;6,9;5;7;-2;2024;7,12;Cursando
RA-220;5;B;Aluno-220;15;Feminino;2022;Pública;Ametista;7,7;8,75;8,2;6,26;6,83;8;3,5;9;7,33;10;5;0;2024;7,25;Cursando
RA-186;5;B;Aluno-186;15;Feminino;2021;Privada;Topázio;8,33;7,92;9,64;6,26;7,17;6;7;8,5;8,67;10;4;1;2024;8,12;Cursando
RA-1181;5;B;Aluno-1181;15;Feminino;2023;Pública;Ágata;6,2;9,17;5,04;6,26;3,83;1;1;9,5;5,86;10;5;0;2024;7,12;Cursando
RA-1599;5;B;Aluno-1599;17;Feminino;2024;Pública;Ametista;7,61;8,33;9,67;7,51;6,5;7;6;;7,57;5;7;-2;2024;7,75;Cursando
RA-111;5;B;Aluno-111;15;Feminino;2021;Privada;Topázio;8,67;9,17;9,49;6,26;8,33;8;7;10;8,74;10;5;0;2024;8,12;Cursando
RA-1600;5;B;Aluno-1600;17;Feminino;2024;Pública;Ágata;6,75;8,75;8,43;6,26;5,67;5;2;10;6,03;5;7;-2;2024;7,25;Cursando
RA-1601;5;C;Aluno-1601;17;Feminino;2024;Pública;Ametista;7,24;8,75;7;7,51;6,5;5;5;9,5;8,34;5;6;-1;2024;7,5;Cursando
RA-176;5;C;Aluno-176;15;Feminino;2021;Privada;Topázio;8,83;9,59;9,55;6,26;8,83;9;8;9,5;8,54;10;4;1;2024;8,59;Cursando
RA-1602;5;C;Aluno-1602;15;Feminino;2024;Pública;Topázio;8,04;7,92;8,78;7,51;7,17;9,5;2;10;7,88;10;5;0;2024;7,34;Cursando
RA-1603;5;C;Aluno-1603;16;Feminino;2024;Pública;Ametista;7,84;7,5;9,26;7,51;8,33;8,5;7;9,5;7,84;5;6;-1;2024;7,5;Cursando
RA-1604;5;C;Aluno-1604;16;Masculino;2024;Pública;Topázio;8,01;9,17;7,78;7,51;8,5;10;5,5;10;8,88;5;6;-1;2024;8,12;Cursando
RA-193;5;C;Aluno-193;14;Masculino;2021;Privada;Topázio;8,47;8,75;9,85;6,26;7;6,5;4,5;10;8,75;10;4;1;2024;8,44;Cursando
RA-195;5;C;Aluno-195;15;Feminino;2021;Privada;Topázio;8,47;7,5;9,68;6,26;7,83;9;6,5;8;8,96;10;4;1;2024;7,97;Cursando
RA-196;5;C;Aluno-196;14;Masculino;2021;Privada;Topázio;8,82;8,75;9,69;7,51;8;8;7;9;8,92;10;4;1;2024;8,75;Cursando
RA-197;5;C;Aluno-197;14;Feminino;2021;Privada;Topázio;8,57;7,5;9,85;6,26;8,33;7;8;10;8,8;10;5;0;2024;7,97;Cursando
RA-229;5;C;Aluno-229;14;Masculino;2022;Privada;Topázio;8,85;9,59;9,84;5,64;8,83;9,5;7;10;8,84;10;4;1;2024;8,28;Cursando
RA-202;5;C;Aluno-202;16;Feminino;2021;Pública;Ametista;7,35;8,33;7,88;6,26;7,5;8,5;6;8;7,75;5;6;-1;2024;7,66;Cursando
RA-1176;5;C;Aluno-1176;14;Masculino;2023;Privada;Topázio;8,91;8,75;9,68;6,26;9,17;10;8;9,5;8,92;10;4;1;2024;8,59;Cursando
RA-1177;5;C;Aluno-1177;15;Feminino;2023;Pública;Topázio;8,32;8,75;9,82;6,26;7,33;9,5;5,5;7;8,12;10;5;0;2024;7,66;Cursando
RA-146;5;D;Aluno-146;17;Feminino;2022;Pública;Topázio;8,13;8,75;9,51;5,64;9,33;9;9;10;8,3;5;7;-2;2024;7,66;Cursando
RA-1199;5;D;Aluno-1199;18;Masculino;2023;Outros;Ametista;7,61;7,5;8,57;5;9;10;7;10;8,47;5;7;-2;2024;6,56;Cursando
RA-1178;5;D;Aluno-1178;17;Masculino;2023;Pública;Topázio;8,09;8,75;9,68;6,26;8,33;9;8;8;8,7;5;6;-1;2024;7,5;Cursando
RA-149;5;D;Aluno-149;17;Feminino;2022;Pública;Quartzo;5,73;9,59;4,1;6,26;3,83;0;6,5;5;6,63;5;7;-2;2024;7,34;Cursando
RA-1605;5;D;Aluno-1605;16;Masculino;2024;Pública;Quartzo;4,92;0;5,07;7,51;2,5;0;7,5;;7,03;5;6;-1;2024;7,5;Cursando
RA-107;5;D;Aluno-107;16;Feminino;2021;Pública;Ágata;6,68;7,5;7,99;7,51;4,67;0;4,5;9,5;6,96;5;6;-1;2024;7,5;Cursando
RA-184;5;D;Aluno-184;14;Masculino;2021;Privada;Topázio;8,47;8,75;8,7;6,26;8,17;9,5;5;10;9;10;4;1;2024;7,97;Cursando
RA-1606;5;D;Aluno-1606;17;Feminino;2024;Pública;Quartzo;5,82;8,33;5,15;7,51;2,5;7,5;0;;7,13;5;7;-2;2024;7,81;Cursando
RA-1607;5;D;Aluno-1607;16;Masculino;2024;Pública;Quartzo;4,9;5,83;6,22;5,64;0;;0;;6,76;5;6;-1;2024;6,56;Cursando
RA-1608;5;D;Aluno-1608;15;Masculino;2024;Pública;Ametista;7,07;8,75;7,2;7,51;5;8,5;3,5;3;6,83;10;5;0;2024;6,41;Cursando
RA-1173;5;D;Aluno-1173;15;Masculino;2023;Pública;Topázio;8,22;9,17;9,67;7,51;5,83;6;7,5;4;8,2;10;5;0;2024;8,12;Cursando
RA-237;5;F;Aluno-237;16;Feminino;2022;Privada;Ametista;7,93;8,75;9,69;6,26;7,67;6;7;10;8,34;5;6;-1;2024;7,92;Cursando
RA-147;5;F;Aluno-147;16;Feminino;2022;Pública;Ametista;7,4;8,33;9,28;7,51;6,17;6;2,5;10;7,39;5;6;-1;2024;7,5;Cursando
RA-131;5;F;Aluno-131;17;Feminino;2021;Pública;Ametista;7,26;8,75;9,44;7,51;5;4;5;6;7,39;5;7;-2;2024;7,71;Cursando
RA-1609;5;F;Aluno-1609;17;Feminino;2024;Pública;Ametista;7,58;8,33;9,67;7,51;6;6;4;8;7,94;5;7;-2;2024;7,71;Cursando
RA-137;5;F;Aluno-137;18;Feminino;2021;Outros;Ágata;6,58;9,59;7,58;5;6,83;2;8,5;10;6,28;5;7;-2;2024;4,79;Cursando
RA-1184;5;F;Aluno-1184;17;Masculino;2023;Pública;Ametista;7,41;6,67;8,66;7,51;7,67;6;7;10;7,5;5;6;-1;2024;7,29;Cursando
RA-138;5;F;Aluno-138;17;Masculino;2021;Pública;Ametista;7,39;9,59;8,75;7,51;5,83;7,5;5;5;7,44;5;7;-2;2024;7,71;Cursando
RA-1610;5;F;Aluno-1610;17;Masculino;2024;Pública;Ágata;6,7;9,17;7,75;7,51;5,17;4;2;9,5;6,11;5;7;-2;2024;7,29;Cursando
RA-1611;5;F;Aluno-1611;17;Masculino;2024;Pública;Ágata;6,46;7,08;8,36;7,51;4,5;2;2,5;9;5,89;5;7;-2;2024;7,5;Cursando
RA-1612;5;F;Aluno-1612;18;Masculino;2024;Pública;Ametista;7,01;6,67;8,52;7,51;6,17;5;6,5;7;6,94;5;7;-2;2024;7,71;Cursando
RA-1188;5;G;Aluno-1188;16;Feminino;2023;Pública;Ametista;7,8;9,17;10;7,51;7;7;6;8;7,11;5;6;-1;2024;8,12;Cursando
RA-1613;5;G;Aluno-1613;17;Feminino;2024;Pública;Ágata;6,09;8,33;7,14;7,51;3;0;1;8;6,22;5;7;-2;2024;7,29;Cursando
RA-244;5;G;Aluno-244;14;Feminino;2021;Privada;Topázio;8,72;7,5;10;6,26;9,5;10;9;9,5;8,17;10;4;1;2024;8,12;Cursando
RA-267;5;G;Aluno-267;17;Feminino;2021;Pública;Quartzo;5,9;10;8,29;6,26;2;0;2;4;6,27;5;7;-2;2024;4,58;Cursando
RA-1189;5;G;Aluno-1189;16;Feminino;2023;Pública;Ametista;7,65;9,59;8,67;7,51;7,67;7;7;9;7,11;5;6;-1;2024;7,5;Cursando
RA-113;5;G;Aluno-113;16;Feminino;2021;Pública;Ametista;7,04;8,75;7,06;7,51;6,67;7;6;7;7,11;5;6;-1;2024;7,5;Cursando
RA-152;5;L;Aluno-152;17;Feminino;2022;Pública;Ágata;6,58;7,5;7,34;5,63;5,17;0;7,5;8;7,44;5;7;-2;2024;7,81;Cursando
RA-318;5;L;Aluno-318;16;Feminino;2021;Pública;Ametista;7,03;7,92;9,13;7,51;4,67;2;6;6;7,44;5;6;-1;2024;7,34;Cursando
RA-274;5;L;Aluno-274;13;Feminino;2021;Privada;Topázio;8,65;8,33;9,65;5,64;9,33;9;9;10;8,23;10;3;2;2024;8,12;Cursando
RA-319;5;L;Aluno-319;15;Masculino;2022;Pública;Ametista;7,95;9,59;9,02;7,51;5,83;4;5;8,5;7,67;10;5;0;2024;7,34;Cursando
RA-160;5;L;Aluno-160;17;Feminino;2021;Privada;Ágata;6,86;8,33;7,42;6,26;5,67;3;5,5;8,5;7,72;5;6;-1;2024;7,34;Cursando
RA-161;5;L;Aluno-161;15;Feminino;2021;Privada;Ametista;7,26;8,75;7,97;6,26;4;5;7;;7,84;10;5;0;2024;7,97;Cursando
RA-1614;5;L;Aluno-1614;16;Masculino;2024;Pública;Ágata;6,79;7,5;6,57;7,51;6,5;5;5,5;9;7,11;5;6;-1;2024;7,5;Cursando
RA-164;5;L;Aluno-164;17;Masculino;2021;Privada;Ágata;6,84;9,59;8,08;6,26;5,67;6;2;9;6,89;5;7;-2;2024;6,25;Cursando
RA-165;5;L;Aluno-165;16;Feminino;2021;Privada;Topázio;8,46;7,5;9,43;7,51;8,5;10;7,5;8;7,89;10;5;0;2024;7,97;Cursando
RA-1615;5;M;Aluno-1615;15;Feminino;2024;Pública;Topázio;8,42;7,92;9,83;7,51;8,33;8;7;10;7,46;10;5;0;2024;7,5;Cursando
RA-1616;5;M;Aluno-1616;17;Feminino;2024;Pública;Ametista;7,15;8,33;8,44;7,51;6,17;5,5;6,5;6,5;7,12;5;6;-1;2024;7,19;Cursando
RA-271;5;M;Aluno-271;17;Feminino;2022;Pública;Ametista;7,4;9,17;8,96;6,26;7,33;5;7,5;9,5;6,75;5;6;-1;2024;7,5;Cursando
RA-316;5;M;Aluno-316;15;Feminino;2022;Privada;Topázio;8,71;9,17;10;7,51;8;8,5;7;8,5;8,38;10;5;0;2024;7,66;Cursando
RA-286;5;M;Aluno-286;16;Feminino;2022;Pública;Quartzo;5,12;6,67;4,03;6,26;3,17;5;0;4,5;5,78;5;6;-1;2024;7,34;Cursando
RA-320;5;M;Aluno-320;15;Feminino;2022;Privada;Topázio;8,44;9,17;10;7,51;6,67;7,5;5,5;7;8,38;10;5;0;2024;7,66;Cursando
RA-1207;5;M;Aluno-1207;16;Feminino;2023;Pública;Ágata;6,51;8,33;6,58;7,51;5,33;4,5;1,5;10;6,54;5;6;-1;2024;7,34;Cursando
RA-1617;5;M;Aluno-1617;16;Feminino;2024;Pública;Quartzo;4,93;0;5,57;7,51;3,25;0,5;6;;6,12;5;6;-1;2024;6,88;Cursando
RA-158;5;M;Aluno-158;15;Feminino;2021;Privada;Ágata;6,86;8,33;7,8;6,26;4;2,5;1,5;8;6,74;10;5;0;2024;6,88;Cursando
RA-306;5;M;Aluno-306;16;Feminino;2021;Pública;Ágata;6,17;7,92;7,7;7,51;2,83;3,5;1,5;3,5;6,41;5;6;-1;2024;7,34;Cursando
RA-1618;5;M;Aluno-1618;17;Masculino;2024;Pública;Ametista;7,05;8,33;7,91;7,51;6,33;5;7;7;6,83;5;6;-1;2024;7,5;Cursando
RA-308;5;M;Aluno-308;15;Masculino;2021;Pública;Ametista;7,49;7,08;8,71;5,64;6,5;5,5;7;7;7,12;10;4;1;2024;7,5;Cursando
RA-1619;5;M;Aluno-1619;15;Masculino;2024;Pública;Ametista;7,39;7,5;9,26;7,51;4,25;4;4,5;;7,2;10;4;1;2024;7,5;Cursando
RA-299;5;N;Aluno-299;15;Feminino;2021;Privada;Topázio;8,18;8,75;8,96;6,26;8,17;8;7,5;9;7,5;10;4;1;2024;7,5;Cursando
RA-251;5;N;Aluno-251;16;Masculino;2021;Pública;Ágata;6,71;8,75;8,61;5,63;4,5;4;2,5;7;7,33;5;6;-1;2024;6,88;Cursando
RA-157;5;N;Aluno-157;14;Feminino;2021;Privada;Topázio;8,95;8,33;10;6,26;9,67;10;9;10;8,73;10;4;1;2024;8,12;Cursando
RA-1620;5;N;Aluno-1620;16;Masculino;2024;Pública;Ágata;6,65;8,75;6,67;7,51;5,17;5,5;7;3;7,05;5;6;-1;2024;7,5;Cursando
RA-321;5;N;Aluno-321;14;Feminino;2022;Pública;Topázio;8,13;7,92;9,53;6,26;7,17;6;6;9,5;7,78;10;4;1;2024;8,12;Cursando
RA-1195;5;N;Aluno-1195;18;Feminino;2022;Pública;Ametista;7,51;9,59;9,86;5,63;6,17;8;5;5,5;7,66;5;7;-2;2024;7,5;Cursando
RA-1200;5;N;Aluno-1200;16;Feminino;2023;Pública;Quartzo;5,64;7,92;7,1;6,26;1,5;0;4,5;;6,27;5;6;-1;2024;7,5;Cursando
RA-278;5;N;Aluno-278;14;Masculino;2021;Privada;Topázio;8,91;9,17;9,86;7,51;9,33;9;9;10;7,95;10;4;1;2024;8,12;Cursando
RA-85;5;N;Aluno-85;17;Masculino;2022;Pública;Ágata;7;8,33;8,67;3,76;7,67;9;4,5;9,5;6,99;5;7;-2;2024;6,25;Cursando
RA-279;5;N;Aluno-279;15;Masculino;2021;Privada;Topázio;9,11;9,17;10;7,51;9,33;10;8;10;8,73;10;4;1;2024;8,33;Cursando
RA-1621;5;N;Aluno-1621;17;Feminino;2024;Pública;Topázio;8,11;7,92;10;6,26;8,33;7,5;7,5;10;8,45;5;6;-1;2024;8,33;Cursando
RA-280;5;N;Aluno-280;15;Feminino;2021;Privada;Topázio;8,82;7,92;9,86;6,26;9,33;10;8;10;8,67;10;4;1;2024;8,33;Cursando
RA-1201;5;N;Aluno-1201;16;Masculino;2023;Pública;Topázio;8,38;8,75;9,52;7,51;9;9;8;10;8,56;5;6;-1;2024;8,33;Cursando
RA-1622;5;N;Aluno-1622;16;Feminino;2024;Pública;Topázio;8,43;8,33;10;7,51;9,67;10;9;10;7,89;5;6;-1;2024;8,33;Cursando
RA-132;6;A;Aluno-132;16;Feminino;2021;Privada;Topázio;8,47;8,33;8,38;7,51;8,33;7;8;10;8,44;10;6;0;2024;8,59;Cursando
RA-42;6;A;Aluno-42;17;Masculino;2021;Pública;Ametista;7,66;9,17;9,68;5,64;8,17;9;7,5;8;7,13;5;7;-1;2024;6,8;Cursando
RA-1623;6;A;Aluno-1623;17;Masculino;2024;Pública;Ametista;7,76;9,17;8,52;6,26;6;5,5;2,5;10;7,67;10;6;0;2024;7,81;Cursando
RA-106;6;A;Aluno-106;16;Feminino;2021;Privada;Ametista;7,72;9,17;8,76;5,64;5,67;7;3,5;6,5;7,87;10;6;0;2024;7,81;Cursando
RA-123;6;A;Aluno-123;18;Masculino;2021;Privada;Ágata;6,89;7,5;8,41;5,64;7,17;6,5;5,5;9,5;6,43;5;7;-1;2024;6,72;Cursando
RA-125;6;A;Aluno-125;17;Feminino;2022;Privada;Ágata;6,63;8,33;5,64;7,51;6,17;3;7;8,5;7,23;5;7;-1;2024;7,34;Cursando
RA-1624;6;A;Aluno-1624;18;Feminino;2024;Outros;Ametista;7,74;7,92;9,46;7,51;7,5;8;5,5;9;7,64;5;7;-1;2024;7,81;Cursando
RA-1625;6;A;Aluno-1625;17;Masculino;2024;Pública;Ágata;6,89;7,5;7,11;7,51;4,33;3;2;8;6,9;10;6;0;2024;7,19;Cursando
RA-1626;6;A;Aluno-1626;16;Feminino;2024;Pública;Topázio;8,54;8,75;9,7;7,51;7,33;5,5;6,5;10;8,4;10;6;0;2024;8,28;Cursando
RA-1627;6;A;Aluno-1627;17;Feminino;2024;Pública;Ametista;7,48;7,08;7,78;7,51;7,83;6;7,5;10;8,17;5;7;-1;2024;7,66;Cursando
RA-1628;6;A;Aluno-1628;16;Feminino;2024;Pública;Ametista;7,5;8,33;8,51;7,51;5,83;3;5;9,5;6,8;10;6;0;2024;6,88;Cursando
RA-112;6;A;Aluno-112;17;Feminino;2021;Privada;Topázio;8,05;7,08;7,98;7,51;8;9,5;6;8,5;8;10;6;0;2024;7,97;Cursando
RA-1629;6;A;Aluno-1629;17;Feminino;2024;Pública;Ametista;7,56;9,59;8,65;7,51;7,25;8,75;3;10;7,27;5;7;-1;2024;7,19;Cursando
RA-91;6;L;Aluno-91;18;Feminino;2021;Privada;Ametista;7,43;10;7,48;5,64;7,33;9;4;9;8,07;5;7;-1;2024;7,88;Cursando
RA-167;6;L;Aluno-167;18;Feminino;2021;Privada;Topázio;8,03;8,75;9,47;6,26;8,17;8;6,5;10;8,33;5;7;-1;2024;8,38;Cursando
RA-1203;6;L;Aluno-1203;17;Feminino;2023;Privada;Topázio;8,95;9,17;9,65;7,51;9;8,5;9;9,5;8,57;10;6;0;2024;8,38;Cursando
RA-94;6;L;Aluno-94;17;Feminino;2021;Privada;Topázio;8,64;10;9,67;6,26;8;7;7;10;8,2;10;6;0;2024;8,38;Cursando
RA-81;6;L;Aluno-81;16;Feminino;2021;Privada;Topázio;8,26;9,17;9,33;6,26;7,5;9;6,5;7;7,8;10;6;0;2024;7,88;Cursando
RA-1630;6;L;Aluno-1630;16;Masculino;2024;Privada;Topázio;8,58;8,33;9,83;7,51;7,33;9;9;4;8,7;10;6;0;2024;8,25;Cursando
RA-171;6;L;Aluno-171;18;Masculino;2022;Pública;Ametista;7,33;7,5;7,83;5,64;8,33;7;8;10;7,6;5;7;-1;2024;7,62;Cursando
RA-1220;6;L;Aluno-1220;18;Feminino;2023;Outros;Ametista;7,14;7,08;8,56;6,88;7,67;9;7;7;6,26;5;7;-1;2024;7,5;Cursando
RA-1631;6;L;Aluno-1631;17;Masculino;2024;Privada;Topázio;8,19;9,59;10;7,51;7,17;5;6,5;10;8,47;5;7;-1;2024;8,5;Cursando
RA-1632;6;L;Aluno-1632;16;Masculino;2024;Pública;Topázio;8,39;9,17;10;7,51;6,67;9;6;5;8,07;10;6;0;2024;7,75;Cursando
RA-1210;6;L;Aluno-1210;17;Feminino;2023;Pública;Topázio;8,23;9,59;10;7,51;5,5;5;6,5;5;8,17;10;6;0;2024;7,88;Cursando
RA-175;6;L;Aluno-175;17;Feminino;2021;Privada;Topázio;8,02;10;9,47;6,26;8,5;9,5;6,5;9,5;7,77;5;7;-1;2024;7,5;Cursando
RA-80;7;A;Aluno-80;18;Feminino;2021;Privada;Topázio;8,13;8,75;7,9;8,13;7;5;6;10;7,95;10;7;0;2024;8,75;Cursando
RA-40;7;A;Aluno-40;18;Feminino;2021;Privada;Ametista;7,1;7,08;7,21;8,13;5,33;3,5;6;6,5;6,28;10;7;0;2024;8,12;Cursando
RA-1214;7;A;Aluno-1214;17;Masculino;2023;Pública;Topázio;8,59;10;9,08;8,13;8;8;6;10;7,66;10;7;0;2024;8,28;Cursando
RA-92;7;A;Aluno-92;18;Feminino;2021;Privada;Topázio;8,05;10;8,77;7,51;7,5;8;5;9,5;6,33;10;7;0;2024;7,81;Cursando
RA-45;7;A;Aluno-45;17;Feminino;2021;Privada;Topázio;8,74;7,5;9,62;9,38;8;7,5;7;9,5;8,28;10;7;0;2024;8,75;Cursando
RA-56;7;A;Aluno-56;17;Feminino;2021;Privada;Topázio;9,08;10;9,27;10;7,67;8;6;9;9,23;10;7;0;2024;8,44;Cursando
RA-57;7;A;Aluno-57;18;Masculino;2021;Privada;Ametista;7,42;9,59;6,01;6,88;6,17;6;6,5;6;7,39;10;7;0;2024;8,59;Cursando
RA-58;7;A;Aluno-58;17;Masculino;2021;Privada;Topázio;8,77;9,59;9,82;7,51;7,33;8;6,5;7,5;8,62;10;7;0;2024;9,06;Cursando
RA-78;7;A;Aluno-78;19;Feminino;2021;Privada;Topázio;8,18;8,75;8,03;8,76;7,5;6,5;6;10;7,39;10;7;0;2024;8,44;Cursando
RA-87;7;A;Aluno-87;17;Masculino;2021;Privada;Topázio;9,44;8,75;9,65;9,38;9,17;10;7,5;10;9,62;10;6;1;2024;9,38;Cursando
RA-64;7;A;Aluno-64;18;Feminino;2021;Privada;Topázio;8,74;10;8,98;8,14;8,17;8;6,5;10;8,28;10;7;0;2024;8,44;Cursando
RA-48;7;A;Aluno-48;17;Feminino;2021;Privada;Topázio;8,4;7,92;8,34;9,38;7,5;6,5;6;10;8,23;10;7;0;2024;8,59;Cursando
RA-1230;7;E;Aluno-1230;17;Feminino;2021;Privada;Quartzo;4,76;7,92;0;7,2;0;0;0;;7,5;10;7;0;2024;7,5;Cursando
RA-90;7;E;Aluno-90;15;Feminino;2021;Privada;Topázio;8,35;10;9;6,88;8,07;7,7;8,3;8,2;7,5;10;5;2;2024;7,5;Cursando
RA-269;7;E;Aluno-269;15;Masculino;2022;Privada;Topázio;8,48;9,17;9,6;7,5;8,2;8,1;8,6;7,9;7,5;10;5;2;2024;7,5;Cursando
RA-270;7;E;Aluno-270;15;Feminino;2021;Privada;Quartzo;4,79;9,17;0;6,26;0;0;0;;7,5;10;5;2;2024;7,5;Cursando
RA-76;7;E;Aluno-76;16;Feminino;2021;Privada;Topázio;8,15;10;9;6,88;7,07;7,3;7,8;6,1;7,5;10;5;2;2024;7,5;Cursando
RA-153;7;E;Aluno-153;16;Feminino;2021;Privada;Quartzo;4,78;8,75;0;6,57;0;0;0;;7,5;10;5;2;2024;7,5;Cursando
RA-1226;7;E;Aluno-1226;17;Feminino;2021;Privada;Ametista;7,79;8,33;9;6,88;6,07;6;6,2;6;7,5;10;7;0;2024;7,5;Cursando
RA-93;7;E;Aluno-93;17;Feminino;2021;Privada;Topázio;8,28;9,17;9,93;6,26;7,48;6,75;7,2;8,5;7,5;10;6;1;2024;7,5;Cursando
RA-119;7;E;Aluno-119;16;Feminino;2021;Privada;Topázio;8,09;7,08;9,98;6,57;7,37;6,05;7,5;8,55;7,5;10;6;1;2024;7,5;Cursando
RA-241;7;E;Aluno-241;16;Masculino;2021;Privada;Topázio;8,31;10;9,89;7,2;6,82;6,15;7,2;7,1;7,5;10;5;2;2024;7,5;Cursando
RA-242;7;E;Aluno-242;15;Masculino;2021;Privada;Topázio;8,29;9,59;9,62;6,26;7,65;8,05;8,05;6,85;7,5;10;5;2;2024;7,5;Cursando
RA-52;7;E;Aluno-52;15;Masculino;2021;Privada;Topázio;8,14;8,75;9,44;6,88;7,22;6,8;8,85;6;7,5;10;5;2;2024;7,5;Cursando
RA-1227;7;E;Aluno-1227;17;Feminino;2021;Privada;Quartzo;4,84;8,75;0;7,2;0;0;0;;7,5;10;7;0;2024;7,5;Cursando
RA-245;7;E;Aluno-245;16;Masculino;2021;Privada;Topázio;8,45;9,17;9,95;6,88;8,03;8,4;7,6;8,1;7,5;10;5;2;2024;7,5;Cursando
RA-246;7;E;Aluno-246;15;Masculino;2022;Privada;Quartzo;4,74;8,33;0;6,57;0;0;0;;7,5;10;5;2;2024;7,5;Cursando
RA-1228;7;E;Aluno-1228;18;Feminino;2021;Privada;Quartzo;4,88;8,75;0;7,51;0;0;0;;7,5;10;7;0;2024;7,5;Cursando
RA-1229;7;E;Aluno-1229;17;Feminino;2021;Privada;Quartzo;4,82;9,17;0;6,57;0;0;0;;7,5;10;7;0;2024;7,5;Cursando
RA-98;7;E;Aluno-98;16;Feminino;2021;Privada;Topázio;8,62;9,59;9,55;7,2;8,9;9,2;8,9;8,6;7,5;10;6;1;2024;7,5;Cursando
RA-277;7;E;Aluno-277;16;Masculino;2021;Privada;Topázio;8,07;8,33;9,74;6,57;6,9;6,5;8,15;6,05;7,5;10;5;2;2024;7,5;Cursando
RA-172;7;E;Aluno-172;16;Feminino;2021;Privada;Topázio;8,13;8,75;9,8;6,57;6,93;6,7;7,7;6,4;7,5;10;6;1;2024;7,5;Cursando
RA-291;7;E;Aluno-291;15;Masculino;2022;Privada;Ametista;7,93;8,75;9,74;6,26;6,17;6;6,5;6;7,5;10;5;2;2024;7,5;Cursando
RA-86;7;E;Aluno-86;18;Masculino;2021;Privada;Ametista;7,61;6,67;9,7;6,57;5,48;6,35;6,3;3,8;7,5;10;7;0;2024;7,5;Cursando
RA-143;7;E;Aluno-143;15;Masculino;2021;Privada;Ametista;7,45;10;9,92;6,88;2,63;0;0;7,9;7,5;10;5;2;2024;7,5;Cursando
RA-166;7;E;Aluno-166;16;Masculino;2021;Privada;Topázio;8,24;8,33;9,25;6,57;8,27;8,2;7,8;8,8;7,5;10;6;1;2024;7,5;Cursando
RA-191;7;E;Aluno-191;15;Masculino;2021;Privada;Ametista;7,79;7,5;9,57;5,94;6,4;6;6,9;6,3;7,5;10;5;2;2024;7,5;Cursando
